#
# There is insufficient memory for the Java Runtime Environment to continue.
# Native memory allocation (malloc) failed to allocate 88016 bytes for Chunk::new
# Possible reasons:
#   The system is out of physical RAM or swap space
#   The process is running with CompressedOops enabled, and the Java Heap may be blocking the growth of the native heap
# Possible solutions:
#   Reduce memory load on the system
#   Increase physical memory or swap space
#   Check if swap backing store is full
#   Decrease Java heap size (-Xmx/-Xms)
#   Decrease number of Java threads
#   Decrease Java thread stack sizes (-Xss)
#   Set larger code cache with -XX:ReservedCodeCacheSize=
#   JVM is running with Unscaled Compressed Oops mode in which the Java heap is
#     placed in the first 4GB address space. The Java Heap base address is the
#     maximum limit for the native heap growth. Please use -XX:HeapBaseMinAddress
#     to set the Java Heap base and to place the Java Heap above 4GB virtual address.
# This output file may be truncated or incomplete.
#
#  Out of Memory Error (arena.cpp:189), pid=18776, tid=12588
#
# JRE version: OpenJDK Runtime Environment (17.0.7) (build 17.0.7+0-b2043.56-10550314)
# Java VM: OpenJDK 64-Bit Server VM (17.0.7+0-b2043.56-10550314, mixed mode, tiered, compressed oops, compressed class ptrs, g1 gc, windows-amd64)
# No core dump will be written. Minidumps are not enabled by default on client versions of Windows
#

---------------  S U M M A R Y ------------

Command Line: --add-opens=java.base/java.util=ALL-UNNAMED --add-opens=java.base/java.lang=ALL-UNNAMED --add-opens=java.base/java.lang.invoke=ALL-UNNAMED --add-opens=java.prefs/java.util.prefs=ALL-UNNAMED --add-exports=jdk.compiler/com.sun.tools.javac.api=ALL-UNNAMED --add-exports=jdk.compiler/com.sun.tools.javac.util=ALL-UNNAMED --add-opens=java.base/java.nio.charset=ALL-UNNAMED --add-opens=java.base/java.net=ALL-UNNAMED --add-opens=java.base/java.util.concurrent.atomic=ALL-UNNAMED -Xmx2048m -Dfile.encoding=UTF-8 -Duser.country=BR -Duser.language=pt -Duser.variant -javaagent:C:\Users\lab03pc01\.gradle\wrapper\dists\gradle-8.9-bin\90cnw93cvbtalezasaz0blq0a\gradle-8.9\lib\agents\gradle-instrumentation-agent-8.9.jar org.gradle.launcher.daemon.bootstrap.GradleDaemon 8.9

Host: AMD Ryzen 5 PRO 4650G with Radeon Graphics, 12 cores, 15G,  Windows 11 , 64 bit Build 26100 (10.0.26100.9444)
Time: Tue Sep 29 08:47:07 2026 Hora oficial do Brasil elapsed time: 32.422309 seconds (0d 0h 0m 32s)

---------------  T H R E A D  ---------------

Current thread (0x000001503ed5f140):  JavaThread "C2 CompilerThread1" daemon [_thread_in_native, id=12588, stack(0x00000009d3a00000,0x00000009d3b00000)]


Current CompileTask:
C2:  32422 10603       4       kotlinx.metadata.internal.protobuf.CodedInputStream::readMessage (74 bytes)

Stack: [0x00000009d3a00000,0x00000009d3b00000]
Native frames: (J=compiled Java code, j=interpreted, Vv=VM code, C=native code)
V  [jvm.dll+0x683bfa]
V  [jvm.dll+0x8430a4]
V  [jvm.dll+0x8449be]
V  [jvm.dll+0x845023]
V  [jvm.dll+0x24ad2f]
V  [jvm.dll+0xac25c]
V  [jvm.dll+0xac82c]
V  [jvm.dll+0x36a187]
V  [jvm.dll+0x334821]
V  [jvm.dll+0x333cca]
V  [jvm.dll+0x21d251]
V  [jvm.dll+0x21c671]
V  [jvm.dll+0x1a605d]
V  [jvm.dll+0x22c148]
V  [jvm.dll+0x22a209]
V  [jvm.dll+0x7f858c]
V  [jvm.dll+0x7f2aea]
V  [jvm.dll+0x682a35]
C  [ucrtbase.dll+0x2cd30]
C  [KERNEL32.DLL+0x2cd87]
C  [ntdll.dll+0xacaec]


---------------  P R O C E S S  ---------------

Threads class SMR info:
_java_thread_list=0x000001503e69ca30, length=65, elements={
0x0000015018e047c0, 0x0000015034a77940, 0x0000015034a789a0, 0x0000015034e8d2c0,
0x0000015034e8fb90, 0x0000015034e90450, 0x0000015034e90d10, 0x0000015034e91900,
0x0000015034e929a0, 0x0000015034e95a50, 0x0000015034e41410, 0x0000015035476b40,
0x000001503b354540, 0x000001503b5c0c50, 0x000001503b5b51f0, 0x000001503b423210,
0x000001503b3de480, 0x000001503b47df30, 0x000001503b4a54e0, 0x000001503b776230,
0x000001503b7783e0, 0x000001503b775890, 0x000001503b7753c0, 0x000001503b775d60,
0x000001503b777a40, 0x000001503b774ef0, 0x000001503b7788b0, 0x000001503b7770a0,
0x000001503b777570, 0x000001503d6e1830, 0x000001503d6e4380, 0x000001503d6e21d0,
0x000001503d6e26a0, 0x000001503d6e3040, 0x000001503d6e2b70, 0x000001503d6e1360,
0x000001503d6e4850, 0x000001503d6e3510, 0x000001503d6e3eb0, 0x000001503d6e39e0,
0x000001503d6e1d00, 0x000001503d6e86e0, 0x000001503d6e4d20, 0x000001503d6e73a0,
0x000001503d6e7870, 0x000001503d6e6a00, 0x000001503d6e56c0, 0x000001503d6e6530,
0x000001503d6e6ed0, 0x000001503ec82f10, 0x000001503ec7fa20, 0x000001503ec820a0,
0x000001503ec82570, 0x000001503ec81230, 0x000001503ec82a40, 0x000001503ec80d60,
0x000001503ec81bd0, 0x000001503ec7f550, 0x000001503ec833e0, 0x000001503ec838b0,
0x000001503ec7fef0, 0x000001503ec83d80, 0x000001503ec803c0, 0x000001503ec850c0,
0x000001503ed5f140
}

Java Threads: ( => current thread )
  0x0000015018e047c0 JavaThread "main" [_thread_blocked, id=3504, stack(0x00000009cff00000,0x00000009d0000000)]
  0x0000015034a77940 JavaThread "Reference Handler" daemon [_thread_blocked, id=13860, stack(0x00000009d0600000,0x00000009d0700000)]
  0x0000015034a789a0 JavaThread "Finalizer" daemon [_thread_blocked, id=4676, stack(0x00000009d0700000,0x00000009d0800000)]
  0x0000015034e8d2c0 JavaThread "Signal Dispatcher" daemon [_thread_blocked, id=19072, stack(0x00000009d0800000,0x00000009d0900000)]
  0x0000015034e8fb90 JavaThread "Attach Listener" daemon [_thread_blocked, id=17708, stack(0x00000009d0900000,0x00000009d0a00000)]
  0x0000015034e90450 JavaThread "Service Thread" daemon [_thread_blocked, id=3912, stack(0x00000009d0a00000,0x00000009d0b00000)]
  0x0000015034e90d10 JavaThread "Monitor Deflation Thread" daemon [_thread_blocked, id=18208, stack(0x00000009d0b00000,0x00000009d0c00000)]
  0x0000015034e91900 JavaThread "C2 CompilerThread0" daemon [_thread_in_native, id=10476, stack(0x00000009d0c00000,0x00000009d0d00000)]
  0x0000015034e929a0 JavaThread "C1 CompilerThread0" daemon [_thread_in_vm, id=17820, stack(0x00000009d0d00000,0x00000009d0e00000)]
  0x0000015034e95a50 JavaThread "Sweeper thread" daemon [_thread_blocked, id=11024, stack(0x00000009d0e00000,0x00000009d0f00000)]
  0x0000015034e41410 JavaThread "Common-Cleaner" daemon [_thread_blocked, id=10308, stack(0x00000009d0f00000,0x00000009d1000000)]
  0x0000015035476b40 JavaThread "Notification Thread" daemon [_thread_blocked, id=15420, stack(0x00000009d1000000,0x00000009d1100000)]
  0x000001503b354540 JavaThread "Daemon health stats" [_thread_blocked, id=17652, stack(0x00000009d1300000,0x00000009d1400000)]
  0x000001503b5c0c50 JavaThread "Incoming local TCP Connector on port 50783" [_thread_in_native, id=6984, stack(0x00000009d1800000,0x00000009d1900000)]
  0x000001503b5b51f0 JavaThread "Daemon periodic checks" [_thread_blocked, id=18400, stack(0x00000009d1900000,0x00000009d1a00000)]
  0x000001503b423210 JavaThread "Daemon" [_thread_blocked, id=2320, stack(0x00000009d1a00000,0x00000009d1b00000)]
  0x000001503b3de480 JavaThread "Handler for socket connection from /127.0.0.1:50783 to /127.0.0.1:50784" [_thread_in_native, id=13872, stack(0x00000009d1b00000,0x00000009d1c00000)]
  0x000001503b47df30 JavaThread "Cancel handler" [_thread_blocked, id=8800, stack(0x00000009d1c00000,0x00000009d1d00000)]
  0x000001503b4a54e0 JavaThread "Daemon worker" [_thread_in_vm, id=19284, stack(0x00000009d1d00000,0x00000009d1e00000)]
  0x000001503b776230 JavaThread "Asynchronous log dispatcher for DefaultDaemonConnection: socket connection from /127.0.0.1:50783 to /127.0.0.1:50784" [_thread_blocked, id=16540, stack(0x00000009d1e00000,0x00000009d1f00000)]
  0x000001503b7783e0 JavaThread "Stdin handler" [_thread_blocked, id=16796, stack(0x00000009d1f00000,0x00000009d2000000)]
  0x000001503b775890 JavaThread "Daemon client event forwarder" [_thread_blocked, id=9260, stack(0x00000009d2000000,0x00000009d2100000)]
  0x000001503b7753c0 JavaThread "Cache worker for journal cache (C:\Users\lab03pc01\.gradle\caches\journal-1)" [_thread_blocked, id=11744, stack(0x00000009d1200000,0x00000009d1300000)]
  0x000001503b775d60 JavaThread "File lock request listener" [_thread_in_native, id=18520, stack(0x00000009d2800000,0x00000009d2900000)]
  0x000001503b777a40 JavaThread "Cache worker for file hash cache (C:\Users\lab03pc01\.gradle\caches\8.9\fileHashes)" [_thread_blocked, id=9476, stack(0x00000009d2900000,0x00000009d2a00000)]
  0x000001503b774ef0 JavaThread "Cache worker for file hash cache (C:\Users\lab03pc01\StudioProjects\MasterPokedex\.gradle\8.9\fileHashes)" [_thread_blocked, id=18276, stack(0x00000009d2c00000,0x00000009d2d00000)]
  0x000001503b7788b0 JavaThread "Cache worker for Build Output Cleanup Cache (C:\Users\lab03pc01\StudioProjects\MasterPokedex\.gradle\buildOutputCleanup)" [_thread_blocked, id=16152, stack(0x00000009d2d00000,0x00000009d2e00000)]
  0x000001503b7770a0 JavaThread "File watcher server" daemon [_thread_in_native, id=7776, stack(0x00000009d2e00000,0x00000009d2f00000)]
  0x000001503b777570 JavaThread "File watcher consumer" daemon [_thread_blocked, id=1772, stack(0x00000009d2f00000,0x00000009d3000000)]
  0x000001503d6e1830 JavaThread "jar transforms" [_thread_blocked, id=5068, stack(0x00000009d2a00000,0x00000009d2b00000)]
  0x000001503d6e4380 JavaThread "jar transforms Thread 2" [_thread_blocked, id=8676, stack(0x00000009d2b00000,0x00000009d2c00000)]
  0x000001503d6e21d0 JavaThread "jar transforms Thread 3" [_thread_blocked, id=19320, stack(0x00000009d3000000,0x00000009d3100000)]
  0x000001503d6e26a0 JavaThread "jar transforms Thread 4" [_thread_blocked, id=4292, stack(0x00000009d3100000,0x00000009d3200000)]
  0x000001503d6e3040 JavaThread "jar transforms Thread 5" [_thread_blocked, id=15932, stack(0x00000009d3200000,0x00000009d3300000)]
  0x000001503d6e2b70 JavaThread "jar transforms Thread 6" [_thread_blocked, id=12648, stack(0x00000009d3300000,0x00000009d3400000)]
  0x000001503d6e1360 JavaThread "jar transforms Thread 7" [_thread_blocked, id=5720, stack(0x00000009d3400000,0x00000009d3500000)]
  0x000001503d6e4850 JavaThread "jar transforms Thread 8" [_thread_blocked, id=6308, stack(0x00000009d3500000,0x00000009d3600000)]
  0x000001503d6e3510 JavaThread "jar transforms Thread 9" [_thread_blocked, id=2724, stack(0x00000009d3600000,0x00000009d3700000)]
  0x000001503d6e3eb0 JavaThread "jar transforms Thread 10" [_thread_blocked, id=11932, stack(0x00000009d3700000,0x00000009d3800000)]
  0x000001503d6e39e0 JavaThread "jar transforms Thread 11" [_thread_blocked, id=13552, stack(0x00000009d3800000,0x00000009d3900000)]
  0x000001503d6e1d00 JavaThread "jar transforms Thread 12" [_thread_blocked, id=12584, stack(0x00000009d3900000,0x00000009d3a00000)]
  0x000001503d6e86e0 JavaThread "Cache worker for checksums cache (C:\Users\lab03pc01\StudioProjects\MasterPokedex\.gradle\8.9\checksums)" [_thread_blocked, id=17896, stack(0x00000009d3c00000,0x00000009d3d00000)]
  0x000001503d6e4d20 JavaThread "Cache worker for file content cache (C:\Users\lab03pc01\.gradle\caches\8.9\fileContent)" [_thread_blocked, id=16372, stack(0x00000009d3d00000,0x00000009d3e00000)]
  0x000001503d6e73a0 JavaThread "Cache worker for cache directory md-rule (C:\Users\lab03pc01\.gradle\caches\8.9\md-rule)" [_thread_blocked, id=18116, stack(0x00000009d3e00000,0x00000009d3f00000)]
  0x000001503d6e7870 JavaThread "Cache worker for cache directory md-supplier (C:\Users\lab03pc01\.gradle\caches\8.9\md-supplier)" [_thread_blocked, id=14084, stack(0x00000009d3f00000,0x00000009d4000000)]
  0x000001503d6e6a00 JavaThread "Unconstrained build operations" [_thread_blocked, id=14088, stack(0x00000009d4000000,0x00000009d4100000)]
  0x000001503d6e56c0 JavaThread "Unconstrained build operations Thread 2" [_thread_blocked, id=19000, stack(0x00000009d4100000,0x00000009d4200000)]
  0x000001503d6e6530 JavaThread "Unconstrained build operations Thread 3" [_thread_blocked, id=7376, stack(0x00000009d4200000,0x00000009d4300000)]
  0x000001503d6e6ed0 JavaThread "Unconstrained build operations Thread 4" [_thread_blocked, id=9612, stack(0x00000009d4300000,0x00000009d4400000)]
  0x000001503ec82f10 JavaThread "Unconstrained build operations Thread 5" [_thread_blocked, id=7020, stack(0x00000009d3b00000,0x00000009d3c00000)]
  0x000001503ec7fa20 JavaThread "Unconstrained build operations Thread 6" [_thread_blocked, id=15108, stack(0x00000009d4600000,0x00000009d4700000)]
  0x000001503ec820a0 JavaThread "Unconstrained build operations Thread 7" [_thread_blocked, id=12184, stack(0x00000009d4700000,0x00000009d4800000)]
  0x000001503ec82570 JavaThread "Unconstrained build operations Thread 8" [_thread_blocked, id=12252, stack(0x00000009d4800000,0x00000009d4900000)]
  0x000001503ec81230 JavaThread "Unconstrained build operations Thread 9" [_thread_blocked, id=6752, stack(0x00000009d4900000,0x00000009d4a00000)]
  0x000001503ec82a40 JavaThread "Unconstrained build operations Thread 10" [_thread_blocked, id=9532, stack(0x00000009d4a00000,0x00000009d4b00000)]
  0x000001503ec80d60 JavaThread "Unconstrained build operations Thread 11" [_thread_blocked, id=11604, stack(0x00000009d4b00000,0x00000009d4c00000)]
  0x000001503ec81bd0 JavaThread "Unconstrained build operations Thread 12" [_thread_blocked, id=18736, stack(0x00000009d4c00000,0x00000009d4d00000)]
  0x000001503ec7f550 JavaThread "Unconstrained build operations Thread 13" [_thread_blocked, id=11104, stack(0x00000009d4d00000,0x00000009d4e00000)]
  0x000001503ec833e0 JavaThread "Unconstrained build operations Thread 14" [_thread_blocked, id=15728, stack(0x00000009d4e00000,0x00000009d4f00000)]
  0x000001503ec838b0 JavaThread "Unconstrained build operations Thread 15" [_thread_blocked, id=14484, stack(0x00000009d4f00000,0x00000009d5000000)]
  0x000001503ec7fef0 JavaThread "Unconstrained build operations Thread 16" [_thread_blocked, id=9500, stack(0x00000009d5000000,0x00000009d5100000)]
  0x000001503ec83d80 JavaThread "Unconstrained build operations Thread 17" [_thread_blocked, id=9268, stack(0x00000009d5100000,0x00000009d5200000)]
  0x000001503ec803c0 JavaThread "Unconstrained build operations Thread 18" [_thread_blocked, id=19240, stack(0x00000009d5200000,0x00000009d5300000)]
  0x000001503ec850c0 JavaThread "Unconstrained build operations Thread 19" [_thread_blocked, id=9620, stack(0x00000009d5300000,0x00000009d5400000)]
=>0x000001503ed5f140 JavaThread "C2 CompilerThread1" daemon [_thread_in_native, id=12588, stack(0x00000009d3a00000,0x00000009d3b00000)]

Other Threads:
  0x0000015034a73c50 VMThread "VM Thread" [stack: 0x00000009d0500000,0x00000009d0600000] [id=8848]
  0x0000015018e7cf30 WatcherThread [stack: 0x00000009d1100000,0x00000009d1200000] [id=3208]
  0x0000015018a0e820 GCTaskThread "GC Thread#0" [stack: 0x00000009d0000000,0x00000009d0100000] [id=13516]
  0x00000150354355e0 GCTaskThread "GC Thread#1" [stack: 0x00000009d1400000,0x00000009d1500000] [id=18552]
  0x0000015035434310 GCTaskThread "GC Thread#2" [stack: 0x00000009d1500000,0x00000009d1600000] [id=1524]
  0x0000015035435890 GCTaskThread "GC Thread#3" [stack: 0x00000009d1600000,0x00000009d1700000] [id=17320]
  0x00000150354345c0 GCTaskThread "GC Thread#4" [stack: 0x00000009d1700000,0x00000009d1800000] [id=16700]
  0x0000015035434870 GCTaskThread "GC Thread#5" [stack: 0x00000009d2100000,0x00000009d2200000] [id=3360]
  0x0000015035434b20 GCTaskThread "GC Thread#6" [stack: 0x00000009d2200000,0x00000009d2300000] [id=17600]
  0x0000015035435080 GCTaskThread "GC Thread#7" [stack: 0x00000009d2300000,0x00000009d2400000] [id=11412]
  0x0000015035435b40 GCTaskThread "GC Thread#8" [stack: 0x00000009d2400000,0x00000009d2500000] [id=18308]
  0x000001503b698040 GCTaskThread "GC Thread#9" [stack: 0x00000009d2500000,0x00000009d2600000] [id=12996]
  0x0000015018e6ec00 ConcurrentGCThread "G1 Main Marker" [stack: 0x00000009d0100000,0x00000009d0200000] [id=3232]
  0x0000015018e701f0 ConcurrentGCThread "G1 Conc#0" [stack: 0x00000009d0200000,0x00000009d0300000] [id=2272]
  0x000001503b696810 ConcurrentGCThread "G1 Conc#1" [stack: 0x00000009d2600000,0x00000009d2700000] [id=1676]
  0x000001503b699310 ConcurrentGCThread "G1 Conc#2" [stack: 0x00000009d2700000,0x00000009d2800000] [id=16584]
  0x0000015018ebd8c0 ConcurrentGCThread "G1 Refine#0" [stack: 0x00000009d0300000,0x00000009d0400000] [id=16080]
  0x000001503e779230 ConcurrentGCThread "G1 Refine#1" [stack: 0x00000009d4400000,0x00000009d4500000] [id=5560]
  0x000001503d3f8410 ConcurrentGCThread "G1 Refine#2" [stack: 0x00000009d4500000,0x00000009d4600000] [id=16908]
  0x000001503e46ec90 ConcurrentGCThread "G1 Refine#3" [stack: 0x00000009d5400000,0x00000009d5500000] [id=19056]
  0x000001503ec111a0 ConcurrentGCThread "G1 Refine#4" [stack: 0x00000009d5500000,0x00000009d5600000] [id=3796]
  0x000001503f0da6c0 ConcurrentGCThread "G1 Refine#5" [stack: 0x00000009d5600000,0x00000009d5700000] [id=8224]
  0x000001503f570690 ConcurrentGCThread "G1 Refine#6" [stack: 0x00000009d5700000,0x00000009d5800000] [id=18164]
  0x000001503e779510 ConcurrentGCThread "G1 Refine#7" [stack: 0x00000009d5800000,0x00000009d5900000] [id=18444]
  0x000001503dfe1d00 ConcurrentGCThread "G1 Refine#8" [stack: 0x00000009d5900000,0x00000009d5a00000] [id=17724]
  0x00000150349534a0 ConcurrentGCThread "G1 Service" [stack: 0x00000009d0400000,0x00000009d0500000] [id=11792]

Threads with active compile tasks:
C2 CompilerThread0    32507 10605       4       kotlinx.metadata.internal.metadata.jvm.deserialization.JvmNameResolverBase::getString (450 bytes)
C1 CompilerThread0    32508 10613       3       kotlinx.metadata.internal.metadata.jvm.deserialization.JvmProtoBufUtil::getJvmMethodSignature (439 bytes)
C2 CompilerThread1    32508 10603       4       kotlinx.metadata.internal.protobuf.CodedInputStream::readMessage (74 bytes)

VM state: not at safepoint (normal execution)

VM Mutex/Monitor currently owned by a thread:  ([mutex/lock_event])
[0x00000150189d5ef0] Metaspace_lock - owner thread: 0x000001503b4a54e0
[0x0000015018e00da0] MethodData_lock - owner thread: 0x0000015034e929a0

Heap address: 0x0000000080000000, size: 2048 MB, Compressed Oops mode: 32-bit

CDS archive(s) not mapped
Compressed class space mapped at: 0x0000000100000000-0x0000000140000000, reserved size: 1073741824
Narrow klass base: 0x0000000000000000, Narrow klass shift: 3, Narrow klass range: 0x140000000

GC Precious Log:
 CPUs: 12 total, 12 available
 Memory: 15741M
 Large Page Support: Disabled
 NUMA Support: Disabled
 Compressed Oops: Enabled (32-bit)
 Heap Region Size: 1M
 Heap Min Capacity: 8M
 Heap Initial Capacity: 246M
 Heap Max Capacity: 2G
 Pre-touch: Disabled
 Parallel Workers: 10
 Concurrent Workers: 3
 Concurrent Refinement Workers: 10
 Periodic GC: Disabled

Heap:
 garbage-first heap   total 475136K, used 219675K [0x0000000080000000, 0x0000000100000000)
  region size 1024K, 51 young (52224K), 9 survivors (9216K)
 Metaspace       used 66575K, committed 67136K, reserved 1114112K
  class space    used 8773K, committed 9024K, reserved 1048576K

Heap Regions: E=young(eden), S=young(survivor), O=old, HS=humongous(starts), HC=humongous(continues), CS=collection set, F=free, OA=open archive, CA=closed archive, TAMS=top-at-mark-start (previous, next)
|   0|0x0000000080000000, 0x0000000080100000, 0x0000000080100000|100%|HS|  |TAMS 0x0000000080100000, 0x0000000080000000| Complete 
|   1|0x0000000080100000, 0x0000000080200000, 0x0000000080200000|100%|HC|  |TAMS 0x0000000080200000, 0x0000000080100000| Complete 
|   2|0x0000000080200000, 0x0000000080300000, 0x0000000080300000|100%|HC|  |TAMS 0x0000000080300000, 0x0000000080200000| Complete 
|   3|0x0000000080300000, 0x0000000080400000, 0x0000000080400000|100%|HC|  |TAMS 0x0000000080400000, 0x0000000080300000| Complete 
|   4|0x0000000080400000, 0x0000000080500000, 0x0000000080500000|100%| O|  |TAMS 0x0000000080500000, 0x0000000080400000| Untracked 
|   5|0x0000000080500000, 0x0000000080600000, 0x0000000080600000|100%| O|  |TAMS 0x0000000080600000, 0x0000000080500000| Untracked 
|   6|0x0000000080600000, 0x0000000080700000, 0x0000000080700000|100%| O|  |TAMS 0x0000000080700000, 0x0000000080600000| Untracked 
|   7|0x0000000080700000, 0x0000000080800000, 0x0000000080800000|100%| O|  |TAMS 0x0000000080800000, 0x0000000080700000| Untracked 
|   8|0x0000000080800000, 0x0000000080900000, 0x0000000080900000|100%| O|  |TAMS 0x0000000080900000, 0x0000000080800000| Untracked 
|   9|0x0000000080900000, 0x0000000080a00000, 0x0000000080a00000|100%| O|  |TAMS 0x0000000080a00000, 0x0000000080900000| Untracked 
|  10|0x0000000080a00000, 0x0000000080b00000, 0x0000000080b00000|100%| O|  |TAMS 0x0000000080b00000, 0x0000000080a00000| Untracked 
|  11|0x0000000080b00000, 0x0000000080c00000, 0x0000000080c00000|100%|HS|  |TAMS 0x0000000080c00000, 0x0000000080b00000| Complete 
|  12|0x0000000080c00000, 0x0000000080d00000, 0x0000000080d00000|100%| O|  |TAMS 0x0000000080d00000, 0x0000000080c00000| Untracked 
|  13|0x0000000080d00000, 0x0000000080e00000, 0x0000000080e00000|100%| O|  |TAMS 0x0000000080e00000, 0x0000000080d00000| Untracked 
|  14|0x0000000080e00000, 0x0000000080f00000, 0x0000000080f00000|100%| O|  |TAMS 0x0000000080f00000, 0x0000000080e00000| Untracked 
|  15|0x0000000080f00000, 0x0000000081000000, 0x0000000081000000|100%| O|  |TAMS 0x0000000081000000, 0x0000000080f00000| Untracked 
|  16|0x0000000081000000, 0x0000000081100000, 0x0000000081100000|100%| O|  |TAMS 0x0000000081100000, 0x0000000081000000| Untracked 
|  17|0x0000000081100000, 0x0000000081200000, 0x0000000081200000|100%| O|  |TAMS 0x0000000081200000, 0x0000000081100000| Untracked 
|  18|0x0000000081200000, 0x0000000081300000, 0x0000000081300000|100%| O|  |TAMS 0x0000000081300000, 0x0000000081200000| Untracked 
|  19|0x0000000081300000, 0x0000000081400000, 0x0000000081400000|100%| O|  |TAMS 0x0000000081400000, 0x0000000081300000| Untracked 
|  20|0x0000000081400000, 0x0000000081500000, 0x0000000081500000|100%| O|  |TAMS 0x0000000081500000, 0x0000000081400000| Untracked 
|  21|0x0000000081500000, 0x0000000081600000, 0x0000000081600000|100%|HS|  |TAMS 0x0000000081600000, 0x0000000081500000| Complete 
|  22|0x0000000081600000, 0x0000000081700000, 0x0000000081700000|100%|HC|  |TAMS 0x0000000081700000, 0x0000000081600000| Complete 
|  23|0x0000000081700000, 0x0000000081800000, 0x0000000081800000|100%|HS|  |TAMS 0x0000000081800000, 0x0000000081700000| Complete 
|  24|0x0000000081800000, 0x0000000081900000, 0x0000000081900000|100%|HC|  |TAMS 0x0000000081900000, 0x0000000081800000| Complete 
|  25|0x0000000081900000, 0x0000000081a00000, 0x0000000081a00000|100%|HC|  |TAMS 0x0000000081a00000, 0x0000000081900000| Complete 
|  26|0x0000000081a00000, 0x0000000081b00000, 0x0000000081b00000|100%|HS|  |TAMS 0x0000000081b00000, 0x0000000081a00000| Complete 
|  27|0x0000000081b00000, 0x0000000081c00000, 0x0000000081c00000|100%|HC|  |TAMS 0x0000000081c00000, 0x0000000081b00000| Complete 
|  28|0x0000000081c00000, 0x0000000081d00000, 0x0000000081d00000|100%| O|  |TAMS 0x0000000081d00000, 0x0000000081c00000| Untracked 
|  29|0x0000000081d00000, 0x0000000081e00000, 0x0000000081e00000|100%| O|  |TAMS 0x0000000081e00000, 0x0000000081d00000| Untracked 
|  30|0x0000000081e00000, 0x0000000081f00000, 0x0000000081f00000|100%|HS|  |TAMS 0x0000000081f00000, 0x0000000081e00000| Complete 
|  31|0x0000000081f00000, 0x0000000082000000, 0x0000000082000000|100%|HC|  |TAMS 0x0000000082000000, 0x0000000081f00000| Complete 
|  32|0x0000000082000000, 0x0000000082100000, 0x0000000082100000|100%|HC|  |TAMS 0x0000000082100000, 0x0000000082000000| Complete 
|  33|0x0000000082100000, 0x0000000082200000, 0x0000000082200000|100%|HC|  |TAMS 0x0000000082200000, 0x0000000082100000| Complete 
|  34|0x0000000082200000, 0x0000000082300000, 0x0000000082300000|100%|HC|  |TAMS 0x0000000082300000, 0x0000000082200000| Complete 
|  35|0x0000000082300000, 0x0000000082400000, 0x0000000082400000|100%|HC|  |TAMS 0x0000000082400000, 0x0000000082300000| Complete 
|  36|0x0000000082400000, 0x0000000082500000, 0x0000000082500000|100%|HC|  |TAMS 0x0000000082500000, 0x0000000082400000| Complete 
|  37|0x0000000082500000, 0x0000000082600000, 0x0000000082600000|100%|HC|  |TAMS 0x0000000082600000, 0x0000000082500000| Complete 
|  38|0x0000000082600000, 0x0000000082700000, 0x0000000082700000|100%|HC|  |TAMS 0x0000000082700000, 0x0000000082600000| Complete 
|  39|0x0000000082700000, 0x0000000082800000, 0x0000000082800000|100%|HC|  |TAMS 0x0000000082800000, 0x0000000082700000| Complete 
|  40|0x0000000082800000, 0x0000000082900000, 0x0000000082900000|100%|HC|  |TAMS 0x0000000082900000, 0x0000000082800000| Complete 
|  41|0x0000000082900000, 0x0000000082a00000, 0x0000000082a00000|100%|HC|  |TAMS 0x0000000082a00000, 0x0000000082900000| Complete 
|  42|0x0000000082a00000, 0x0000000082b00000, 0x0000000082b00000|100%| O|  |TAMS 0x0000000082b00000, 0x0000000082a00000| Untracked 
|  43|0x0000000082b00000, 0x0000000082c00000, 0x0000000082c00000|100%| O|  |TAMS 0x0000000082c00000, 0x0000000082b00000| Untracked 
|  44|0x0000000082c00000, 0x0000000082d00000, 0x0000000082d00000|100%| O|  |TAMS 0x0000000082d00000, 0x0000000082c00000| Untracked 
|  45|0x0000000082d00000, 0x0000000082e00000, 0x0000000082e00000|100%| O|  |TAMS 0x0000000082e00000, 0x0000000082d00000| Untracked 
|  46|0x0000000082e00000, 0x0000000082f00000, 0x0000000082f00000|100%| O|  |TAMS 0x0000000082f00000, 0x0000000082e00000| Untracked 
|  47|0x0000000082f00000, 0x0000000083000000, 0x0000000083000000|100%|HS|  |TAMS 0x0000000083000000, 0x0000000082f00000| Complete 
|  48|0x0000000083000000, 0x0000000083100000, 0x0000000083100000|100%|HC|  |TAMS 0x0000000083100000, 0x0000000083000000| Complete 
|  49|0x0000000083100000, 0x0000000083200000, 0x0000000083200000|100%| O|  |TAMS 0x0000000083200000, 0x0000000083100000| Untracked 
|  50|0x0000000083200000, 0x0000000083300000, 0x0000000083300000|100%| O|  |TAMS 0x0000000083300000, 0x0000000083200000| Untracked 
|  51|0x0000000083300000, 0x0000000083400000, 0x0000000083400000|100%| O|  |TAMS 0x0000000083400000, 0x0000000083300000| Untracked 
|  52|0x0000000083400000, 0x0000000083500000, 0x0000000083500000|100%| O|  |TAMS 0x0000000083500000, 0x0000000083400000| Untracked 
|  53|0x0000000083500000, 0x0000000083600000, 0x0000000083600000|100%| O|  |TAMS 0x0000000083600000, 0x0000000083500000| Untracked 
|  54|0x0000000083600000, 0x0000000083700000, 0x0000000083700000|100%| O|  |TAMS 0x0000000083700000, 0x0000000083600000| Untracked 
|  55|0x0000000083700000, 0x0000000083800000, 0x0000000083800000|100%| O|  |TAMS 0x0000000083800000, 0x0000000083700000| Untracked 
|  56|0x0000000083800000, 0x0000000083900000, 0x0000000083900000|100%| O|  |TAMS 0x0000000083900000, 0x0000000083800000| Untracked 
|  57|0x0000000083900000, 0x0000000083a00000, 0x0000000083a00000|100%| O|  |TAMS 0x0000000083a00000, 0x0000000083900000| Untracked 
|  58|0x0000000083a00000, 0x0000000083b00000, 0x0000000083b00000|100%| O|  |TAMS 0x0000000083b00000, 0x0000000083a00000| Untracked 
|  59|0x0000000083b00000, 0x0000000083c00000, 0x0000000083c00000|100%| O|  |TAMS 0x0000000083c00000, 0x0000000083b00000| Untracked 
|  60|0x0000000083c00000, 0x0000000083d00000, 0x0000000083d00000|100%| O|  |TAMS 0x0000000083d00000, 0x0000000083c00000| Untracked 
|  61|0x0000000083d00000, 0x0000000083e00000, 0x0000000083e00000|100%| O|  |TAMS 0x0000000083e00000, 0x0000000083d00000| Untracked 
|  62|0x0000000083e00000, 0x0000000083f00000, 0x0000000083f00000|100%| O|  |TAMS 0x0000000083f00000, 0x0000000083e00000| Untracked 
|  63|0x0000000083f00000, 0x0000000084000000, 0x0000000084000000|100%| O|  |TAMS 0x0000000084000000, 0x0000000083f00000| Untracked 
|  64|0x0000000084000000, 0x0000000084100000, 0x0000000084100000|100%| O|  |TAMS 0x0000000084100000, 0x0000000084000000| Untracked 
|  65|0x0000000084100000, 0x0000000084200000, 0x0000000084200000|100%| O|  |TAMS 0x0000000084200000, 0x0000000084100000| Untracked 
|  66|0x0000000084200000, 0x0000000084300000, 0x0000000084300000|100%| O|  |TAMS 0x0000000084300000, 0x0000000084200000| Untracked 
|  67|0x0000000084300000, 0x0000000084400000, 0x0000000084400000|100%| O|  |TAMS 0x0000000084400000, 0x0000000084300000| Untracked 
|  68|0x0000000084400000, 0x0000000084500000, 0x0000000084500000|100%| O|  |TAMS 0x0000000084500000, 0x0000000084400000| Untracked 
|  69|0x0000000084500000, 0x0000000084600000, 0x0000000084600000|100%| O|  |TAMS 0x0000000084600000, 0x0000000084500000| Untracked 
|  70|0x0000000084600000, 0x0000000084700000, 0x0000000084700000|100%| O|  |TAMS 0x0000000084700000, 0x0000000084600000| Untracked 
|  71|0x0000000084700000, 0x0000000084800000, 0x0000000084800000|100%| O|  |TAMS 0x0000000084800000, 0x0000000084700000| Untracked 
|  72|0x0000000084800000, 0x0000000084900000, 0x0000000084900000|100%| O|  |TAMS 0x0000000084900000, 0x0000000084800000| Untracked 
|  73|0x0000000084900000, 0x0000000084a00000, 0x0000000084a00000|100%| O|  |TAMS 0x0000000084a00000, 0x0000000084900000| Untracked 
|  74|0x0000000084a00000, 0x0000000084b00000, 0x0000000084b00000|100%| O|  |TAMS 0x0000000084b00000, 0x0000000084a00000| Untracked 
|  75|0x0000000084b00000, 0x0000000084c00000, 0x0000000084c00000|100%| O|  |TAMS 0x0000000084c00000, 0x0000000084b00000| Untracked 
|  76|0x0000000084c00000, 0x0000000084d00000, 0x0000000084d00000|100%| O|  |TAMS 0x0000000084d00000, 0x0000000084c00000| Untracked 
|  77|0x0000000084d00000, 0x0000000084e00000, 0x0000000084e00000|100%| O|  |TAMS 0x0000000084e00000, 0x0000000084d00000| Untracked 
|  78|0x0000000084e00000, 0x0000000084f00000, 0x0000000084f00000|100%| O|  |TAMS 0x0000000084e00000, 0x0000000084e00000| Untracked 
|  79|0x0000000084f00000, 0x0000000085000000, 0x0000000085000000|100%| O|  |TAMS 0x0000000084f00000, 0x0000000084f00000| Untracked 
|  80|0x0000000085000000, 0x0000000085100000, 0x0000000085100000|100%| O|  |TAMS 0x0000000085100000, 0x0000000085000000| Untracked 
|  81|0x0000000085100000, 0x0000000085200000, 0x0000000085200000|100%| O|  |TAMS 0x0000000085200000, 0x0000000085100000| Untracked 
|  82|0x0000000085200000, 0x0000000085300000, 0x0000000085300000|100%|HS|  |TAMS 0x0000000085300000, 0x0000000085200000| Complete 
|  83|0x0000000085300000, 0x0000000085400000, 0x0000000085400000|100%|HC|  |TAMS 0x0000000085400000, 0x0000000085300000| Complete 
|  84|0x0000000085400000, 0x0000000085500000, 0x0000000085500000|100%| O|  |TAMS 0x0000000085500000, 0x0000000085400000| Untracked 
|  85|0x0000000085500000, 0x0000000085600000, 0x0000000085600000|100%| O|  |TAMS 0x0000000085600000, 0x0000000085500000| Untracked 
|  86|0x0000000085600000, 0x0000000085700000, 0x0000000085700000|100%| O|  |TAMS 0x0000000085700000, 0x0000000085600000| Untracked 
|  87|0x0000000085700000, 0x0000000085800000, 0x0000000085800000|100%| O|  |TAMS 0x0000000085800000, 0x0000000085700000| Untracked 
|  88|0x0000000085800000, 0x0000000085900000, 0x0000000085900000|100%| O|  |TAMS 0x0000000085900000, 0x0000000085800000| Untracked 
|  89|0x0000000085900000, 0x0000000085a00000, 0x0000000085a00000|100%| O|  |TAMS 0x0000000085a00000, 0x0000000085900000| Untracked 
|  90|0x0000000085a00000, 0x0000000085b00000, 0x0000000085b00000|100%| O|  |TAMS 0x0000000085b00000, 0x0000000085a00000| Untracked 
|  91|0x0000000085b00000, 0x0000000085c00000, 0x0000000085c00000|100%| O|  |TAMS 0x0000000085c00000, 0x0000000085b00000| Untracked 
|  92|0x0000000085c00000, 0x0000000085d00000, 0x0000000085d00000|100%| O|  |TAMS 0x0000000085d00000, 0x0000000085c00000| Untracked 
|  93|0x0000000085d00000, 0x0000000085e00000, 0x0000000085e00000|100%| O|  |TAMS 0x0000000085e00000, 0x0000000085d00000| Untracked 
|  94|0x0000000085e00000, 0x0000000085f00000, 0x0000000085f00000|100%| O|  |TAMS 0x0000000085f00000, 0x0000000085e00000| Untracked 
|  95|0x0000000085f00000, 0x0000000086000000, 0x0000000086000000|100%| O|  |TAMS 0x0000000086000000, 0x0000000085f00000| Untracked 
|  96|0x0000000086000000, 0x0000000086100000, 0x0000000086100000|100%| O|  |TAMS 0x0000000086100000, 0x0000000086000000| Untracked 
|  97|0x0000000086100000, 0x0000000086200000, 0x0000000086200000|100%| O|  |TAMS 0x0000000086200000, 0x0000000086100000| Untracked 
|  98|0x0000000086200000, 0x0000000086300000, 0x0000000086300000|100%| O|  |TAMS 0x0000000086300000, 0x0000000086200000| Untracked 
|  99|0x0000000086300000, 0x0000000086400000, 0x0000000086400000|100%| O|  |TAMS 0x0000000086400000, 0x0000000086300000| Untracked 
| 100|0x0000000086400000, 0x0000000086500000, 0x0000000086500000|100%| O|  |TAMS 0x0000000086500000, 0x0000000086400000| Untracked 
| 101|0x0000000086500000, 0x0000000086600000, 0x0000000086600000|100%| O|  |TAMS 0x000000008655c000, 0x0000000086500000| Untracked 
| 102|0x0000000086600000, 0x0000000086700000, 0x0000000086700000|100%| O|  |TAMS 0x0000000086600000, 0x0000000086600000| Untracked 
| 103|0x0000000086700000, 0x0000000086800000, 0x0000000086800000|100%| O|  |TAMS 0x0000000086700000, 0x0000000086700000| Untracked 
| 104|0x0000000086800000, 0x0000000086900000, 0x0000000086900000|100%| O|  |TAMS 0x0000000086800000, 0x0000000086800000| Untracked 
| 105|0x0000000086900000, 0x0000000086a00000, 0x0000000086a00000|100%| O|  |TAMS 0x0000000086900000, 0x0000000086900000| Untracked 
| 106|0x0000000086a00000, 0x0000000086b00000, 0x0000000086b00000|100%| O|  |TAMS 0x0000000086a00000, 0x0000000086a00000| Untracked 
| 107|0x0000000086b00000, 0x0000000086c00000, 0x0000000086c00000|100%| O|  |TAMS 0x0000000086b00000, 0x0000000086b00000| Untracked 
| 108|0x0000000086c00000, 0x0000000086d00000, 0x0000000086d00000|100%| O|  |TAMS 0x0000000086c00000, 0x0000000086c00000| Untracked 
| 109|0x0000000086d00000, 0x0000000086e00000, 0x0000000086e00000|100%| O|  |TAMS 0x0000000086d00000, 0x0000000086d00000| Untracked 
| 110|0x0000000086e00000, 0x0000000086f00000, 0x0000000086f00000|100%| O|  |TAMS 0x0000000086e00000, 0x0000000086e00000| Untracked 
| 111|0x0000000086f00000, 0x0000000087000000, 0x0000000087000000|100%| O|  |TAMS 0x0000000086f00000, 0x0000000086f00000| Untracked 
| 112|0x0000000087000000, 0x0000000087100000, 0x0000000087100000|100%| O|  |TAMS 0x0000000087000000, 0x0000000087000000| Untracked 
| 113|0x0000000087100000, 0x0000000087200000, 0x0000000087200000|100%| O|  |TAMS 0x0000000087100000, 0x0000000087100000| Untracked 
| 114|0x0000000087200000, 0x0000000087300000, 0x0000000087300000|100%| O|  |TAMS 0x0000000087200000, 0x0000000087200000| Untracked 
| 115|0x0000000087300000, 0x0000000087400000, 0x0000000087400000|100%| O|  |TAMS 0x0000000087300000, 0x0000000087300000| Untracked 
| 116|0x0000000087400000, 0x0000000087500000, 0x0000000087500000|100%| O|  |TAMS 0x0000000087400000, 0x0000000087400000| Untracked 
| 117|0x0000000087500000, 0x0000000087600000, 0x0000000087600000|100%| O|  |TAMS 0x0000000087500000, 0x0000000087500000| Untracked 
| 118|0x0000000087600000, 0x0000000087700000, 0x0000000087700000|100%| O|  |TAMS 0x0000000087600000, 0x0000000087600000| Untracked 
| 119|0x0000000087700000, 0x0000000087800000, 0x0000000087800000|100%| O|  |TAMS 0x0000000087700000, 0x0000000087700000| Untracked 
| 120|0x0000000087800000, 0x0000000087900000, 0x0000000087900000|100%| O|  |TAMS 0x0000000087800000, 0x0000000087800000| Untracked 
| 121|0x0000000087900000, 0x0000000087a00000, 0x0000000087a00000|100%| O|  |TAMS 0x0000000087900000, 0x0000000087900000| Untracked 
| 122|0x0000000087a00000, 0x0000000087b00000, 0x0000000087b00000|100%| O|  |TAMS 0x0000000087a00000, 0x0000000087a00000| Untracked 
| 123|0x0000000087b00000, 0x0000000087c00000, 0x0000000087c00000|100%| O|  |TAMS 0x0000000087b00000, 0x0000000087b00000| Untracked 
| 124|0x0000000087c00000, 0x0000000087d00000, 0x0000000087d00000|100%| O|  |TAMS 0x0000000087c00000, 0x0000000087c00000| Untracked 
| 125|0x0000000087d00000, 0x0000000087e00000, 0x0000000087e00000|100%| O|  |TAMS 0x0000000087d00000, 0x0000000087d00000| Untracked 
| 126|0x0000000087e00000, 0x0000000087f00000, 0x0000000087f00000|100%| O|  |TAMS 0x0000000087e00000, 0x0000000087e00000| Untracked 
| 127|0x0000000087f00000, 0x0000000088000000, 0x0000000088000000|100%| O|  |TAMS 0x0000000087f00000, 0x0000000087f00000| Untracked 
| 128|0x0000000088000000, 0x0000000088100000, 0x0000000088100000|100%| O|  |TAMS 0x0000000088000000, 0x0000000088000000| Untracked 
| 129|0x0000000088100000, 0x0000000088200000, 0x0000000088200000|100%| O|  |TAMS 0x0000000088100000, 0x0000000088100000| Untracked 
| 130|0x0000000088200000, 0x0000000088300000, 0x0000000088300000|100%| O|  |TAMS 0x0000000088200000, 0x0000000088200000| Untracked 
| 131|0x0000000088300000, 0x0000000088400000, 0x0000000088400000|100%| O|  |TAMS 0x0000000088300000, 0x0000000088300000| Untracked 
| 132|0x0000000088400000, 0x0000000088500000, 0x0000000088500000|100%| O|  |TAMS 0x0000000088400000, 0x0000000088400000| Untracked 
| 133|0x0000000088500000, 0x0000000088600000, 0x0000000088600000|100%| O|  |TAMS 0x0000000088500000, 0x0000000088500000| Untracked 
| 134|0x0000000088600000, 0x0000000088700000, 0x0000000088700000|100%| O|  |TAMS 0x0000000088600000, 0x0000000088600000| Untracked 
| 135|0x0000000088700000, 0x0000000088800000, 0x0000000088800000|100%| O|  |TAMS 0x0000000088700000, 0x0000000088700000| Untracked 
| 136|0x0000000088800000, 0x0000000088900000, 0x0000000088900000|100%| O|  |TAMS 0x0000000088800000, 0x0000000088800000| Untracked 
| 137|0x0000000088900000, 0x0000000088a00000, 0x0000000088a00000|100%| O|  |TAMS 0x0000000088900000, 0x0000000088900000| Untracked 
| 138|0x0000000088a00000, 0x0000000088b00000, 0x0000000088b00000|100%|HS|  |TAMS 0x0000000088a00000, 0x0000000088a00000| Complete 
| 139|0x0000000088b00000, 0x0000000088c00000, 0x0000000088c00000|100%|HC|  |TAMS 0x0000000088b00000, 0x0000000088b00000| Complete 
| 140|0x0000000088c00000, 0x0000000088d00000, 0x0000000088d00000|100%|HC|  |TAMS 0x0000000088c00000, 0x0000000088c00000| Complete 
| 141|0x0000000088d00000, 0x0000000088e00000, 0x0000000088e00000|100%|HS|  |TAMS 0x0000000088d00000, 0x0000000088d00000| Complete 
| 142|0x0000000088e00000, 0x0000000088f00000, 0x0000000088f00000|100%|HC|  |TAMS 0x0000000088e00000, 0x0000000088e00000| Complete 
| 143|0x0000000088f00000, 0x0000000089000000, 0x0000000089000000|100%|HC|  |TAMS 0x0000000088f00000, 0x0000000088f00000| Complete 
| 144|0x0000000089000000, 0x0000000089100000, 0x0000000089100000|100%| O|  |TAMS 0x0000000089000000, 0x0000000089000000| Untracked 
| 145|0x0000000089100000, 0x0000000089200000, 0x0000000089200000|100%| O|  |TAMS 0x0000000089100000, 0x0000000089100000| Untracked 
| 146|0x0000000089200000, 0x0000000089300000, 0x0000000089300000|100%| O|  |TAMS 0x0000000089200000, 0x0000000089200000| Untracked 
| 147|0x0000000089300000, 0x0000000089400000, 0x0000000089400000|100%| O|  |TAMS 0x0000000089300000, 0x0000000089300000| Untracked 
| 148|0x0000000089400000, 0x0000000089500000, 0x0000000089500000|100%| O|  |TAMS 0x0000000089400000, 0x0000000089400000| Untracked 
| 149|0x0000000089500000, 0x0000000089600000, 0x0000000089600000|100%| O|  |TAMS 0x0000000089500000, 0x0000000089500000| Untracked 
| 150|0x0000000089600000, 0x0000000089700000, 0x0000000089700000|100%| O|  |TAMS 0x0000000089600000, 0x0000000089600000| Untracked 
| 151|0x0000000089700000, 0x0000000089800000, 0x0000000089800000|100%| O|  |TAMS 0x0000000089700000, 0x0000000089700000| Untracked 
| 152|0x0000000089800000, 0x0000000089900000, 0x0000000089900000|100%| O|  |TAMS 0x0000000089800000, 0x0000000089800000| Untracked 
| 153|0x0000000089900000, 0x0000000089a00000, 0x0000000089a00000|100%| O|  |TAMS 0x0000000089900000, 0x0000000089900000| Untracked 
| 154|0x0000000089a00000, 0x0000000089b00000, 0x0000000089b00000|100%| O|  |TAMS 0x0000000089a00000, 0x0000000089a00000| Untracked 
| 155|0x0000000089b00000, 0x0000000089c00000, 0x0000000089c00000|100%| O|  |TAMS 0x0000000089b00000, 0x0000000089b00000| Untracked 
| 156|0x0000000089c00000, 0x0000000089d00000, 0x0000000089d00000|100%| O|  |TAMS 0x0000000089c00000, 0x0000000089c00000| Untracked 
| 157|0x0000000089d00000, 0x0000000089e00000, 0x0000000089e00000|100%|HS|  |TAMS 0x0000000089d00000, 0x0000000089d00000| Complete 
| 158|0x0000000089e00000, 0x0000000089f00000, 0x0000000089f00000|100%|HC|  |TAMS 0x0000000089e00000, 0x0000000089e00000| Complete 
| 159|0x0000000089f00000, 0x000000008a000000, 0x000000008a000000|100%|HC|  |TAMS 0x0000000089f00000, 0x0000000089f00000| Complete 
| 160|0x000000008a000000, 0x000000008a100000, 0x000000008a100000|100%|HC|  |TAMS 0x000000008a000000, 0x000000008a000000| Complete 
| 161|0x000000008a100000, 0x000000008a200000, 0x000000008a200000|100%|HC|  |TAMS 0x000000008a100000, 0x000000008a100000| Complete 
| 162|0x000000008a200000, 0x000000008a300000, 0x000000008a300000|100%|HC|  |TAMS 0x000000008a200000, 0x000000008a200000| Complete 
| 163|0x000000008a300000, 0x000000008a400000, 0x000000008a400000|100%|HS|  |TAMS 0x000000008a300000, 0x000000008a300000| Complete 
| 164|0x000000008a400000, 0x000000008a4f0e00, 0x000000008a500000| 94%| O|  |TAMS 0x000000008a400000, 0x000000008a400000| Untracked 
| 165|0x000000008a500000, 0x000000008a500000, 0x000000008a600000|  0%| F|  |TAMS 0x000000008a500000, 0x000000008a500000| Untracked 
| 166|0x000000008a600000, 0x000000008a600000, 0x000000008a700000|  0%| F|  |TAMS 0x000000008a600000, 0x000000008a600000| Untracked 
| 167|0x000000008a700000, 0x000000008a700000, 0x000000008a800000|  0%| F|  |TAMS 0x000000008a700000, 0x000000008a700000| Untracked 
| 168|0x000000008a800000, 0x000000008a800000, 0x000000008a900000|  0%| F|  |TAMS 0x000000008a800000, 0x000000008a800000| Untracked 
| 169|0x000000008a900000, 0x000000008a900000, 0x000000008aa00000|  0%| F|  |TAMS 0x000000008a900000, 0x000000008a900000| Untracked 
| 170|0x000000008aa00000, 0x000000008aa00000, 0x000000008ab00000|  0%| F|  |TAMS 0x000000008aa00000, 0x000000008aa00000| Untracked 
| 171|0x000000008ab00000, 0x000000008ab00000, 0x000000008ac00000|  0%| F|  |TAMS 0x000000008ab00000, 0x000000008ab00000| Untracked 
| 172|0x000000008ac00000, 0x000000008ac00000, 0x000000008ad00000|  0%| F|  |TAMS 0x000000008ac00000, 0x000000008ac00000| Untracked 
| 173|0x000000008ad00000, 0x000000008ad00000, 0x000000008ae00000|  0%| F|  |TAMS 0x000000008ad00000, 0x000000008ad00000| Untracked 
| 174|0x000000008ae00000, 0x000000008ae00000, 0x000000008af00000|  0%| F|  |TAMS 0x000000008ae00000, 0x000000008ae00000| Untracked 
| 175|0x000000008af00000, 0x000000008af00000, 0x000000008b000000|  0%| F|  |TAMS 0x000000008af00000, 0x000000008af00000| Untracked 
| 176|0x000000008b000000, 0x000000008b000000, 0x000000008b100000|  0%| F|  |TAMS 0x000000008b000000, 0x000000008b000000| Untracked 
| 177|0x000000008b100000, 0x000000008b100000, 0x000000008b200000|  0%| F|  |TAMS 0x000000008b100000, 0x000000008b100000| Untracked 
| 178|0x000000008b200000, 0x000000008b200000, 0x000000008b300000|  0%| F|  |TAMS 0x000000008b200000, 0x000000008b200000| Untracked 
| 179|0x000000008b300000, 0x000000008b300000, 0x000000008b400000|  0%| F|  |TAMS 0x000000008b300000, 0x000000008b300000| Untracked 
| 180|0x000000008b400000, 0x000000008b400000, 0x000000008b500000|  0%| F|  |TAMS 0x000000008b400000, 0x000000008b400000| Untracked 
| 181|0x000000008b500000, 0x000000008b500000, 0x000000008b600000|  0%| F|  |TAMS 0x000000008b500000, 0x000000008b500000| Untracked 
| 182|0x000000008b600000, 0x000000008b600000, 0x000000008b700000|  0%| F|  |TAMS 0x000000008b600000, 0x000000008b600000| Untracked 
| 183|0x000000008b700000, 0x000000008b700000, 0x000000008b800000|  0%| F|  |TAMS 0x000000008b700000, 0x000000008b700000| Untracked 
| 184|0x000000008b800000, 0x000000008b800000, 0x000000008b900000|  0%| F|  |TAMS 0x000000008b800000, 0x000000008b800000| Untracked 
| 185|0x000000008b900000, 0x000000008b900000, 0x000000008ba00000|  0%| F|  |TAMS 0x000000008b900000, 0x000000008b900000| Untracked 
| 186|0x000000008ba00000, 0x000000008ba00000, 0x000000008bb00000|  0%| F|  |TAMS 0x000000008ba00000, 0x000000008ba00000| Untracked 
| 187|0x000000008bb00000, 0x000000008bb00000, 0x000000008bc00000|  0%| F|  |TAMS 0x000000008bb00000, 0x000000008bb00000| Untracked 
| 188|0x000000008bc00000, 0x000000008bc00000, 0x000000008bd00000|  0%| F|  |TAMS 0x000000008bc00000, 0x000000008bc00000| Untracked 
| 189|0x000000008bd00000, 0x000000008bd00000, 0x000000008be00000|  0%| F|  |TAMS 0x000000008bd00000, 0x000000008bd00000| Untracked 
| 190|0x000000008be00000, 0x000000008be00000, 0x000000008bf00000|  0%| F|  |TAMS 0x000000008be00000, 0x000000008be00000| Untracked 
| 191|0x000000008bf00000, 0x000000008bf00000, 0x000000008c000000|  0%| F|  |TAMS 0x000000008bf00000, 0x000000008bf00000| Untracked 
| 192|0x000000008c000000, 0x000000008c000000, 0x000000008c100000|  0%| F|  |TAMS 0x000000008c000000, 0x000000008c000000| Untracked 
| 193|0x000000008c100000, 0x000000008c100000, 0x000000008c200000|  0%| F|  |TAMS 0x000000008c100000, 0x000000008c100000| Untracked 
| 194|0x000000008c200000, 0x000000008c200000, 0x000000008c300000|  0%| F|  |TAMS 0x000000008c200000, 0x000000008c200000| Untracked 
| 195|0x000000008c300000, 0x000000008c300000, 0x000000008c400000|  0%| F|  |TAMS 0x000000008c300000, 0x000000008c300000| Untracked 
| 196|0x000000008c400000, 0x000000008c400000, 0x000000008c500000|  0%| F|  |TAMS 0x000000008c400000, 0x000000008c400000| Untracked 
| 197|0x000000008c500000, 0x000000008c500000, 0x000000008c600000|  0%| F|  |TAMS 0x000000008c500000, 0x000000008c500000| Untracked 
| 198|0x000000008c600000, 0x000000008c600000, 0x000000008c700000|  0%| F|  |TAMS 0x000000008c600000, 0x000000008c600000| Untracked 
| 199|0x000000008c700000, 0x000000008c700000, 0x000000008c800000|  0%| F|  |TAMS 0x000000008c700000, 0x000000008c700000| Untracked 
| 200|0x000000008c800000, 0x000000008c800000, 0x000000008c900000|  0%| F|  |TAMS 0x000000008c800000, 0x000000008c800000| Untracked 
| 201|0x000000008c900000, 0x000000008c900000, 0x000000008ca00000|  0%| F|  |TAMS 0x000000008c900000, 0x000000008c900000| Untracked 
| 202|0x000000008ca00000, 0x000000008ca00000, 0x000000008cb00000|  0%| F|  |TAMS 0x000000008ca00000, 0x000000008ca00000| Untracked 
| 203|0x000000008cb00000, 0x000000008cb00000, 0x000000008cc00000|  0%| F|  |TAMS 0x000000008cb00000, 0x000000008cb00000| Untracked 
| 204|0x000000008cc00000, 0x000000008cc00000, 0x000000008cd00000|  0%| F|  |TAMS 0x000000008cc00000, 0x000000008cc00000| Untracked 
| 205|0x000000008cd00000, 0x000000008cd00000, 0x000000008ce00000|  0%| F|  |TAMS 0x000000008cd00000, 0x000000008cd00000| Untracked 
| 206|0x000000008ce00000, 0x000000008ce00000, 0x000000008cf00000|  0%| F|  |TAMS 0x000000008ce00000, 0x000000008ce00000| Untracked 
| 207|0x000000008cf00000, 0x000000008cf00000, 0x000000008d000000|  0%| F|  |TAMS 0x000000008cf00000, 0x000000008cf00000| Untracked 
| 208|0x000000008d000000, 0x000000008d000000, 0x000000008d100000|  0%| F|  |TAMS 0x000000008d000000, 0x000000008d000000| Untracked 
| 209|0x000000008d100000, 0x000000008d100000, 0x000000008d200000|  0%| F|  |TAMS 0x000000008d100000, 0x000000008d100000| Untracked 
| 210|0x000000008d200000, 0x000000008d200000, 0x000000008d300000|  0%| F|  |TAMS 0x000000008d200000, 0x000000008d200000| Untracked 
| 211|0x000000008d300000, 0x000000008d395fa0, 0x000000008d400000| 58%| S|CS|TAMS 0x000000008d300000, 0x000000008d300000| Complete 
| 212|0x000000008d400000, 0x000000008d400000, 0x000000008d500000|  0%| F|  |TAMS 0x000000008d400000, 0x000000008d400000| Untracked 
| 213|0x000000008d500000, 0x000000008d500000, 0x000000008d600000|  0%| F|  |TAMS 0x000000008d500000, 0x000000008d500000| Untracked 
| 214|0x000000008d600000, 0x000000008d600000, 0x000000008d700000|  0%| F|  |TAMS 0x000000008d600000, 0x000000008d600000| Untracked 
| 215|0x000000008d700000, 0x000000008d700000, 0x000000008d800000|  0%| F|  |TAMS 0x000000008d700000, 0x000000008d700000| Untracked 
| 216|0x000000008d800000, 0x000000008d800000, 0x000000008d900000|  0%| F|  |TAMS 0x000000008d800000, 0x000000008d800000| Untracked 
| 217|0x000000008d900000, 0x000000008d900000, 0x000000008da00000|  0%| F|  |TAMS 0x000000008d900000, 0x000000008d900000| Untracked 
| 218|0x000000008da00000, 0x000000008da00000, 0x000000008db00000|  0%| F|  |TAMS 0x000000008da00000, 0x000000008da00000| Untracked 
| 219|0x000000008db00000, 0x000000008db00000, 0x000000008dc00000|  0%| F|  |TAMS 0x000000008db00000, 0x000000008db00000| Untracked 
| 220|0x000000008dc00000, 0x000000008dd00000, 0x000000008dd00000|100%| S|CS|TAMS 0x000000008dc00000, 0x000000008dc00000| Complete 
| 221|0x000000008dd00000, 0x000000008de00000, 0x000000008de00000|100%| S|CS|TAMS 0x000000008dd00000, 0x000000008dd00000| Complete 
| 222|0x000000008de00000, 0x000000008df00000, 0x000000008df00000|100%| S|CS|TAMS 0x000000008de00000, 0x000000008de00000| Complete 
| 223|0x000000008df00000, 0x000000008e000000, 0x000000008e000000|100%| S|CS|TAMS 0x000000008df00000, 0x000000008df00000| Complete 
| 224|0x000000008e000000, 0x000000008e100000, 0x000000008e100000|100%| S|CS|TAMS 0x000000008e000000, 0x000000008e000000| Complete 
| 225|0x000000008e100000, 0x000000008e200000, 0x000000008e200000|100%| S|CS|TAMS 0x000000008e100000, 0x000000008e100000| Complete 
| 226|0x000000008e200000, 0x000000008e300000, 0x000000008e300000|100%| S|CS|TAMS 0x000000008e200000, 0x000000008e200000| Complete 
| 227|0x000000008e300000, 0x000000008e400000, 0x000000008e400000|100%| S|CS|TAMS 0x000000008e300000, 0x000000008e300000| Complete 
| 228|0x000000008e400000, 0x000000008e400000, 0x000000008e500000|  0%| F|  |TAMS 0x000000008e400000, 0x000000008e400000| Untracked 
| 229|0x000000008e500000, 0x000000008e500000, 0x000000008e600000|  0%| F|  |TAMS 0x000000008e500000, 0x000000008e500000| Untracked 
| 230|0x000000008e600000, 0x000000008e600000, 0x000000008e700000|  0%| F|  |TAMS 0x000000008e600000, 0x000000008e600000| Untracked 
| 231|0x000000008e700000, 0x000000008e700000, 0x000000008e800000|  0%| F|  |TAMS 0x000000008e700000, 0x000000008e700000| Untracked 
| 232|0x000000008e800000, 0x000000008e800000, 0x000000008e900000|  0%| F|  |TAMS 0x000000008e800000, 0x000000008e800000| Untracked 
| 233|0x000000008e900000, 0x000000008e900000, 0x000000008ea00000|  0%| F|  |TAMS 0x000000008e900000, 0x000000008e900000| Untracked 
| 234|0x000000008ea00000, 0x000000008ea00000, 0x000000008eb00000|  0%| F|  |TAMS 0x000000008ea00000, 0x000000008ea00000| Untracked 
| 235|0x000000008eb00000, 0x000000008eb00000, 0x000000008ec00000|  0%| F|  |TAMS 0x000000008eb00000, 0x000000008eb00000| Untracked 
| 236|0x000000008ec00000, 0x000000008ec00000, 0x000000008ed00000|  0%| F|  |TAMS 0x000000008ec00000, 0x000000008ec00000| Untracked 
| 237|0x000000008ed00000, 0x000000008ed00000, 0x000000008ee00000|  0%| F|  |TAMS 0x000000008ed00000, 0x000000008ed00000| Untracked 
| 238|0x000000008ee00000, 0x000000008ee00000, 0x000000008ef00000|  0%| F|  |TAMS 0x000000008ee00000, 0x000000008ee00000| Untracked 
| 239|0x000000008ef00000, 0x000000008ef00000, 0x000000008f000000|  0%| F|  |TAMS 0x000000008ef00000, 0x000000008ef00000| Untracked 
| 240|0x000000008f000000, 0x000000008f000000, 0x000000008f100000|  0%| F|  |TAMS 0x000000008f000000, 0x000000008f000000| Untracked 
| 241|0x000000008f100000, 0x000000008f100000, 0x000000008f200000|  0%| F|  |TAMS 0x000000008f100000, 0x000000008f100000| Untracked 
| 242|0x000000008f200000, 0x000000008f200000, 0x000000008f300000|  0%| F|  |TAMS 0x000000008f200000, 0x000000008f200000| Untracked 
| 243|0x000000008f300000, 0x000000008f300000, 0x000000008f400000|  0%| F|  |TAMS 0x000000008f300000, 0x000000008f300000| Untracked 
| 244|0x000000008f400000, 0x000000008f400000, 0x000000008f500000|  0%| F|  |TAMS 0x000000008f400000, 0x000000008f400000| Untracked 
| 245|0x000000008f500000, 0x000000008f500000, 0x000000008f600000|  0%| F|  |TAMS 0x000000008f500000, 0x000000008f500000| Untracked 
| 246|0x000000008f600000, 0x000000008f600000, 0x000000008f700000|  0%| F|  |TAMS 0x000000008f600000, 0x000000008f600000| Untracked 
| 247|0x000000008f700000, 0x000000008f700000, 0x000000008f800000|  0%| F|  |TAMS 0x000000008f700000, 0x000000008f700000| Untracked 
| 248|0x000000008f800000, 0x000000008f800000, 0x000000008f900000|  0%| F|  |TAMS 0x000000008f800000, 0x000000008f800000| Untracked 
| 249|0x000000008f900000, 0x000000008f900000, 0x000000008fa00000|  0%| F|  |TAMS 0x000000008f900000, 0x000000008f900000| Untracked 
| 250|0x000000008fa00000, 0x000000008fa00000, 0x000000008fb00000|  0%| F|  |TAMS 0x000000008fa00000, 0x000000008fa00000| Untracked 
| 251|0x000000008fb00000, 0x000000008fb00000, 0x000000008fc00000|  0%| F|  |TAMS 0x000000008fb00000, 0x000000008fb00000| Untracked 
| 252|0x000000008fc00000, 0x000000008fc00000, 0x000000008fd00000|  0%| F|  |TAMS 0x000000008fc00000, 0x000000008fc00000| Untracked 
| 253|0x000000008fd00000, 0x000000008fd00000, 0x000000008fe00000|  0%| F|  |TAMS 0x000000008fd00000, 0x000000008fd00000| Untracked 
| 254|0x000000008fe00000, 0x000000008fe00000, 0x000000008ff00000|  0%| F|  |TAMS 0x000000008fe00000, 0x000000008fe00000| Untracked 
| 255|0x000000008ff00000, 0x000000008ff00000, 0x0000000090000000|  0%| F|  |TAMS 0x000000008ff00000, 0x000000008ff00000| Untracked 
| 256|0x0000000090000000, 0x0000000090000000, 0x0000000090100000|  0%| F|  |TAMS 0x0000000090000000, 0x0000000090000000| Untracked 
| 257|0x0000000090100000, 0x0000000090100000, 0x0000000090200000|  0%| F|  |TAMS 0x0000000090100000, 0x0000000090100000| Untracked 
| 258|0x0000000090200000, 0x0000000090200000, 0x0000000090300000|  0%| F|  |TAMS 0x0000000090200000, 0x0000000090200000| Untracked 
| 259|0x0000000090300000, 0x0000000090300000, 0x0000000090400000|  0%| F|  |TAMS 0x0000000090300000, 0x0000000090300000| Untracked 
| 260|0x0000000090400000, 0x0000000090400000, 0x0000000090500000|  0%| F|  |TAMS 0x0000000090400000, 0x0000000090400000| Untracked 
| 261|0x0000000090500000, 0x0000000090500000, 0x0000000090600000|  0%| F|  |TAMS 0x0000000090500000, 0x0000000090500000| Untracked 
| 262|0x0000000090600000, 0x0000000090600000, 0x0000000090700000|  0%| F|  |TAMS 0x0000000090600000, 0x0000000090600000| Untracked 
| 263|0x0000000090700000, 0x0000000090700000, 0x0000000090800000|  0%| F|  |TAMS 0x0000000090700000, 0x0000000090700000| Untracked 
| 264|0x0000000090800000, 0x0000000090800000, 0x0000000090900000|  0%| F|  |TAMS 0x0000000090800000, 0x0000000090800000| Untracked 
| 265|0x0000000090900000, 0x0000000090900000, 0x0000000090a00000|  0%| F|  |TAMS 0x0000000090900000, 0x0000000090900000| Untracked 
| 266|0x0000000090a00000, 0x0000000090a00000, 0x0000000090b00000|  0%| F|  |TAMS 0x0000000090a00000, 0x0000000090a00000| Untracked 
| 267|0x0000000090b00000, 0x0000000090b00000, 0x0000000090c00000|  0%| F|  |TAMS 0x0000000090b00000, 0x0000000090b00000| Untracked 
| 268|0x0000000090c00000, 0x0000000090c00000, 0x0000000090d00000|  0%| F|  |TAMS 0x0000000090c00000, 0x0000000090c00000| Untracked 
| 269|0x0000000090d00000, 0x0000000090d00000, 0x0000000090e00000|  0%| F|  |TAMS 0x0000000090d00000, 0x0000000090d00000| Untracked 
| 270|0x0000000090e00000, 0x0000000090e00000, 0x0000000090f00000|  0%| F|  |TAMS 0x0000000090e00000, 0x0000000090e00000| Untracked 
| 271|0x0000000090f00000, 0x0000000090f00000, 0x0000000091000000|  0%| F|  |TAMS 0x0000000090f00000, 0x0000000090f00000| Untracked 
| 272|0x0000000091000000, 0x0000000091000000, 0x0000000091100000|  0%| F|  |TAMS 0x0000000091000000, 0x0000000091000000| Untracked 
| 273|0x0000000091100000, 0x0000000091100000, 0x0000000091200000|  0%| F|  |TAMS 0x0000000091100000, 0x0000000091100000| Untracked 
| 274|0x0000000091200000, 0x0000000091200000, 0x0000000091300000|  0%| F|  |TAMS 0x0000000091200000, 0x0000000091200000| Untracked 
| 275|0x0000000091300000, 0x0000000091300000, 0x0000000091400000|  0%| F|  |TAMS 0x0000000091300000, 0x0000000091300000| Untracked 
| 276|0x0000000091400000, 0x0000000091400000, 0x0000000091500000|  0%| F|  |TAMS 0x0000000091400000, 0x0000000091400000| Untracked 
| 277|0x0000000091500000, 0x0000000091500000, 0x0000000091600000|  0%| F|  |TAMS 0x0000000091500000, 0x0000000091500000| Untracked 
| 278|0x0000000091600000, 0x0000000091600000, 0x0000000091700000|  0%| F|  |TAMS 0x0000000091600000, 0x0000000091600000| Untracked 
| 279|0x0000000091700000, 0x0000000091700000, 0x0000000091800000|  0%| F|  |TAMS 0x0000000091700000, 0x0000000091700000| Untracked 
| 280|0x0000000091800000, 0x0000000091800000, 0x0000000091900000|  0%| F|  |TAMS 0x0000000091800000, 0x0000000091800000| Untracked 
| 281|0x0000000091900000, 0x0000000091900000, 0x0000000091a00000|  0%| F|  |TAMS 0x0000000091900000, 0x0000000091900000| Untracked 
| 282|0x0000000091a00000, 0x0000000091a00000, 0x0000000091b00000|  0%| F|  |TAMS 0x0000000091a00000, 0x0000000091a00000| Untracked 
| 283|0x0000000091b00000, 0x0000000091b00000, 0x0000000091c00000|  0%| F|  |TAMS 0x0000000091b00000, 0x0000000091b00000| Untracked 
| 284|0x0000000091c00000, 0x0000000091c00000, 0x0000000091d00000|  0%| F|  |TAMS 0x0000000091c00000, 0x0000000091c00000| Untracked 
| 285|0x0000000091d00000, 0x0000000091d00000, 0x0000000091e00000|  0%| F|  |TAMS 0x0000000091d00000, 0x0000000091d00000| Untracked 
| 286|0x0000000091e00000, 0x0000000091e00000, 0x0000000091f00000|  0%| F|  |TAMS 0x0000000091e00000, 0x0000000091e00000| Untracked 
| 287|0x0000000091f00000, 0x0000000091f00000, 0x0000000092000000|  0%| F|  |TAMS 0x0000000091f00000, 0x0000000091f00000| Untracked 
| 288|0x0000000092000000, 0x0000000092000000, 0x0000000092100000|  0%| F|  |TAMS 0x0000000092000000, 0x0000000092000000| Untracked 
| 289|0x0000000092100000, 0x0000000092100000, 0x0000000092200000|  0%| F|  |TAMS 0x0000000092100000, 0x0000000092100000| Untracked 
| 290|0x0000000092200000, 0x0000000092200000, 0x0000000092300000|  0%| F|  |TAMS 0x0000000092200000, 0x0000000092200000| Untracked 
| 291|0x0000000092300000, 0x0000000092300000, 0x0000000092400000|  0%| F|  |TAMS 0x0000000092300000, 0x0000000092300000| Untracked 
| 292|0x0000000092400000, 0x0000000092400000, 0x0000000092500000|  0%| F|  |TAMS 0x0000000092400000, 0x0000000092400000| Untracked 
| 293|0x0000000092500000, 0x0000000092500000, 0x0000000092600000|  0%| F|  |TAMS 0x0000000092500000, 0x0000000092500000| Untracked 
| 294|0x0000000092600000, 0x0000000092600000, 0x0000000092700000|  0%| F|  |TAMS 0x0000000092600000, 0x0000000092600000| Untracked 
| 295|0x0000000092700000, 0x0000000092700000, 0x0000000092800000|  0%| F|  |TAMS 0x0000000092700000, 0x0000000092700000| Untracked 
| 296|0x0000000092800000, 0x0000000092800000, 0x0000000092900000|  0%| F|  |TAMS 0x0000000092800000, 0x0000000092800000| Untracked 
| 297|0x0000000092900000, 0x0000000092900000, 0x0000000092a00000|  0%| F|  |TAMS 0x0000000092900000, 0x0000000092900000| Untracked 
| 298|0x0000000092a00000, 0x0000000092a00000, 0x0000000092b00000|  0%| F|  |TAMS 0x0000000092a00000, 0x0000000092a00000| Untracked 
| 299|0x0000000092b00000, 0x0000000092b00000, 0x0000000092c00000|  0%| F|  |TAMS 0x0000000092b00000, 0x0000000092b00000| Untracked 
| 300|0x0000000092c00000, 0x0000000092c00000, 0x0000000092d00000|  0%| F|  |TAMS 0x0000000092c00000, 0x0000000092c00000| Untracked 
| 301|0x0000000092d00000, 0x0000000092d00000, 0x0000000092e00000|  0%| F|  |TAMS 0x0000000092d00000, 0x0000000092d00000| Untracked 
| 302|0x0000000092e00000, 0x0000000092e00000, 0x0000000092f00000|  0%| F|  |TAMS 0x0000000092e00000, 0x0000000092e00000| Untracked 
| 303|0x0000000092f00000, 0x0000000092f00000, 0x0000000093000000|  0%| F|  |TAMS 0x0000000092f00000, 0x0000000092f00000| Untracked 
| 304|0x0000000093000000, 0x0000000093000000, 0x0000000093100000|  0%| F|  |TAMS 0x0000000093000000, 0x0000000093000000| Untracked 
| 305|0x0000000093100000, 0x0000000093100000, 0x0000000093200000|  0%| F|  |TAMS 0x0000000093100000, 0x0000000093100000| Untracked 
| 306|0x0000000093200000, 0x0000000093200000, 0x0000000093300000|  0%| F|  |TAMS 0x0000000093200000, 0x0000000093200000| Untracked 
| 307|0x0000000093300000, 0x0000000093300000, 0x0000000093400000|  0%| F|  |TAMS 0x0000000093300000, 0x0000000093300000| Untracked 
| 308|0x0000000093400000, 0x0000000093400000, 0x0000000093500000|  0%| F|  |TAMS 0x0000000093400000, 0x0000000093400000| Untracked 
| 309|0x0000000093500000, 0x0000000093500000, 0x0000000093600000|  0%| F|  |TAMS 0x0000000093500000, 0x0000000093500000| Untracked 
| 310|0x0000000093600000, 0x0000000093600000, 0x0000000093700000|  0%| F|  |TAMS 0x0000000093600000, 0x0000000093600000| Untracked 
| 311|0x0000000093700000, 0x0000000093700000, 0x0000000093800000|  0%| F|  |TAMS 0x0000000093700000, 0x0000000093700000| Untracked 
| 312|0x0000000093800000, 0x0000000093800000, 0x0000000093900000|  0%| F|  |TAMS 0x0000000093800000, 0x0000000093800000| Untracked 
| 313|0x0000000093900000, 0x0000000093900000, 0x0000000093a00000|  0%| F|  |TAMS 0x0000000093900000, 0x0000000093900000| Untracked 
| 314|0x0000000093a00000, 0x0000000093a00000, 0x0000000093b00000|  0%| F|  |TAMS 0x0000000093a00000, 0x0000000093a00000| Untracked 
| 315|0x0000000093b00000, 0x0000000093b00000, 0x0000000093c00000|  0%| F|  |TAMS 0x0000000093b00000, 0x0000000093b00000| Untracked 
| 316|0x0000000093c00000, 0x0000000093c00000, 0x0000000093d00000|  0%| F|  |TAMS 0x0000000093c00000, 0x0000000093c00000| Untracked 
| 317|0x0000000093d00000, 0x0000000093d00000, 0x0000000093e00000|  0%| F|  |TAMS 0x0000000093d00000, 0x0000000093d00000| Untracked 
| 318|0x0000000093e00000, 0x0000000093e00000, 0x0000000093f00000|  0%| F|  |TAMS 0x0000000093e00000, 0x0000000093e00000| Untracked 
| 319|0x0000000093f00000, 0x0000000093f00000, 0x0000000094000000|  0%| F|  |TAMS 0x0000000093f00000, 0x0000000093f00000| Untracked 
| 320|0x0000000094000000, 0x0000000094000000, 0x0000000094100000|  0%| F|  |TAMS 0x0000000094000000, 0x0000000094000000| Untracked 
| 321|0x0000000094100000, 0x0000000094100000, 0x0000000094200000|  0%| F|  |TAMS 0x0000000094100000, 0x0000000094100000| Untracked 
| 322|0x0000000094200000, 0x0000000094200000, 0x0000000094300000|  0%| F|  |TAMS 0x0000000094200000, 0x0000000094200000| Untracked 
| 323|0x0000000094300000, 0x0000000094300000, 0x0000000094400000|  0%| F|  |TAMS 0x0000000094300000, 0x0000000094300000| Untracked 
| 324|0x0000000094400000, 0x0000000094400000, 0x0000000094500000|  0%| F|  |TAMS 0x0000000094400000, 0x0000000094400000| Untracked 
| 325|0x0000000094500000, 0x0000000094500000, 0x0000000094600000|  0%| F|  |TAMS 0x0000000094500000, 0x0000000094500000| Untracked 
| 326|0x0000000094600000, 0x0000000094600000, 0x0000000094700000|  0%| F|  |TAMS 0x0000000094600000, 0x0000000094600000| Untracked 
| 327|0x0000000094700000, 0x0000000094700000, 0x0000000094800000|  0%| F|  |TAMS 0x0000000094700000, 0x0000000094700000| Untracked 
| 328|0x0000000094800000, 0x0000000094800000, 0x0000000094900000|  0%| F|  |TAMS 0x0000000094800000, 0x0000000094800000| Untracked 
| 329|0x0000000094900000, 0x0000000094900000, 0x0000000094a00000|  0%| F|  |TAMS 0x0000000094900000, 0x0000000094900000| Untracked 
| 330|0x0000000094a00000, 0x0000000094a00000, 0x0000000094b00000|  0%| F|  |TAMS 0x0000000094a00000, 0x0000000094a00000| Untracked 
| 331|0x0000000094b00000, 0x0000000094b00000, 0x0000000094c00000|  0%| F|  |TAMS 0x0000000094b00000, 0x0000000094b00000| Untracked 
| 332|0x0000000094c00000, 0x0000000094c00000, 0x0000000094d00000|  0%| F|  |TAMS 0x0000000094c00000, 0x0000000094c00000| Untracked 
| 333|0x0000000094d00000, 0x0000000094d00000, 0x0000000094e00000|  0%| F|  |TAMS 0x0000000094d00000, 0x0000000094d00000| Untracked 
| 334|0x0000000094e00000, 0x0000000094e00000, 0x0000000094f00000|  0%| F|  |TAMS 0x0000000094e00000, 0x0000000094e00000| Untracked 
| 335|0x0000000094f00000, 0x0000000094f00000, 0x0000000095000000|  0%| F|  |TAMS 0x0000000094f00000, 0x0000000094f00000| Untracked 
| 336|0x0000000095000000, 0x0000000095000000, 0x0000000095100000|  0%| F|  |TAMS 0x0000000095000000, 0x0000000095000000| Untracked 
| 337|0x0000000095100000, 0x0000000095100000, 0x0000000095200000|  0%| F|  |TAMS 0x0000000095100000, 0x0000000095100000| Untracked 
| 338|0x0000000095200000, 0x0000000095200000, 0x0000000095300000|  0%| F|  |TAMS 0x0000000095200000, 0x0000000095200000| Untracked 
| 339|0x0000000095300000, 0x0000000095300000, 0x0000000095400000|  0%| F|  |TAMS 0x0000000095300000, 0x0000000095300000| Untracked 
| 340|0x0000000095400000, 0x0000000095400000, 0x0000000095500000|  0%| F|  |TAMS 0x0000000095400000, 0x0000000095400000| Untracked 
| 341|0x0000000095500000, 0x0000000095500000, 0x0000000095600000|  0%| F|  |TAMS 0x0000000095500000, 0x0000000095500000| Untracked 
| 342|0x0000000095600000, 0x0000000095600000, 0x0000000095700000|  0%| F|  |TAMS 0x0000000095600000, 0x0000000095600000| Untracked 
| 343|0x0000000095700000, 0x0000000095700000, 0x0000000095800000|  0%| F|  |TAMS 0x0000000095700000, 0x0000000095700000| Untracked 
| 344|0x0000000095800000, 0x0000000095800000, 0x0000000095900000|  0%| F|  |TAMS 0x0000000095800000, 0x0000000095800000| Untracked 
| 345|0x0000000095900000, 0x0000000095900000, 0x0000000095a00000|  0%| F|  |TAMS 0x0000000095900000, 0x0000000095900000| Untracked 
| 346|0x0000000095a00000, 0x0000000095a00000, 0x0000000095b00000|  0%| F|  |TAMS 0x0000000095a00000, 0x0000000095a00000| Untracked 
| 347|0x0000000095b00000, 0x0000000095b00000, 0x0000000095c00000|  0%| F|  |TAMS 0x0000000095b00000, 0x0000000095b00000| Untracked 
| 348|0x0000000095c00000, 0x0000000095c00000, 0x0000000095d00000|  0%| F|  |TAMS 0x0000000095c00000, 0x0000000095c00000| Untracked 
| 349|0x0000000095d00000, 0x0000000095d00000, 0x0000000095e00000|  0%| F|  |TAMS 0x0000000095d00000, 0x0000000095d00000| Untracked 
| 350|0x0000000095e00000, 0x0000000095e00000, 0x0000000095f00000|  0%| F|  |TAMS 0x0000000095e00000, 0x0000000095e00000| Untracked 
| 351|0x0000000095f00000, 0x0000000095f00000, 0x0000000096000000|  0%| F|  |TAMS 0x0000000095f00000, 0x0000000095f00000| Untracked 
| 352|0x0000000096000000, 0x0000000096000000, 0x0000000096100000|  0%| F|  |TAMS 0x0000000096000000, 0x0000000096000000| Untracked 
| 353|0x0000000096100000, 0x0000000096100000, 0x0000000096200000|  0%| F|  |TAMS 0x0000000096100000, 0x0000000096100000| Untracked 
| 354|0x0000000096200000, 0x0000000096200000, 0x0000000096300000|  0%| F|  |TAMS 0x0000000096200000, 0x0000000096200000| Untracked 
| 355|0x0000000096300000, 0x0000000096300000, 0x0000000096400000|  0%| F|  |TAMS 0x0000000096300000, 0x0000000096300000| Untracked 
| 356|0x0000000096400000, 0x0000000096400000, 0x0000000096500000|  0%| F|  |TAMS 0x0000000096400000, 0x0000000096400000| Untracked 
| 357|0x0000000096500000, 0x0000000096500000, 0x0000000096600000|  0%| F|  |TAMS 0x0000000096500000, 0x0000000096500000| Untracked 
| 358|0x0000000096600000, 0x0000000096600000, 0x0000000096700000|  0%| F|  |TAMS 0x0000000096600000, 0x0000000096600000| Untracked 
| 359|0x0000000096700000, 0x0000000096700000, 0x0000000096800000|  0%| F|  |TAMS 0x0000000096700000, 0x0000000096700000| Untracked 
| 360|0x0000000096800000, 0x0000000096800000, 0x0000000096900000|  0%| F|  |TAMS 0x0000000096800000, 0x0000000096800000| Untracked 
| 361|0x0000000096900000, 0x0000000096900000, 0x0000000096a00000|  0%| F|  |TAMS 0x0000000096900000, 0x0000000096900000| Untracked 
| 362|0x0000000096a00000, 0x0000000096a00000, 0x0000000096b00000|  0%| F|  |TAMS 0x0000000096a00000, 0x0000000096a00000| Untracked 
| 363|0x0000000096b00000, 0x0000000096b00000, 0x0000000096c00000|  0%| F|  |TAMS 0x0000000096b00000, 0x0000000096b00000| Untracked 
| 364|0x0000000096c00000, 0x0000000096c00000, 0x0000000096d00000|  0%| F|  |TAMS 0x0000000096c00000, 0x0000000096c00000| Untracked 
| 365|0x0000000096d00000, 0x0000000096d00000, 0x0000000096e00000|  0%| F|  |TAMS 0x0000000096d00000, 0x0000000096d00000| Untracked 
| 366|0x0000000096e00000, 0x0000000096e00000, 0x0000000096f00000|  0%| F|  |TAMS 0x0000000096e00000, 0x0000000096e00000| Untracked 
| 367|0x0000000096f00000, 0x0000000096f00000, 0x0000000097000000|  0%| F|  |TAMS 0x0000000096f00000, 0x0000000096f00000| Untracked 
| 368|0x0000000097000000, 0x0000000097000000, 0x0000000097100000|  0%| F|  |TAMS 0x0000000097000000, 0x0000000097000000| Untracked 
| 369|0x0000000097100000, 0x0000000097100000, 0x0000000097200000|  0%| F|  |TAMS 0x0000000097100000, 0x0000000097100000| Untracked 
| 370|0x0000000097200000, 0x0000000097200000, 0x0000000097300000|  0%| F|  |TAMS 0x0000000097200000, 0x0000000097200000| Untracked 
| 371|0x0000000097300000, 0x0000000097300000, 0x0000000097400000|  0%| F|  |TAMS 0x0000000097300000, 0x0000000097300000| Untracked 
| 372|0x0000000097400000, 0x0000000097400000, 0x0000000097500000|  0%| F|  |TAMS 0x0000000097400000, 0x0000000097400000| Untracked 
| 373|0x0000000097500000, 0x0000000097500000, 0x0000000097600000|  0%| F|  |TAMS 0x0000000097500000, 0x0000000097500000| Untracked 
| 374|0x0000000097600000, 0x0000000097600000, 0x0000000097700000|  0%| F|  |TAMS 0x0000000097600000, 0x0000000097600000| Untracked 
| 375|0x0000000097700000, 0x0000000097700000, 0x0000000097800000|  0%| F|  |TAMS 0x0000000097700000, 0x0000000097700000| Untracked 
| 376|0x0000000097800000, 0x0000000097800000, 0x0000000097900000|  0%| F|  |TAMS 0x0000000097800000, 0x0000000097800000| Untracked 
| 377|0x0000000097900000, 0x0000000097900000, 0x0000000097a00000|  0%| F|  |TAMS 0x0000000097900000, 0x0000000097900000| Untracked 
| 378|0x0000000097a00000, 0x0000000097a00000, 0x0000000097b00000|  0%| F|  |TAMS 0x0000000097a00000, 0x0000000097a00000| Untracked 
| 379|0x0000000097b00000, 0x0000000097b00000, 0x0000000097c00000|  0%| F|  |TAMS 0x0000000097b00000, 0x0000000097b00000| Untracked 
| 380|0x0000000097c00000, 0x0000000097c00000, 0x0000000097d00000|  0%| F|  |TAMS 0x0000000097c00000, 0x0000000097c00000| Untracked 
| 381|0x0000000097d00000, 0x0000000097d00000, 0x0000000097e00000|  0%| F|  |TAMS 0x0000000097d00000, 0x0000000097d00000| Untracked 
| 382|0x0000000097e00000, 0x0000000097e00000, 0x0000000097f00000|  0%| F|  |TAMS 0x0000000097e00000, 0x0000000097e00000| Untracked 
| 383|0x0000000097f00000, 0x0000000097f00000, 0x0000000098000000|  0%| F|  |TAMS 0x0000000097f00000, 0x0000000097f00000| Untracked 
| 384|0x0000000098000000, 0x0000000098000000, 0x0000000098100000|  0%| F|  |TAMS 0x0000000098000000, 0x0000000098000000| Untracked 
| 385|0x0000000098100000, 0x0000000098100000, 0x0000000098200000|  0%| F|  |TAMS 0x0000000098100000, 0x0000000098100000| Untracked 
| 386|0x0000000098200000, 0x0000000098200000, 0x0000000098300000|  0%| F|  |TAMS 0x0000000098200000, 0x0000000098200000| Untracked 
| 387|0x0000000098300000, 0x0000000098300000, 0x0000000098400000|  0%| F|  |TAMS 0x0000000098300000, 0x0000000098300000| Untracked 
| 388|0x0000000098400000, 0x0000000098400000, 0x0000000098500000|  0%| F|  |TAMS 0x0000000098400000, 0x0000000098400000| Untracked 
| 389|0x0000000098500000, 0x0000000098500000, 0x0000000098600000|  0%| F|  |TAMS 0x0000000098500000, 0x0000000098500000| Untracked 
| 390|0x0000000098600000, 0x0000000098600000, 0x0000000098700000|  0%| F|  |TAMS 0x0000000098600000, 0x0000000098600000| Untracked 
| 391|0x0000000098700000, 0x0000000098700000, 0x0000000098800000|  0%| F|  |TAMS 0x0000000098700000, 0x0000000098700000| Untracked 
| 392|0x0000000098800000, 0x0000000098800000, 0x0000000098900000|  0%| F|  |TAMS 0x0000000098800000, 0x0000000098800000| Untracked 
| 393|0x0000000098900000, 0x0000000098900000, 0x0000000098a00000|  0%| F|  |TAMS 0x0000000098900000, 0x0000000098900000| Untracked 
| 394|0x0000000098a00000, 0x0000000098a00000, 0x0000000098b00000|  0%| F|  |TAMS 0x0000000098a00000, 0x0000000098a00000| Untracked 
| 395|0x0000000098b00000, 0x0000000098b00000, 0x0000000098c00000|  0%| F|  |TAMS 0x0000000098b00000, 0x0000000098b00000| Untracked 
| 396|0x0000000098c00000, 0x0000000098c00000, 0x0000000098d00000|  0%| F|  |TAMS 0x0000000098c00000, 0x0000000098c00000| Untracked 
| 397|0x0000000098d00000, 0x0000000098d00000, 0x0000000098e00000|  0%| F|  |TAMS 0x0000000098d00000, 0x0000000098d00000| Untracked 
| 398|0x0000000098e00000, 0x0000000098e00000, 0x0000000098f00000|  0%| F|  |TAMS 0x0000000098e00000, 0x0000000098e00000| Untracked 
| 399|0x0000000098f00000, 0x0000000098f00000, 0x0000000099000000|  0%| F|  |TAMS 0x0000000098f00000, 0x0000000098f00000| Untracked 
| 400|0x0000000099000000, 0x0000000099000000, 0x0000000099100000|  0%| F|  |TAMS 0x0000000099000000, 0x0000000099000000| Untracked 
| 401|0x0000000099100000, 0x0000000099100000, 0x0000000099200000|  0%| F|  |TAMS 0x0000000099100000, 0x0000000099100000| Untracked 
| 402|0x0000000099200000, 0x0000000099200000, 0x0000000099300000|  0%| F|  |TAMS 0x0000000099200000, 0x0000000099200000| Untracked 
| 403|0x0000000099300000, 0x0000000099300000, 0x0000000099400000|  0%| F|  |TAMS 0x0000000099300000, 0x0000000099300000| Untracked 
| 404|0x0000000099400000, 0x0000000099400000, 0x0000000099500000|  0%| F|  |TAMS 0x0000000099400000, 0x0000000099400000| Untracked 
| 405|0x0000000099500000, 0x0000000099500000, 0x0000000099600000|  0%| F|  |TAMS 0x0000000099500000, 0x0000000099500000| Untracked 
| 406|0x0000000099600000, 0x0000000099600000, 0x0000000099700000|  0%| F|  |TAMS 0x0000000099600000, 0x0000000099600000| Untracked 
| 407|0x0000000099700000, 0x0000000099700000, 0x0000000099800000|  0%| F|  |TAMS 0x0000000099700000, 0x0000000099700000| Untracked 
| 408|0x0000000099800000, 0x0000000099800000, 0x0000000099900000|  0%| F|  |TAMS 0x0000000099800000, 0x0000000099800000| Untracked 
| 409|0x0000000099900000, 0x0000000099900000, 0x0000000099a00000|  0%| F|  |TAMS 0x0000000099900000, 0x0000000099900000| Untracked 
| 410|0x0000000099a00000, 0x0000000099a00000, 0x0000000099b00000|  0%| F|  |TAMS 0x0000000099a00000, 0x0000000099a00000| Untracked 
| 411|0x0000000099b00000, 0x0000000099b00000, 0x0000000099c00000|  0%| F|  |TAMS 0x0000000099b00000, 0x0000000099b00000| Untracked 
| 412|0x0000000099c00000, 0x0000000099c00000, 0x0000000099d00000|  0%| F|  |TAMS 0x0000000099c00000, 0x0000000099c00000| Untracked 
| 413|0x0000000099d00000, 0x0000000099d00000, 0x0000000099e00000|  0%| F|  |TAMS 0x0000000099d00000, 0x0000000099d00000| Untracked 
| 414|0x0000000099e00000, 0x0000000099e00000, 0x0000000099f00000|  0%| F|  |TAMS 0x0000000099e00000, 0x0000000099e00000| Untracked 
| 415|0x0000000099f00000, 0x0000000099f00000, 0x000000009a000000|  0%| F|  |TAMS 0x0000000099f00000, 0x0000000099f00000| Untracked 
| 416|0x000000009a000000, 0x000000009a000000, 0x000000009a100000|  0%| F|  |TAMS 0x000000009a000000, 0x000000009a000000| Untracked 
| 417|0x000000009a100000, 0x000000009a100000, 0x000000009a200000|  0%| F|  |TAMS 0x000000009a100000, 0x000000009a100000| Untracked 
| 418|0x000000009a200000, 0x000000009a200000, 0x000000009a300000|  0%| F|  |TAMS 0x000000009a200000, 0x000000009a200000| Untracked 
| 419|0x000000009a300000, 0x000000009a300000, 0x000000009a400000|  0%| F|  |TAMS 0x000000009a300000, 0x000000009a300000| Untracked 
| 420|0x000000009a400000, 0x000000009a400000, 0x000000009a500000|  0%| F|  |TAMS 0x000000009a400000, 0x000000009a400000| Untracked 
| 421|0x000000009a500000, 0x000000009a500000, 0x000000009a600000|  0%| F|  |TAMS 0x000000009a500000, 0x000000009a500000| Untracked 
| 422|0x000000009a600000, 0x000000009a700000, 0x000000009a700000|100%| E|  |TAMS 0x000000009a600000, 0x000000009a600000| Complete 
| 423|0x000000009a700000, 0x000000009a800000, 0x000000009a800000|100%| E|CS|TAMS 0x000000009a700000, 0x000000009a700000| Complete 
| 424|0x000000009a800000, 0x000000009a900000, 0x000000009a900000|100%| E|CS|TAMS 0x000000009a800000, 0x000000009a800000| Complete 
| 425|0x000000009a900000, 0x000000009aa00000, 0x000000009aa00000|100%| E|CS|TAMS 0x000000009a900000, 0x000000009a900000| Complete 
| 426|0x000000009aa00000, 0x000000009ab00000, 0x000000009ab00000|100%| E|CS|TAMS 0x000000009aa00000, 0x000000009aa00000| Complete 
| 427|0x000000009ab00000, 0x000000009ac00000, 0x000000009ac00000|100%| E|CS|TAMS 0x000000009ab00000, 0x000000009ab00000| Complete 
| 428|0x000000009ac00000, 0x000000009ad00000, 0x000000009ad00000|100%| E|CS|TAMS 0x000000009ac00000, 0x000000009ac00000| Complete 
| 429|0x000000009ad00000, 0x000000009ae00000, 0x000000009ae00000|100%| E|CS|TAMS 0x000000009ad00000, 0x000000009ad00000| Complete 
| 430|0x000000009ae00000, 0x000000009af00000, 0x000000009af00000|100%| E|CS|TAMS 0x000000009ae00000, 0x000000009ae00000| Complete 
| 431|0x000000009af00000, 0x000000009b000000, 0x000000009b000000|100%| E|CS|TAMS 0x000000009af00000, 0x000000009af00000| Complete 
| 432|0x000000009b000000, 0x000000009b100000, 0x000000009b100000|100%| E|CS|TAMS 0x000000009b000000, 0x000000009b000000| Complete 
| 433|0x000000009b100000, 0x000000009b200000, 0x000000009b200000|100%| E|CS|TAMS 0x000000009b100000, 0x000000009b100000| Complete 
| 434|0x000000009b200000, 0x000000009b300000, 0x000000009b300000|100%| E|CS|TAMS 0x000000009b200000, 0x000000009b200000| Complete 
| 435|0x000000009b300000, 0x000000009b400000, 0x000000009b400000|100%| E|CS|TAMS 0x000000009b300000, 0x000000009b300000| Complete 
| 436|0x000000009b400000, 0x000000009b500000, 0x000000009b500000|100%| E|CS|TAMS 0x000000009b400000, 0x000000009b400000| Complete 
| 437|0x000000009b500000, 0x000000009b600000, 0x000000009b600000|100%| E|CS|TAMS 0x000000009b500000, 0x000000009b500000| Complete 
| 438|0x000000009b600000, 0x000000009b700000, 0x000000009b700000|100%| E|CS|TAMS 0x000000009b600000, 0x000000009b600000| Complete 
| 439|0x000000009b700000, 0x000000009b800000, 0x000000009b800000|100%| E|CS|TAMS 0x000000009b700000, 0x000000009b700000| Complete 
| 440|0x000000009b800000, 0x000000009b900000, 0x000000009b900000|100%| E|CS|TAMS 0x000000009b800000, 0x000000009b800000| Complete 
| 441|0x000000009b900000, 0x000000009ba00000, 0x000000009ba00000|100%| E|CS|TAMS 0x000000009b900000, 0x000000009b900000| Complete 
| 442|0x000000009ba00000, 0x000000009bb00000, 0x000000009bb00000|100%| E|CS|TAMS 0x000000009ba00000, 0x000000009ba00000| Complete 
| 443|0x000000009bb00000, 0x000000009bc00000, 0x000000009bc00000|100%| E|CS|TAMS 0x000000009bb00000, 0x000000009bb00000| Complete 
| 444|0x000000009bc00000, 0x000000009bd00000, 0x000000009bd00000|100%| E|CS|TAMS 0x000000009bc00000, 0x000000009bc00000| Complete 
| 445|0x000000009bd00000, 0x000000009be00000, 0x000000009be00000|100%| E|CS|TAMS 0x000000009bd00000, 0x000000009bd00000| Complete 
| 446|0x000000009be00000, 0x000000009bf00000, 0x000000009bf00000|100%| E|CS|TAMS 0x000000009be00000, 0x000000009be00000| Complete 
| 447|0x000000009bf00000, 0x000000009c000000, 0x000000009c000000|100%| E|CS|TAMS 0x000000009bf00000, 0x000000009bf00000| Complete 
| 448|0x000000009c000000, 0x000000009c100000, 0x000000009c100000|100%| E|CS|TAMS 0x000000009c000000, 0x000000009c000000| Complete 
| 449|0x000000009c100000, 0x000000009c200000, 0x000000009c200000|100%| E|CS|TAMS 0x000000009c100000, 0x000000009c100000| Complete 
| 450|0x000000009c200000, 0x000000009c300000, 0x000000009c300000|100%| E|CS|TAMS 0x000000009c200000, 0x000000009c200000| Complete 
| 451|0x000000009c300000, 0x000000009c400000, 0x000000009c400000|100%| E|CS|TAMS 0x000000009c300000, 0x000000009c300000| Complete 
| 452|0x000000009c400000, 0x000000009c500000, 0x000000009c500000|100%| E|CS|TAMS 0x000000009c400000, 0x000000009c400000| Complete 
| 453|0x000000009c500000, 0x000000009c600000, 0x000000009c600000|100%| E|CS|TAMS 0x000000009c500000, 0x000000009c500000| Complete 
| 454|0x000000009c600000, 0x000000009c700000, 0x000000009c700000|100%| E|CS|TAMS 0x000000009c600000, 0x000000009c600000| Complete 
| 455|0x000000009c700000, 0x000000009c800000, 0x000000009c800000|100%| E|CS|TAMS 0x000000009c700000, 0x000000009c700000| Complete 
| 456|0x000000009c800000, 0x000000009c900000, 0x000000009c900000|100%| E|CS|TAMS 0x000000009c800000, 0x000000009c800000| Complete 
| 457|0x000000009c900000, 0x000000009ca00000, 0x000000009ca00000|100%| E|CS|TAMS 0x000000009c900000, 0x000000009c900000| Complete 
| 458|0x000000009ca00000, 0x000000009cb00000, 0x000000009cb00000|100%| E|CS|TAMS 0x000000009ca00000, 0x000000009ca00000| Complete 
| 459|0x000000009cb00000, 0x000000009cc00000, 0x000000009cc00000|100%| E|CS|TAMS 0x000000009cb00000, 0x000000009cb00000| Complete 
| 460|0x000000009cc00000, 0x000000009cd00000, 0x000000009cd00000|100%| E|CS|TAMS 0x000000009cc00000, 0x000000009cc00000| Complete 
| 461|0x000000009cd00000, 0x000000009ce00000, 0x000000009ce00000|100%| E|CS|TAMS 0x000000009cd00000, 0x000000009cd00000| Complete 
| 462|0x000000009ce00000, 0x000000009cf00000, 0x000000009cf00000|100%| E|CS|TAMS 0x000000009ce00000, 0x000000009ce00000| Complete 
| 463|0x000000009cf00000, 0x000000009d000000, 0x000000009d000000|100%| E|CS|TAMS 0x000000009cf00000, 0x000000009cf00000| Complete 

Card table byte_map: [0x000001502d920000,0x000001502dd20000] _byte_map_base: 0x000001502d520000

Marking Bits (Prev, Next): (CMBitMap*) 0x0000015018e5e550, (CMBitMap*) 0x0000015018e5e510
 Prev Bits: [0x0000015030120000, 0x0000015032120000)
 Next Bits: [0x000001502e120000, 0x0000015030120000)

Polling page: 0x00000150188f0000

Metaspace:

Usage:
  Non-class:     56.45 MB used.
      Class:      8.57 MB used.
       Both:     65.02 MB used.

Virtual space:
  Non-class space:       64.00 MB reserved,      56.75 MB ( 89%) committed,  1 nodes.
      Class space:        1.00 GB reserved,       8.81 MB ( <1%) committed,  1 nodes.
             Both:        1.06 GB reserved,      65.56 MB (  6%) committed. 

Chunk freelists:
   Non-Class:  7.23 MB
       Class:  7.20 MB
        Both:  14.44 MB

MaxMetaspaceSize: unlimited
CompressedClassSpaceSize: 1.00 GB
Initial GC threshold: 21.00 MB
Current GC threshold: 98.44 MB
CDS: off
MetaspaceReclaimPolicy: balanced
 - commit_granule_bytes: 65536.
 - commit_granule_words: 8192.
 - virtual_space_node_default_size: 8388608.
 - enlarge_chunks_in_place: 1.
 - new_chunks_are_fully_committed: 0.
 - uncommit_free_chunks: 1.
 - use_allocation_guard: 0.
 - handle_deallocations: 1.


Internal statistics:

num_allocs_failed_limit: 3.
num_arena_births: 764.
num_arena_deaths: 8.
num_vsnodes_births: 2.
num_vsnodes_deaths: 0.
num_space_committed: 1049.
num_space_uncommitted: 0.
num_chunks_returned_to_freelist: 14.
num_chunks_taken_from_freelist: 3081.
num_chunk_merges: 0.
num_chunk_splits: 2038.
num_chunks_enlarged: 1407.
num_inconsistent_stats: 0.

CodeHeap 'non-profiled nmethods': size=120000Kb used=6621Kb max_used=7845Kb free=113378Kb
 bounds [0x0000015025370000, 0x0000015025b20000, 0x000001502c8a0000]
CodeHeap 'profiled nmethods': size=120000Kb used=14206Kb max_used=15545Kb free=105793Kb
 bounds [0x000001501d8a0000, 0x000001501e7d0000, 0x0000015024dd0000]
CodeHeap 'non-nmethods': size=5760Kb used=2334Kb max_used=2411Kb free=3425Kb
 bounds [0x0000015024dd0000, 0x0000015025040000, 0x0000015025370000]
 total_blobs=8833 nmethods=7978 adapters=766
 compilation: enabled
              stopped_count=0, restarted_count=0
 full_count=0

Compilation events (20 events):
Event: 32.394 Thread 0x0000015034e91900 10591       4       kotlinx.metadata.internal.protobuf.SmallSortedMap$EmptySet$2::iterator (4 bytes)
Event: 32.395 Thread 0x0000015034e91900 nmethod 10591 0x0000015025807c10 code [0x0000015025807d80, 0x0000015025807df8]
Event: 32.395 Thread 0x0000015034e91900 10595       4       kotlinx.metadata.internal.protobuf.CodedOutputStream::refreshBuffer (37 bytes)
Event: 32.395 Thread 0x000001503ed5f140 nmethod 10590 0x000001502577eb10 code [0x000001502577ece0, 0x000001502577f0d8]
Event: 32.395 Thread 0x000001503ed5f140 10596  s    4       kotlinx.metadata.internal.protobuf.ByteString$Output::write (100 bytes)
Event: 32.396 Thread 0x0000015034e929a0 nmethod 10597 0x000001501e4d6a90 code [0x000001501e4d70a0, 0x000001501e4daf78]
Event: 32.396 Thread 0x0000015034e929a0 10600       3       java.lang.invoke.LambdaForm$MH/0x00000001001b1c00::invoke (27 bytes)
Event: 32.397 Thread 0x0000015034e929a0 nmethod 10600 0x000001501e164710 code [0x000001501e1648e0, 0x000001501e164d18]
Event: 32.397 Thread 0x0000015034e929a0 10598       3       kotlinx.metadata.internal.metadata.ProtoBuf$Constructor::getValueParameterCount (10 bytes)
Event: 32.397 Thread 0x0000015034e91900 nmethod 10595 0x0000015025807410 code [0x00000150258075a0, 0x00000150258078d8]
Event: 32.397 Thread 0x0000015034e91900 10601       4       java.util.Collections$SingletonList::iterator (8 bytes)
Event: 32.397 Thread 0x0000015034e929a0 nmethod 10598 0x000001501e13c210 code [0x000001501e13c3c0, 0x000001501e13c588]
Event: 32.397 Thread 0x000001503ed5f140 nmethod 10596 0x000001502577e510 code [0x000001502577e6a0, 0x000001502577e958]
Event: 32.397 Thread 0x000001503ed5f140 10599       4       kotlinx.metadata.internal.protobuf.SmallSortedMap::binarySearchInArray (133 bytes)
Event: 32.398 Thread 0x0000015034e91900 nmethod 10601 0x000001502577e210 code [0x000001502577e3a0, 0x000001502577e478]
Event: 32.400 Thread 0x000001503ed5f140 nmethod 10599 0x0000015025933690 code [0x0000015025933840, 0x0000015025933af8]
Event: 32.414 Thread 0x0000015034e91900 10602       4       kotlinx.metadata.internal.protobuf.CodedInputStream::readInt32 (5 bytes)
Event: 32.414 Thread 0x000001503ed5f140 10603       4       kotlinx.metadata.internal.protobuf.CodedInputStream::readMessage (74 bytes)
Event: 32.418 Thread 0x0000015034e91900 nmethod 10602 0x000001502577db10 code [0x000001502577dca0, 0x000001502577dfe8]
Event: 32.418 Thread 0x0000015034e91900 10605       4       kotlinx.metadata.internal.metadata.jvm.deserialization.JvmNameResolverBase::getString (450 bytes)

GC Heap History (20 events):
Event: 28.644 GC heap before
{Heap before GC invocations=95 (full 0):
 garbage-first heap   total 406528K, used 349625K [0x0000000080000000, 0x0000000100000000)
  region size 1024K, 190 young (194560K), 14 survivors (14336K)
 Metaspace       used 63806K, committed 64384K, reserved 1114112K
  class space    used 8480K, committed 8768K, reserved 1048576K
}
Event: 28.651 GC heap after
{Heap after GC invocations=96 (full 0):
 garbage-first heap   total 406528K, used 170796K [0x0000000080000000, 0x0000000100000000)
  region size 1024K, 14 young (14336K), 14 survivors (14336K)
 Metaspace       used 63806K, committed 64384K, reserved 1114112K
  class space    used 8480K, committed 8768K, reserved 1048576K
}
Event: 28.870 GC heap before
{Heap before GC invocations=96 (full 0):
 garbage-first heap   total 406528K, used 349996K [0x0000000080000000, 0x0000000100000000)
  region size 1024K, 189 young (193536K), 14 survivors (14336K)
 Metaspace       used 63808K, committed 64384K, reserved 1114112K
  class space    used 8480K, committed 8768K, reserved 1048576K
}
Event: 28.877 GC heap after
{Heap after GC invocations=97 (full 0):
 garbage-first heap   total 475136K, used 171992K [0x0000000080000000, 0x0000000100000000)
  region size 1024K, 14 young (14336K), 14 survivors (14336K)
 Metaspace       used 63808K, committed 64384K, reserved 1114112K
  class space    used 8480K, committed 8768K, reserved 1048576K
}
Event: 29.253 GC heap before
{Heap before GC invocations=97 (full 0):
 garbage-first heap   total 475136K, used 411608K [0x0000000080000000, 0x0000000100000000)
  region size 1024K, 248 young (253952K), 14 survivors (14336K)
 Metaspace       used 63808K, committed 64384K, reserved 1114112K
  class space    used 8480K, committed 8768K, reserved 1048576K
}
Event: 29.260 GC heap after
{Heap after GC invocations=98 (full 0):
 garbage-first heap   total 475136K, used 173254K [0x0000000080000000, 0x0000000100000000)
  region size 1024K, 15 young (15360K), 15 survivors (15360K)
 Metaspace       used 63808K, committed 64384K, reserved 1114112K
  class space    used 8480K, committed 8768K, reserved 1048576K
}
Event: 29.589 GC heap before
{Heap before GC invocations=98 (full 0):
 garbage-first heap   total 475136K, used 411846K [0x0000000080000000, 0x0000000100000000)
  region size 1024K, 247 young (252928K), 15 survivors (15360K)
 Metaspace       used 63810K, committed 64384K, reserved 1114112K
  class space    used 8480K, committed 8768K, reserved 1048576K
}
Event: 29.596 GC heap after
{Heap after GC invocations=99 (full 0):
 garbage-first heap   total 475136K, used 174580K [0x0000000080000000, 0x0000000100000000)
  region size 1024K, 16 young (16384K), 16 survivors (16384K)
 Metaspace       used 63810K, committed 64384K, reserved 1114112K
  class space    used 8480K, committed 8768K, reserved 1048576K
}
Event: 29.795 GC heap before
{Heap before GC invocations=99 (full 0):
 garbage-first heap   total 475136K, used 410100K [0x0000000080000000, 0x0000000100000000)
  region size 1024K, 246 young (251904K), 16 survivors (16384K)
 Metaspace       used 63818K, committed 64448K, reserved 1114112K
  class space    used 8480K, committed 8768K, reserved 1048576K
}
Event: 29.803 GC heap after
{Heap after GC invocations=100 (full 0):
 garbage-first heap   total 475136K, used 176171K [0x0000000080000000, 0x0000000100000000)
  region size 1024K, 18 young (18432K), 18 survivors (18432K)
 Metaspace       used 63818K, committed 64448K, reserved 1114112K
  class space    used 8480K, committed 8768K, reserved 1048576K
}
Event: 30.005 GC heap before
{Heap before GC invocations=100 (full 0):
 garbage-first heap   total 475136K, used 407595K [0x0000000080000000, 0x0000000100000000)
  region size 1024K, 244 young (249856K), 18 survivors (18432K)
 Metaspace       used 63818K, committed 64448K, reserved 1114112K
  class space    used 8480K, committed 8768K, reserved 1048576K
}
Event: 30.013 GC heap after
{Heap after GC invocations=101 (full 0):
 garbage-first heap   total 475136K, used 176746K [0x0000000080000000, 0x0000000100000000)
  region size 1024K, 17 young (17408K), 17 survivors (17408K)
 Metaspace       used 63818K, committed 64448K, reserved 1114112K
  class space    used 8480K, committed 8768K, reserved 1048576K
}
Event: 30.225 GC heap before
{Heap before GC invocations=101 (full 0):
 garbage-first heap   total 475136K, used 408170K [0x0000000080000000, 0x0000000100000000)
  region size 1024K, 243 young (248832K), 17 survivors (17408K)
 Metaspace       used 63818K, committed 64448K, reserved 1114112K
  class space    used 8480K, committed 8768K, reserved 1048576K
}
Event: 30.234 GC heap after
{Heap after GC invocations=102 (full 0):
 garbage-first heap   total 475136K, used 178075K [0x0000000080000000, 0x0000000100000000)
  region size 1024K, 18 young (18432K), 18 survivors (18432K)
 Metaspace       used 63818K, committed 64448K, reserved 1114112K
  class space    used 8480K, committed 8768K, reserved 1048576K
}
Event: 30.940 GC heap before
{Heap before GC invocations=102 (full 0):
 garbage-first heap   total 475136K, used 414619K [0x0000000080000000, 0x0000000100000000)
  region size 1024K, 242 young (247808K), 18 survivors (18432K)
 Metaspace       used 64050K, committed 64640K, reserved 1114112K
  class space    used 8509K, committed 8768K, reserved 1048576K
}
Event: 30.943 GC heap after
{Heap after GC invocations=103 (full 0):
 garbage-first heap   total 475136K, used 176878K [0x0000000080000000, 0x0000000100000000)
  region size 1024K, 9 young (9216K), 9 survivors (9216K)
 Metaspace       used 64050K, committed 64640K, reserved 1114112K
  class space    used 8509K, committed 8768K, reserved 1048576K
}
Event: 31.505 GC heap before
{Heap before GC invocations=103 (full 0):
 garbage-first heap   total 475136K, used 417518K [0x0000000080000000, 0x0000000100000000)
  region size 1024K, 244 young (249856K), 9 survivors (9216K)
 Metaspace       used 64156K, committed 64768K, reserved 1114112K
  class space    used 8516K, committed 8768K, reserved 1048576K
}
Event: 31.509 GC heap after
{Heap after GC invocations=104 (full 0):
 garbage-first heap   total 475136K, used 176468K [0x0000000080000000, 0x0000000100000000)
  region size 1024K, 8 young (8192K), 8 survivors (8192K)
 Metaspace       used 64156K, committed 64768K, reserved 1114112K
  class space    used 8516K, committed 8768K, reserved 1048576K
}
Event: 31.920 GC heap before
{Heap before GC invocations=104 (full 0):
 garbage-first heap   total 475136K, used 418132K [0x0000000080000000, 0x0000000100000000)
  region size 1024K, 244 young (249856K), 8 survivors (8192K)
 Metaspace       used 64156K, committed 64768K, reserved 1114112K
  class space    used 8516K, committed 8768K, reserved 1048576K
}
Event: 31.923 GC heap after
{Heap after GC invocations=105 (full 0):
 garbage-first heap   total 475136K, used 177691K [0x0000000080000000, 0x0000000100000000)
  region size 1024K, 9 young (9216K), 9 survivors (9216K)
 Metaspace       used 64156K, committed 64768K, reserved 1114112K
  class space    used 8516K, committed 8768K, reserved 1048576K
}

Dll operation events (3 events):
Event: 0.007 Loaded shared library C:\Program Files\Android\Android Studio\jbr\bin\java.dll
Event: 0.108 Loaded shared library C:\Program Files\Android\Android Studio\jbr\bin\zip.dll
Event: 0.410 Loaded shared library C:\Program Files\Android\Android Studio\jbr\bin\verify.dll

Deoptimization events (20 events):
Event: 32.156 Thread 0x000001503b4a54e0 Uncommon trap: trap_request=0xffffffde fr.pc=0x0000015025a81d54 relative=0x0000000000000514
Event: 32.156 Thread 0x000001503b4a54e0 Uncommon trap: reason=class_check action=maybe_recompile pc=0x0000015025a81d54 method=java.util.AbstractCollection.toArray()[Ljava/lang/Object; @ 1 c2
Event: 32.156 Thread 0x000001503b4a54e0 DEOPT PACKING pc=0x0000015025a81d54 sp=0x00000009d1df7cd0
Event: 32.156 Thread 0x000001503b4a54e0 DEOPT UNPACKING pc=0x0000015024e269a3 sp=0x00000009d1df7c90 mode 2
Event: 32.207 Thread 0x000001503b4a54e0 Uncommon trap: trap_request=0xffffffde fr.pc=0x0000015025a81d54 relative=0x0000000000000514
Event: 32.207 Thread 0x000001503b4a54e0 Uncommon trap: reason=class_check action=maybe_recompile pc=0x0000015025a81d54 method=java.util.AbstractCollection.toArray()[Ljava/lang/Object; @ 1 c2
Event: 32.207 Thread 0x000001503b4a54e0 DEOPT PACKING pc=0x0000015025a81d54 sp=0x00000009d1df7c80
Event: 32.207 Thread 0x000001503b4a54e0 DEOPT UNPACKING pc=0x0000015024e269a3 sp=0x00000009d1df7c40 mode 2
Event: 32.228 Thread 0x000001503b4a54e0 Uncommon trap: trap_request=0xffffff45 fr.pc=0x0000015025ae7d68 relative=0x00000000000048e8
Event: 32.228 Thread 0x000001503b4a54e0 Uncommon trap: reason=unstable_if action=reinterpret pc=0x0000015025ae7d68 method=org.gradle.kotlin.dsl.normalization.KotlinApiMemberWriter.writeMethod(Lorg/gradle/internal/normalization/java/impl/MethodMember;)V @ 12 c2
Event: 32.228 Thread 0x000001503b4a54e0 DEOPT PACKING pc=0x0000015025ae7d68 sp=0x00000009d1df8250
Event: 32.228 Thread 0x000001503b4a54e0 DEOPT UNPACKING pc=0x0000015024e269a3 sp=0x00000009d1df8218 mode 2
Event: 32.384 Thread 0x000001503b4a54e0 Uncommon trap: trap_request=0xffffff45 fr.pc=0x0000015025b08f4c relative=0x0000000000003b2c
Event: 32.384 Thread 0x000001503b4a54e0 Uncommon trap: reason=unstable_if action=reinterpret pc=0x0000015025b08f4c method=org.gradle.kotlin.dsl.normalization.KotlinApiMemberWriter.writeMethod(Lorg/gradle/internal/normalization/java/impl/MethodMember;)V @ 12 c2
Event: 32.384 Thread 0x000001503b4a54e0 DEOPT PACKING pc=0x0000015025b08f4c sp=0x00000009d1df8190
Event: 32.384 Thread 0x000001503b4a54e0 DEOPT UNPACKING pc=0x0000015024e269a3 sp=0x00000009d1df8190 mode 2
Event: 32.385 Thread 0x000001503b4a54e0 Uncommon trap: trap_request=0xffffffde fr.pc=0x0000015025a81d54 relative=0x0000000000000514
Event: 32.385 Thread 0x000001503b4a54e0 Uncommon trap: reason=class_check action=maybe_recompile pc=0x0000015025a81d54 method=java.util.AbstractCollection.toArray()[Ljava/lang/Object; @ 1 c2
Event: 32.385 Thread 0x000001503b4a54e0 DEOPT PACKING pc=0x0000015025a81d54 sp=0x00000009d1df7c70
Event: 32.385 Thread 0x000001503b4a54e0 DEOPT UNPACKING pc=0x0000015024e269a3 sp=0x00000009d1df7c30 mode 2

Classes unloaded (10 events):
Event: 11.092 Thread 0x0000015034a73c50 Unloading class 0x000000010069c558 '_BuildScript_$_run_closure1'
Event: 11.092 Thread 0x0000015034a73c50 Unloading class 0x000000010069c000 '_BuildScript_'
Event: 11.666 Thread 0x0000015034a73c50 Unloading class 0x0000000100734968 '_BuildScript_$_run_closure1$_closure2'
Event: 11.666 Thread 0x0000015034a73c50 Unloading class 0x0000000100734558 '_BuildScript_$_run_closure1'
Event: 11.666 Thread 0x0000015034a73c50 Unloading class 0x0000000100734000 '_BuildScript_'
Event: 17.606 Thread 0x0000015034a73c50 Unloading class 0x000000010081b968 '_BuildScript_$_run_closure1$_closure2'
Event: 17.606 Thread 0x0000015034a73c50 Unloading class 0x000000010081b558 '_BuildScript_$_run_closure1'
Event: 17.606 Thread 0x0000015034a73c50 Unloading class 0x000000010081b000 '_BuildScript_'
Event: 17.606 Thread 0x0000015034a73c50 Unloading class 0x0000000100818558 '_BuildScript_$_run_closure1'
Event: 17.606 Thread 0x0000015034a73c50 Unloading class 0x0000000100818000 '_BuildScript_'

Classes redefined (0 events):
No events

Internal exceptions (20 events):
Event: 22.558 Thread 0x000001503b4a54e0 Exception <a 'java/lang/ClassNotFoundException'{0x000000008d8063e0}: org/gradle/configuration/internal/DefaultListenerBuildOperationDecorator$BuildOperationEmittingClosureCustomizer> (0x000000008d8063e0) 
thrown [s\src\hotspot\share\classfile\systemDictionary.cpp, line 256]
Event: 22.595 Thread 0x000001503b4a54e0 Exception <a 'sun/nio/fs/WindowsException'{0x000000008d788200}> (0x000000008d788200) 
thrown [s\src\hotspot\share\prims\jni.cpp, line 517]
Event: 22.598 Thread 0x000001503b4a54e0 Exception <a 'java/lang/NoSuchMethodError'{0x000000008d799f08}: 'java.lang.Object java.lang.invoke.Invokers$Holder.invoker(java.lang.Object, java.lang.Object, java.lang.Object, java.lang.Object, java.lang.Object, java.lang.Object)'> (0x000000008d799f08) 
thrown [s\src\hotspot\share\interpreter\linkResolver.cpp, line 771]
Event: 22.619 Thread 0x000001503b4a54e0 Exception <a 'java/lang/NoSuchMethodError'{0x000000008d665000}: 'java.lang.Object java.lang.invoke.DirectMethodHandle$Holder.invokeSpecial(java.lang.Object, java.lang.Object, java.lang.Object, java.lang.Object, java.lang.Object, java.lang.Object, java.lang.Object, java.lang.Object, java.lang.Object, java.lang.Object, java.lang.Object, java.lang.Object, java.lang.Object, java.lang.Object, java.lang.Object, java.lang.Object, java.lang.Object, java.lang.Object, java.lang.Object, java.lang.Object, java.lang.Ob
Event: 22.619 Thread 0x000001503b4a54e0 Exception <a 'java/lang/NoSuchMethodError'{0x000000008d66b268}: 'java.lang.Object java.lang.invoke.DelegatingMethodHandle$Holder.reinvoke_L(java.lang.Object, java.lang.Object, java.lang.Object, java.lang.Object, java.lang.Object, java.lang.Object, java.lang.Object, java.lang.Object, java.lang.Object, java.lang.Object, java.lang.Object, java.lang.Object, java.lang.Object, java.lang.Object, java.lang.Object, java.lang.Object, java.lang.Object, java.lang.Object, java.lang.Object, java.lang.Object, java.lang.O
Event: 22.620 Thread 0x000001503b4a54e0 Exception <a 'java/lang/NoSuchMethodError'{0x000000008d676a08}: 'java.lang.Object java.lang.invoke.Invokers$Holder.invoker(java.lang.Object, java.lang.Object, java.lang.Object, java.lang.Object, java.lang.Object, java.lang.Object, java.lang.Object, java.lang.Object, java.lang.Object, java.lang.Object, java.lang.Object, java.lang.Object, java.lang.Object, java.lang.Object, java.lang.Object, java.lang.Object, java.lang.Object, java.lang.Object, java.lang.Object, java.lang.Object, java.lang.Object, java.lang.
Event: 22.620 Thread 0x000001503b4a54e0 Exception <a 'java/lang/NoSuchMethodError'{0x000000008d67d2e0}: 'java.lang.Object java.lang.invoke.DelegatingMethodHandle$Holder.delegate(java.lang.Object, java.lang.Object, java.lang.Object, java.lang.Object, java.lang.Object, java.lang.Object, java.lang.Object, java.lang.Object, java.lang.Object, java.lang.Object, java.lang.Object, java.lang.Object, java.lang.Object, java.lang.Object, java.lang.Object, java.lang.Object, java.lang.Object, java.lang.Object, java.lang.Object, java.lang.Object, java.lang.Obj
Event: 22.631 Thread 0x000001503b4a54e0 Exception <a 'java/lang/NoSuchMethodError'{0x000000008d549b98}: 'java.lang.Object java.lang.invoke.DirectMethodHandle$Holder.invokeStatic(java.lang.Object, java.lang.Object, java.lang.Object, java.lang.Object, java.lang.Object, java.lang.Object, java.lang.Object, java.lang.Object, java.lang.Object, java.lang.Object, java.lang.Object, java.lang.Object, java.lang.Object, java.lang.Object, java.lang.Object, java.lang.Object, java.lang.Object, java.lang.Object, java.lang.Object, java.lang.Object, java.lang.Obj
Event: 22.762 Thread 0x000001503b4a54e0 Exception <a 'sun/nio/fs/WindowsException'{0x0000000098a52ab0}> (0x0000000098a52ab0) 
thrown [s\src\hotspot\share\prims\jni.cpp, line 517]
Event: 22.762 Thread 0x000001503b4a54e0 Exception <a 'sun/nio/fs/WindowsException'{0x0000000098a54320}> (0x0000000098a54320) 
thrown [s\src\hotspot\share\prims\jni.cpp, line 517]
Event: 22.770 Thread 0x000001503b4a54e0 Implicit null exception at 0x000001502577c593 to 0x000001502577c768
Event: 22.770 Thread 0x000001503b4a54e0 Implicit null exception at 0x0000015025814e9a to 0x00000150258151cc
Event: 22.771 Thread 0x000001503b4a54e0 Implicit null exception at 0x00000150257ffe0c to 0x0000015025800f68
Event: 22.771 Thread 0x000001503b4a54e0 Implicit null exception at 0x000001502579b7ce to 0x000001502579c028
Event: 30.415 Thread 0x000001503b4a54e0 Exception <a 'sun/nio/fs/WindowsException'{0x000000008fd525e0}> (0x000000008fd525e0) 
thrown [s\src\hotspot\share\prims\jni.cpp, line 517]
Event: 30.415 Thread 0x000001503b4a54e0 Exception <a 'sun/nio/fs/WindowsException'{0x000000008fd52760}> (0x000000008fd52760) 
thrown [s\src\hotspot\share\prims\jni.cpp, line 517]
Event: 30.866 Thread 0x000001503b4a54e0 Implicit null exception at 0x00000150259e1ff0 to 0x00000150259e3bc8
Event: 30.866 Thread 0x000001503b4a54e0 Implicit null exception at 0x0000015025a48e55 to 0x0000015025a4d9e0
Event: 30.869 Thread 0x000001503b4a54e0 Implicit null exception at 0x00000150255716d0 to 0x0000015025571794
Event: 30.874 Thread 0x000001503b4a54e0 Implicit null exception at 0x000001502554cb30 to 0x000001502554cb60

VM Operations (20 events):
Event: 30.225 Executing VM operation: G1CollectForAllocation
Event: 30.234 Executing VM operation: G1CollectForAllocation done
Event: 30.873 Executing VM operation: HandshakeAllThreads
Event: 30.873 Executing VM operation: HandshakeAllThreads done
Event: 30.940 Executing VM operation: G1CollectForAllocation
Event: 30.943 Executing VM operation: G1CollectForAllocation done
Event: 31.505 Executing VM operation: G1CollectForAllocation
Event: 31.509 Executing VM operation: G1CollectForAllocation done
Event: 31.920 Executing VM operation: G1CollectForAllocation
Event: 31.923 Executing VM operation: G1CollectForAllocation done
Event: 32.228 Executing VM operation: HandshakeAllThreads
Event: 32.228 Executing VM operation: HandshakeAllThreads done
Event: 32.232 Executing VM operation: ICBufferFull
Event: 32.232 Executing VM operation: ICBufferFull done
Event: 32.373 Executing VM operation: HandshakeAllThreads
Event: 32.373 Executing VM operation: HandshakeAllThreads done
Event: 32.386 Executing VM operation: ICBufferFull
Event: 32.387 Executing VM operation: ICBufferFull done
Event: 32.400 Executing VM operation: HandshakeAllThreads
Event: 32.400 Executing VM operation: HandshakeAllThreads done

Events (20 events):
Event: 32.412 Thread 0x0000015034e95a50 flushing nmethod 0x000001501e605610
Event: 32.412 Thread 0x0000015034e95a50 flushing nmethod 0x000001501e652a90
Event: 32.412 Thread 0x0000015034e95a50 flushing nmethod 0x000001501e679010
Event: 32.412 Thread 0x0000015034e95a50 flushing nmethod 0x000001501e679490
Event: 32.412 Thread 0x0000015034e95a50 flushing nmethod 0x000001501e68a590
Event: 32.412 Thread 0x0000015034e95a50 flushing nmethod 0x000001501e68b310
Event: 32.412 Thread 0x0000015034e95a50 flushing nmethod 0x000001501e690710
Event: 32.412 Thread 0x0000015034e95a50 flushing nmethod 0x000001501e698590
Event: 32.412 Thread 0x0000015034e95a50 flushing nmethod 0x000001501e69ea90
Event: 32.412 Thread 0x0000015034e95a50 flushing nmethod 0x000001501e6a1c90
Event: 32.412 Thread 0x0000015034e95a50 flushing nmethod 0x000001501e6aae90
Event: 32.412 Thread 0x0000015034e95a50 flushing nmethod 0x000001501e6ade10
Event: 32.412 Thread 0x0000015034e95a50 flushing nmethod 0x000001501e6b2990
Event: 32.412 Thread 0x0000015034e95a50 flushing nmethod 0x000001501e6b5210
Event: 32.413 Thread 0x0000015034e95a50 flushing nmethod 0x000001501e6bb010
Event: 32.413 Thread 0x0000015034e95a50 flushing nmethod 0x000001501e6bfd10
Event: 32.413 Thread 0x0000015034e95a50 flushing nmethod 0x000001501e6cb810
Event: 32.413 Thread 0x0000015034e95a50 flushing nmethod 0x000001501e6cbd10
Event: 32.413 Thread 0x0000015034e95a50 flushing nmethod 0x000001501e6d7390
Event: 32.413 Thread 0x0000015034e95a50 flushing nmethod 0x000001501e6e2010


Dynamic libraries:
0x00007ff701800000 - 0x00007ff70180a000 	C:\Program Files\Android\Android Studio\jbr\bin\java.exe
0x00007ff96c760000 - 0x00007ff96c9c7000 	C:\Windows\SYSTEM32\ntdll.dll
0x00007ff96b6d0000 - 0x00007ff96b79b000 	C:\Windows\System32\KERNEL32.DLL
0x00007ff969960000 - 0x00007ff969d62000 	C:\Windows\System32\KERNELBASE.dll
0x00007ff969d70000 - 0x00007ff969ebc000 	C:\Windows\System32\ucrtbase.dll
0x00007ff948640000 - 0x00007ff948657000 	C:\Program Files\Android\Android Studio\jbr\bin\jli.dll
0x00007ff96b3c0000 - 0x00007ff96b58f000 	C:\Windows\System32\USER32.dll
0x00007ff94e9b0000 - 0x00007ff94ec40000 	C:\Windows\WinSxS\amd64_microsoft.windows.common-controls_6595b64144ccf1df_6.0.26100.9278_none_3e0d1ba8e3303201\COMCTL32.dll
0x00007ff96a050000 - 0x00007ff96a077000 	C:\Windows\System32\win32u.dll
0x00007ff96abc0000 - 0x00007ff96ac69000 	C:\Windows\System32\msvcrt.dll
0x00007ff96b630000 - 0x00007ff96b65b000 	C:\Windows\System32\GDI32.dll
0x00007ff96a350000 - 0x00007ff96a479000 	C:\Windows\System32\gdi32full.dll
0x00007ff96a2a0000 - 0x00007ff96a343000 	C:\Windows\System32\msvcp_win.dll
0x00007ff9480f0000 - 0x00007ff94810b000 	C:\Program Files\Android\Android Studio\jbr\bin\VCRUNTIME140.dll
0x00007ff96b7a0000 - 0x00007ff96b7d1000 	C:\Windows\System32\IMM32.DLL
0x00007ff94a220000 - 0x00007ff94a22c000 	C:\Program Files\Android\Android Studio\jbr\bin\vcruntime140_1.dll
0x00007ff931590000 - 0x00007ff93161d000 	C:\Program Files\Android\Android Studio\jbr\bin\msvcp140.dll
0x00007ff8fb470000 - 0x00007ff8fc0f0000 	C:\Program Files\Android\Android Studio\jbr\bin\server\jvm.dll
0x00007ff96b150000 - 0x00007ff96b20c000 	C:\Windows\System32\ADVAPI32.dll
0x00007ff96b310000 - 0x00007ff96b3b9000 	C:\Windows\System32\sechost.dll
0x00007ff96aaa0000 - 0x00007ff96abb8000 	C:\Windows\System32\RPCRT4.dll
0x00007ff964190000 - 0x00007ff96419a000 	C:\Windows\SYSTEM32\WSOCK32.dll
0x00007ff962670000 - 0x00007ff96267b000 	C:\Windows\SYSTEM32\VERSION.dll
0x00007ff96b5a0000 - 0x00007ff96b620000 	C:\Windows\System32\WS2_32.dll
0x00007ff962190000 - 0x00007ff9621c6000 	C:\Windows\SYSTEM32\WINMM.dll
0x00007ff9685f0000 - 0x00007ff96860b000 	C:\Windows\SYSTEM32\kernel.appcore.dll
0x00007ff95b6d0000 - 0x00007ff95b6da000 	C:\Program Files\Android\Android Studio\jbr\bin\jimage.dll
0x00007ff966f90000 - 0x00007ff9671dc000 	C:\Windows\SYSTEM32\DBGHELP.DLL
0x00007ff96a690000 - 0x00007ff96aa15000 	C:\Windows\System32\combase.dll
0x00007ff96b230000 - 0x00007ff96b309000 	C:\Windows\System32\OLEAUT32.dll
0x00007ff946b10000 - 0x00007ff946b4b000 	C:\Windows\SYSTEM32\dbgcore.DLL
0x00007ff969ed0000 - 0x00007ff969f7c000 	C:\Windows\System32\bcryptPrimitives.dll
0x00007ff94a460000 - 0x00007ff94a46e000 	C:\Program Files\Android\Android Studio\jbr\bin\instrument.dll
0x00007ff94b6b0000 - 0x00007ff94b6d5000 	C:\Program Files\Android\Android Studio\jbr\bin\java.dll
0x00007ff94aee0000 - 0x00007ff94aef8000 	C:\Program Files\Android\Android Studio\jbr\bin\zip.dll
0x00007ff96ba50000 - 0x00007ff96c1e8000 	C:\Windows\System32\SHELL32.dll
0x00007ff9673a0000 - 0x00007ff967c4e000 	C:\Windows\SYSTEM32\windows.storage.dll
0x00007ff96b940000 - 0x00007ff96ba3b000 	C:\Windows\System32\SHCORE.dll
0x00007ff96b660000 - 0x00007ff96b6c6000 	C:\Windows\System32\shlwapi.dll
0x00007ff969880000 - 0x00007ff9698a9000 	C:\Windows\SYSTEM32\profapi.dll
0x00007ff94a4d0000 - 0x00007ff94a4e9000 	C:\Program Files\Android\Android Studio\jbr\bin\net.dll
0x00007ff962ec0000 - 0x00007ff962fea000 	C:\Windows\SYSTEM32\WINHTTP.dll
0x00007ff968b90000 - 0x00007ff968bfc000 	C:\Windows\system32\mswsock.dll
0x00007ff94a4b0000 - 0x00007ff94a4c6000 	C:\Program Files\Android\Android Studio\jbr\bin\nio.dll
0x00007ff94f2b0000 - 0x00007ff94f2c0000 	C:\Program Files\Android\Android Studio\jbr\bin\verify.dll
0x00007ff948610000 - 0x00007ff948637000 	C:\Users\lab03pc01\.gradle\native\c067742578af261105cb4f569cf0c3c89f3d7b1fecec35dd04571415982c5e48\windows-amd64\native-platform.dll
0x00007ff92f220000 - 0x00007ff92f364000 	C:\Users\lab03pc01\.gradle\native\100fb08df4bc3b14c8652ba06237920a3bd2aa13389f12d3474272988ae205f9\windows-amd64\native-platform-file-events.dll
0x00007ff94f060000 - 0x00007ff94f069000 	C:\Program Files\Android\Android Studio\jbr\bin\management.dll
0x00007ff94ddd0000 - 0x00007ff94dddb000 	C:\Program Files\Android\Android Studio\jbr\bin\management_ext.dll
0x00007ff96c210000 - 0x00007ff96c218000 	C:\Windows\System32\PSAPI.DLL
0x00007ff968fb0000 - 0x00007ff968fcb000 	C:\Windows\SYSTEM32\CRYPTSP.dll
0x00007ff968550000 - 0x00007ff968589000 	C:\Windows\system32\rsaenh.dll
0x00007ff968c40000 - 0x00007ff968c74000 	C:\Windows\SYSTEM32\USERENV.dll
0x00007ff969850000 - 0x00007ff96987a000 	C:\Windows\SYSTEM32\bcrypt.dll
0x00007ff968f80000 - 0x00007ff968f8c000 	C:\Windows\SYSTEM32\CRYPTBASE.dll
0x00007ff967fa0000 - 0x00007ff967fd3000 	C:\Windows\SYSTEM32\IPHLPAPI.DLL
0x00007ff96ba40000 - 0x00007ff96ba4a000 	C:\Windows\System32\NSI.dll
0x00007ff962e90000 - 0x00007ff962ead000 	C:\Windows\SYSTEM32\dhcpcsvc6.DLL
0x00007ff962e60000 - 0x00007ff962e85000 	C:\Windows\SYSTEM32\dhcpcsvc.DLL
0x00007ff968030000 - 0x00007ff968188000 	C:\Windows\SYSTEM32\DNSAPI.dll
0x00007ff968990000 - 0x00007ff96899d000 	C:\Windows\SYSTEM32\DSPARSE.dll
0x00007ff947ee0000 - 0x00007ff947ee8000 	C:\Windows\system32\wshunix.dll
0x00007ff968720000 - 0x00007ff968756000 	C:\Windows\SYSTEM32\ntmarta.dll

dbghelp: loaded successfully - version: 4.0.5 - missing functions: none
symbol engine: initialized successfully - sym options: 0x614 - pdb path: .;C:\Program Files\Android\Android Studio\jbr\bin;C:\Windows\SYSTEM32;C:\Windows\WinSxS\amd64_microsoft.windows.common-controls_6595b64144ccf1df_6.0.26100.9278_none_3e0d1ba8e3303201;C:\Program Files\Android\Android Studio\jbr\bin\server;C:\Users\lab03pc01\.gradle\native\c067742578af261105cb4f569cf0c3c89f3d7b1fecec35dd04571415982c5e48\windows-amd64;C:\Users\lab03pc01\.gradle\native\100fb08df4bc3b14c8652ba06237920a3bd2aa13389f12d3474272988ae205f9\windows-amd64

VM Arguments:
jvm_args: --add-opens=java.base/java.util=ALL-UNNAMED --add-opens=java.base/java.lang=ALL-UNNAMED --add-opens=java.base/java.lang.invoke=ALL-UNNAMED --add-opens=java.prefs/java.util.prefs=ALL-UNNAMED --add-exports=jdk.compiler/com.sun.tools.javac.api=ALL-UNNAMED --add-exports=jdk.compiler/com.sun.tools.javac.util=ALL-UNNAMED --add-opens=java.base/java.nio.charset=ALL-UNNAMED --add-opens=java.base/java.net=ALL-UNNAMED --add-opens=java.base/java.util.concurrent.atomic=ALL-UNNAMED -Xmx2048m -Dfile.encoding=UTF-8 -Duser.country=BR -Duser.language=pt -Duser.variant -javaagent:C:\Users\lab03pc01\.gradle\wrapper\dists\gradle-8.9-bin\90cnw93cvbtalezasaz0blq0a\gradle-8.9\lib\agents\gradle-instrumentation-agent-8.9.jar 
java_command: org.gradle.launcher.daemon.bootstrap.GradleDaemon 8.9
java_class_path (initial): C:\Users\lab03pc01\.gradle\wrapper\dists\gradle-8.9-bin\90cnw93cvbtalezasaz0blq0a\gradle-8.9\lib\gradle-daemon-main-8.9.jar
Launcher Type: SUN_STANDARD

[Global flags]
     intx CICompilerCount                          = 4                                         {product} {ergonomic}
     uint ConcGCThreads                            = 3                                         {product} {ergonomic}
     uint G1ConcRefinementThreads                  = 10                                        {product} {ergonomic}
   size_t G1HeapRegionSize                         = 1048576                                   {product} {ergonomic}
    uintx GCDrainStackTargetSize                   = 64                                        {product} {ergonomic}
   size_t InitialHeapSize                          = 257949696                                 {product} {ergonomic}
   size_t MarkStackSize                            = 4194304                                   {product} {ergonomic}
   size_t MaxHeapSize                              = 2147483648                                {product} {command line}
   size_t MaxNewSize                               = 1287651328                                {product} {ergonomic}
   size_t MinHeapDeltaBytes                        = 1048576                                   {product} {ergonomic}
   size_t MinHeapSize                              = 8388608                                   {product} {ergonomic}
    uintx NonNMethodCodeHeapSize                   = 5839372                                {pd product} {ergonomic}
    uintx NonProfiledCodeHeapSize                  = 122909434                              {pd product} {ergonomic}
    uintx ProfiledCodeHeapSize                     = 122909434                              {pd product} {ergonomic}
    uintx ReservedCodeCacheSize                    = 251658240                              {pd product} {ergonomic}
     bool SegmentedCodeCache                       = true                                      {product} {ergonomic}
   size_t SoftMaxHeapSize                          = 2147483648                             {manageable} {ergonomic}
     bool UseCompressedClassPointers               = true                           {product lp64_product} {ergonomic}
     bool UseCompressedOops                        = true                           {product lp64_product} {ergonomic}
     bool UseG1GC                                  = true                                      {product} {ergonomic}
     bool UseLargePagesIndividualAllocation        = false                                  {pd product} {ergonomic}

Logging:
Log output configuration:
 #0: stdout all=warning uptime,level,tags
 #1: stderr all=off uptime,level,tags

Environment Variables:
JAVA_HOME=C:\Program Files\Java\jdk-26.0.1
PATH=C:\Program Files\Common Files\Oracle\Java\javapath;C:\Windows\system32;C:\Windows;C:\Windows\System32\Wbem;C:\Windows\System32\WindowsPowerShell\v1.0\;C:\Windows\System32\OpenSSH\;C:\Users\lab03pc01\miniconda3\python.exe;C:\Users\lab03pc01\miniconda3\Scripts;C:\Users\lab03pc01\miniconda3\;C:\Users\lab03pc01\miniconda3\condabin;C:\Program Files\Git\cmd;C:\Users\lab03pc01\Downloads;C:\Users\lab03pc01;C:\ProgramData\UNIVALI\Portugol Studio;C:\Program Files\Java\jdk-26.0.1\bin;C:\Program Files\nodejs\;C:\Program Files\MySQL\MySQL Server 8.0\bin;C:\Program Files\MongoDB\Server\8.3\bin;C:\Program Files\MySQL\MySQL Shell 8.0\bin\;C:\Users\lab03pc01\AppData\Local\Microsoft\WindowsApps;C:\Users\lab03pc01\AppData\Local\Programs\Microsoft VS Code\bin;C:\Program Files\JetBrains\PyCharm 2026.1.2\bin;C:\Users\lab03pc01\AppData\Local\GitHubDesktop\bin;C:\Users\lab03pc01\AppData\Local\Programs\IntelliJ IDEA 2026.1.3\bin;C:\Users\lab03pc01\AppData\Roaming\npm
USERNAME=lab02pc03
OS=Windows_NT
PROCESSOR_IDENTIFIER=AMD64 Family 23 Model 96 Stepping 1, AuthenticAMD
TMP=C:\TMP
TEMP=C:\TEMP


JNI global refs:
JNI global refs: 31, weak refs: 3

JNI global refs memory usage: 843, weak refs: 841

OOME stack traces (most recent first):
Classloader memory used:
