#
# There is insufficient memory for the Java Runtime Environment to continue.
# Native memory allocation (mmap) failed to map 141557760 bytes. Error detail: G1 virtual space
# Possible reasons:
#   The system is out of physical RAM or swap space
#   This process is running with CompressedOops enabled, and the Java Heap may be blocking the growth of the native heap
# Possible solutions:
#   Reduce memory load on the system
#   Increase physical memory or swap space
#   Check if swap backing store is full
#   Decrease Java heap size (-Xmx/-Xms)
#   Decrease number of Java threads
#   Decrease Java thread stack sizes (-Xss)
#   Set larger code cache with -XX:ReservedCodeCacheSize=
#   JVM is running with Unscaled Compressed Oops mode in which the Java heap is
#     placed in the first 4GB address space. The Java Heap base address is the
#     maximum limit for the native heap growth. Please use -XX:HeapBaseMinAddress
#     to set the Java Heap base and to place the Java Heap above 4GB virtual address.
# This output file may be truncated or incomplete.
#
#  Out of Memory Error (os_windows.cpp:3926), pid=3432, tid=15248
#
# JRE version: OpenJDK Runtime Environment JBR-21.0.11+1-1163.116-nomod (21.0.11+1) (build 21.0.11+1-b1163.116)
# Java VM: OpenJDK 64-Bit Server VM JBR-21.0.11+1-1163.116-nomod (21.0.11+1-b1163.116, mixed mode, sharing, tiered, compressed oops, compressed class ptrs, g1 gc, windows-amd64)
# No core dump will be written. Minidumps are not enabled by default on client versions of Windows
#

---------------  S U M M A R Y ------------

Command Line: --add-opens=java.base/java.lang=ALL-UNNAMED --add-opens=java.base/java.lang.invoke=ALL-UNNAMED --add-opens=java.base/java.util=ALL-UNNAMED --add-opens=java.prefs/java.util.prefs=ALL-UNNAMED --add-exports=jdk.compiler/com.sun.tools.javac.api=ALL-UNNAMED --add-exports=jdk.compiler/com.sun.tools.javac.util=ALL-UNNAMED --add-opens=java.base/java.util=ALL-UNNAMED --add-opens=java.prefs/java.util.prefs=ALL-UNNAMED --add-opens=java.base/java.nio.charset=ALL-UNNAMED --add-opens=java.base/java.net=ALL-UNNAMED --add-opens=java.base/java.util.concurrent.atomic=ALL-UNNAMED --add-opens=java.xml/javax.xml.namespace=ALL-UNNAMED -Xmx2048m -Dfile.encoding=UTF-8 -Duser.country=BR -Duser.language=pt -Duser.variant -javaagent:C:\Users\lab03pc01\.gradle\wrapper\dists\gradle-8.14.5-bin\690y85m0j9nfaub7xoiayko8a\gradle-8.14.5\lib\agents\gradle-instrumentation-agent-8.14.5.jar org.gradle.launcher.daemon.bootstrap.GradleDaemon 8.14.5

Host: AMD Ryzen 5 PRO 4650G with Radeon Graphics, 12 cores, 15G,  Windows 11 , 64 bit Build 26100 (10.0.26100.9444)
Time: Tue Sep 29 10:57:24 2026 Hora oficial do Brasil elapsed time: 5211.967764 seconds (0d 1h 26m 51s)

---------------  T H R E A D  ---------------

Current thread (0x0000013ef9b3fd40):  VMThread "VM Thread"          [id=15248, stack(0x0000000100d00000,0x0000000100e00000) (1024K)]

Stack: [0x0000000100d00000,0x0000000100e00000]
Native frames: (J=compiled Java code, j=interpreted, Vv=VM code, C=native code)
V  [jvm.dll+0x6ed7f9]  os::win32::platform_print_native_stack+0xd9  (os_windows_x86.cpp:236)
V  [jvm.dll+0x8cbfcb]  VMError::report+0xd8b  (vmError.cpp:1022)
V  [jvm.dll+0x8ce76a]  VMError::report_and_die+0x79a  (vmError.cpp:1890)
V  [jvm.dll+0x8cee43]  VMError::report_and_die+0x43  (vmError.cpp:1660)
V  [jvm.dll+0x28e496]  report_vm_out_of_memory+0x56  (debug.cpp:225)
V  [jvm.dll+0x6ea0b5]  os::pd_commit_memory_or_exit+0x75  (os_windows.cpp:3934)
V  [jvm.dll+0x6ddada]  os::commit_memory_or_exit+0x2a  (os.cpp:1994)
V  [jvm.dll+0x369d2e]  G1PageBasedVirtualSpace::commit+0xde  (g1PageBasedVirtualSpace.cpp:196)
V  [jvm.dll+0x371bfb]  G1RegionsLargerThanCommitSizeMapper::commit_regions+0x7b  (g1RegionToSpaceMapper.cpp:100)
V  [jvm.dll+0x3c3829]  HeapRegionManager::expand_any+0xa9  (heapRegionManager.cpp:344)
V  [jvm.dll+0x3c3acb]  HeapRegionManager::expand_by+0xcb  (heapRegionManager.cpp:361)
V  [jvm.dll+0x33d037]  G1CollectedHeap::expand+0xb7  (g1CollectedHeap.cpp:1114)
V  [jvm.dll+0x33d0c7]  G1CollectedHeap::expand_heap_after_young_collection+0x37  (g1CollectedHeap.cpp:2521)
V  [jvm.dll+0x3824d2]  G1YoungCollector::post_evacuate_collection_set+0x3f2  (g1YoungCollector.cpp:1008)
V  [jvm.dll+0x380c7e]  G1YoungCollector::collect+0x43e  (g1YoungCollector.cpp:1078)
V  [jvm.dll+0x33c791]  G1CollectedHeap::do_collection_pause_at_safepoint+0x111  (g1CollectedHeap.cpp:2533)
V  [jvm.dll+0x3802ba]  VM_G1CollectForAllocation::doit+0x6a  (g1VMOperations.cpp:147)
V  [jvm.dll+0x8d4bff]  VM_Operation::evaluate+0x10f  (vmOperations.cpp:77)
V  [jvm.dll+0x8d62c3]  VMThread::inner_execute+0x263  (vmThread.cpp:435)
V  [jvm.dll+0x8d6834]  VMThread::loop+0x264  (vmThread.cpp:502)
V  [jvm.dll+0x8d6933]  VMThread::run+0x63  (vmThread.cpp:180)
V  [jvm.dll+0x875cad]  Thread::call_run+0xcd  (thread.cpp:231)
V  [jvm.dll+0x6ebf5d]  os::win32::thread_native_entry+0x7d  (os_windows.cpp:557)
C  [ucrtbase.dll+0x2cd30]
C  [KERNEL32.DLL+0x2cd87]
C  [ntdll.dll+0xacaec]

VM_Operation (0x00000001048f9de0): G1CollectForAllocation, mode: safepoint, requested by thread 0x0000013ece142fe0


---------------  P R O C E S S  ---------------

Threads class SMR info:
_java_thread_list=0x0000013ec748d480, length=198, elements={
0x0000013edf157f20, 0x0000013ef9b5a130, 0x0000013ef9b5bc20, 0x0000013ef9b5e3a0,
0x0000013ef9b61f20, 0x0000013ef9b66930, 0x0000013ef9b6b5f0, 0x0000013ef9b6fbe0,
0x0000013ef9b71d30, 0x0000013ef9b743f0, 0x0000013ef9eb59c0, 0x0000013ef9eb66e0,
0x0000013ef9eb7400, 0x0000013ef9eb6d70, 0x0000013ec2b371d0, 0x0000013ec2b364b0,
0x0000013ec2b34a70, 0x0000013ec2b35790, 0x0000013ec2b39930, 0x0000013ec2b38c10,
0x0000013ec2b39fc0, 0x0000013ec2b392a0, 0x0000013ec2b3a650, 0x0000013ec2b38580,
0x0000013ec2b3ace0, 0x0000013ec2b3b370, 0x0000013ec54734e0, 0x0000013ec5475c40,
0x0000013ec5474890, 0x0000013ec54762d0, 0x0000013ec54755b0, 0x0000013ec5474200,
0x0000013efa3e7ca0, 0x0000013ecd369ae0, 0x0000013ece13aca0, 0x0000013ece1398f0,
0x0000013ece139260, 0x0000013ece139f80, 0x0000013ece138bd0, 0x0000013ece13b330,
0x0000013ece137eb0, 0x0000013ece13b9c0, 0x0000013ece13cd70, 0x0000013ece13e120,
0x0000013ece13ee40, 0x0000013ece13f4d0, 0x0000013ece140880, 0x0000013ece1401f0,
0x0000013ece13fb60, 0x0000013ece13d400, 0x0000013ece142fe0, 0x0000013ece142950,
0x0000013ece1415a0, 0x0000013ece1422c0, 0x0000013ece141c30, 0x0000013ece143670,
0x0000013ece143d00, 0x0000013ece144a20, 0x0000013ec853a8f0, 0x0000013ec853af80,
0x0000013ec853b610, 0x0000013ec853bca0, 0x0000013ec853c330, 0x0000013ec8538eb0,
0x0000013ec853c9c0, 0x0000013ec8539540, 0x0000013ec853ea90, 0x0000013ec85404d0,
0x0000013ec48b50d0, 0x0000013ec48b8be0, 0x0000013ec48b5760, 0x0000013ec48b9f90,
0x0000013ec48bb9d0, 0x0000013ec48b9270, 0x0000013ec48bacb0, 0x0000013ec48ba620,
0x0000013ec48bb340, 0x0000013ec48b9900, 0x0000013ec48be7c0, 0x0000013ec48bdaa0,
0x0000013ec48be130, 0x0000013ec48bc6f0, 0x0000013ec48bee50, 0x0000013ec48bf4e0,
0x0000013ec48bc060, 0x0000013ec48bcd80, 0x0000013ec48bd410, 0x0000013ed83832b0,
0x0000013ed8385380, 0x0000013ed8382c20, 0x0000013ed8383fd0, 0x0000013ed8385a10,
0x0000013ed8386730, 0x0000013ed8386dc0, 0x0000013ed8383940, 0x0000013ed8388e90,
0x0000013ed8387450, 0x0000013ed8389520, 0x0000013ed838a8d0, 0x0000013ed838af60,
0x0000013ed8387ae0, 0x0000013ed8389bb0, 0x0000013ed838b5f0, 0x0000013ed8388170,
0x0000013ed838a240, 0x0000013ed838bc80, 0x0000013ed8388800, 0x0000013ed838c310,
0x0000013ed838d030, 0x0000013ed838f790, 0x0000013ed838d6c0, 0x0000013ed838fe20,
0x0000013ed838e3e0, 0x0000013ed838dd50, 0x0000013ed838ea70, 0x0000013ed838c9a0,
0x0000013ed8393930, 0x0000013ed83911d0, 0x0000013ed8391ef0, 0x0000013ed8391860,
0x0000013ed8390b40, 0x0000013ed83904b0, 0x0000013ed8392580, 0x0000013ed8395a00,
0x0000013ed8395370, 0x0000013ed83932a0, 0x0000013ed8393fc0, 0x0000013ed8392c10,
0x0000013ed8397440, 0x0000013ed8397ad0, 0x0000013ed8394ce0, 0x0000013ec48b7ec0,
0x0000013ec779f640, 0x0000013ec779d570, 0x0000013ec6bec280, 0x0000013ec6bee9e0,
0x0000013ec6bedcc0, 0x0000013ec5479750, 0x0000013efa3e4820, 0x0000013efa3e89c0,
0x0000013efa3e6260, 0x0000013efa3eaa90, 0x0000013ec7a82fe0, 0x0000013ec7a83670,
0x0000013ec7a88bc0, 0x0000013ec7a898e0, 0x0000013ec7a87180, 0x0000013ed839d6b0,
0x0000013ed839e3d0, 0x0000013ed839f780, 0x0000013ed839ea60, 0x0000013ed839fe10,
0x0000013ed839c990, 0x0000013ed83a04a0, 0x0000013ed8394650, 0x0000013ed8398160,
0x0000013ed8396db0, 0x0000013ed83987f0, 0x0000013ed8398e80, 0x0000013ed8399510,
0x0000013ed8399ba0, 0x0000013ed8396720, 0x0000013ed839b5e0, 0x0000013ed839bc70,
0x0000013ed839a8c0, 0x0000013ed839f0f0, 0x0000013ed839d020, 0x0000013ed83a0b30,
0x0000013ed83a11c0, 0x0000013ed839dd40, 0x0000013ed83a1850, 0x0000013ecd36b520,
0x0000013ecd36a170, 0x0000013ecd36a800, 0x0000013ecd36ae90, 0x0000013ecd369450,
0x0000013ecd3680a0, 0x0000013ecd36bbb0, 0x0000013ecd368730, 0x0000013ecd36c240,
0x0000013ecd36cf60, 0x0000013ecd36d5f0, 0x0000013ecd371100, 0x0000013ecd36dc80,
0x0000013ecd374c10, 0x0000013ecd371790, 0x0000013ecd375fc0, 0x0000013ec48b3000,
0x0000013ec48b3690, 0x0000013ec48b08a0, 0x0000013ec48b15c0, 0x0000013ec48b22e0,
0x0000013ec48b0210, 0x0000013ed89d2720, 0x0000013ec48b1c50, 0x0000013ec48b2970,
0x0000013ed71824d0, 0x0000013ed8d16160
}

Java Threads: ( => current thread )
  0x0000013edf157f20 JavaThread "main"                              [_thread_blocked, id=16680, stack(0x0000000100600000,0x0000000100700000) (1024K)]
  0x0000013ef9b5a130 JavaThread "Common-Cleaner"             daemon [_thread_blocked, id=14772, stack(0x0000000100e00000,0x0000000100f00000) (1024K)]
  0x0000013ef9b5bc20 JavaThread "Reference Handler"          daemon [_thread_blocked, id=18548, stack(0x0000000100f00000,0x0000000101000000) (1024K)]
  0x0000013ef9b5e3a0 JavaThread "Finalizer"                  daemon [_thread_blocked, id=9060, stack(0x0000000101000000,0x0000000101100000) (1024K)]
  0x0000013ef9b61f20 JavaThread "Signal Dispatcher"          daemon [_thread_blocked, id=19432, stack(0x0000000101100000,0x0000000101200000) (1024K)]
  0x0000013ef9b66930 JavaThread "Attach Listener"            daemon [_thread_blocked, id=7728, stack(0x0000000101200000,0x0000000101300000) (1024K)]
  0x0000013ef9b6b5f0 JavaThread "Service Thread"             daemon [_thread_blocked, id=15884, stack(0x0000000101300000,0x0000000101400000) (1024K)]
  0x0000013ef9b6fbe0 JavaThread "Monitor Deflation Thread"   daemon [_thread_blocked, id=5740, stack(0x0000000101400000,0x0000000101500000) (1024K)]
  0x0000013ef9b71d30 JavaThread "C2 CompilerThread0"         daemon [_thread_blocked, id=9132, stack(0x0000000101500000,0x0000000101600000) (1024K)]
  0x0000013ef9b743f0 JavaThread "C1 CompilerThread0"         daemon [_thread_blocked, id=8216, stack(0x0000000101600000,0x0000000101700000) (1024K)]
  0x0000013ef9eb59c0 JavaThread "Notification Thread"        daemon [_thread_blocked, id=9748, stack(0x0000000101700000,0x0000000101800000) (1024K)]
  0x0000013ef9eb66e0 JavaThread "Daemon health stats"               [_thread_blocked, id=16864, stack(0x0000000101e00000,0x0000000101f00000) (1024K)]
  0x0000013ef9eb7400 JavaThread "Incoming local TCP Connector on port 59154"        [_thread_in_native, id=2280, stack(0x0000000101f00000,0x0000000102000000) (1024K)]
  0x0000013ef9eb6d70 JavaThread "Daemon periodic checks"            [_thread_blocked, id=8096, stack(0x0000000102000000,0x0000000102100000) (1024K)]
  0x0000013ec2b371d0 JavaThread "Cache worker for journal cache (C:\Users\lab03pc01\.gradle\caches\journal-1)"        [_thread_blocked, id=860, stack(0x0000000102d00000,0x0000000102e00000) (1024K)]
  0x0000013ec2b364b0 JavaThread "File lock request listener"        [_thread_in_native, id=6960, stack(0x0000000102e00000,0x0000000102f00000) (1024K)]
  0x0000013ec2b34a70 JavaThread "Cache worker for file hash cache (C:\Users\lab03pc01\.gradle\caches\8.14.5\fileHashes)"        [_thread_blocked, id=18896, stack(0x0000000102f00000,0x0000000103000000) (1024K)]
  0x0000013ec2b35790 JavaThread "File watcher server"        daemon [_thread_blocked, id=3292, stack(0x0000000103400000,0x0000000103500000) (1024K)]
  0x0000013ec2b39930 JavaThread "File watcher consumer"      daemon [_thread_blocked, id=4548, stack(0x0000000103500000,0x0000000103600000) (1024K)]
  0x0000013ec2b38c10 JavaThread "jar transforms"                    [_thread_blocked, id=14436, stack(0x0000000103600000,0x0000000103700000) (1024K)]
  0x0000013ec2b39fc0 JavaThread "jar transforms Thread 2"           [_thread_blocked, id=15136, stack(0x0000000103700000,0x0000000103800000) (1024K)]
  0x0000013ec2b392a0 JavaThread "jar transforms Thread 3"           [_thread_blocked, id=15260, stack(0x0000000103800000,0x0000000103900000) (1024K)]
  0x0000013ec2b3a650 JavaThread "jar transforms Thread 4"           [_thread_blocked, id=17272, stack(0x0000000103900000,0x0000000103a00000) (1024K)]
  0x0000013ec2b38580 JavaThread "jar transforms Thread 5"           [_thread_blocked, id=12840, stack(0x0000000103a00000,0x0000000103b00000) (1024K)]
  0x0000013ec2b3ace0 JavaThread "jar transforms Thread 6"           [_thread_blocked, id=16176, stack(0x0000000103b00000,0x0000000103c00000) (1024K)]
  0x0000013ec2b3b370 JavaThread "jar transforms Thread 7"           [_thread_blocked, id=4108, stack(0x0000000103c00000,0x0000000103d00000) (1024K)]
  0x0000013ec54734e0 JavaThread "jar transforms Thread 8"           [_thread_blocked, id=15672, stack(0x0000000103d00000,0x0000000103e00000) (1024K)]
  0x0000013ec5475c40 JavaThread "jar transforms Thread 9"           [_thread_blocked, id=18524, stack(0x0000000103e00000,0x0000000103f00000) (1024K)]
  0x0000013ec5474890 JavaThread "jar transforms Thread 10"          [_thread_blocked, id=18448, stack(0x0000000103f00000,0x0000000104000000) (1024K)]
  0x0000013ec54762d0 JavaThread "jar transforms Thread 11"          [_thread_blocked, id=19280, stack(0x0000000104000000,0x0000000104100000) (1024K)]
  0x0000013ec54755b0 JavaThread "jar transforms Thread 12"          [_thread_blocked, id=10124, stack(0x0000000104100000,0x0000000104200000) (1024K)]
  0x0000013ec5474200 JavaThread "Cache worker for file content cache (C:\Users\lab03pc01\.gradle\caches\8.14.5\fileContent)"        [_thread_blocked, id=10208, stack(0x0000000104300000,0x0000000104400000) (1024K)]
  0x0000013efa3e7ca0 JavaThread "Memory manager"                    [_thread_blocked, id=6036, stack(0x0000000101d00000,0x0000000101e00000) (1024K)]
  0x0000013ecd369ae0 JavaThread "pool-3-thread-1"                   [_thread_blocked, id=11556, stack(0x0000000108500000,0x0000000108600000) (1024K)]
  0x0000013ece13aca0 JavaThread "Daemon Thread 2"                   [_thread_blocked, id=7388, stack(0x0000000100100000,0x0000000100200000) (1024K)]
  0x0000013ece1398f0 JavaThread "Handler for socket connection from /127.0.0.1:59154 to /127.0.0.1:62723"        [_thread_in_native, id=13964, stack(0x0000000100400000,0x0000000100500000) (1024K)]
  0x0000013ece139260 JavaThread "Cancel handler"                    [_thread_blocked, id=1740, stack(0x0000000100500000,0x0000000100600000) (1024K)]
  0x0000013ece139f80 JavaThread "Daemon worker Thread 2"            [_thread_blocked, id=13048, stack(0x0000000101800000,0x0000000101900000) (1024K)]
  0x0000013ece138bd0 JavaThread "Asynchronous log dispatcher for DefaultDaemonConnection: socket connection from /127.0.0.1:59154 to /127.0.0.1:62723"        [_thread_blocked, id=14796, stack(0x0000000102100000,0x0000000102200000) (1024K)]
  0x0000013ece13b330 JavaThread "Stdin handler"                     [_thread_blocked, id=13676, stack(0x0000000102200000,0x0000000102300000) (1024K)]
  0x0000013ece137eb0 JavaThread "Daemon client event forwarder"        [_thread_blocked, id=12208, stack(0x0000000102800000,0x0000000102900000) (1024K)]
  0x0000013ece13b9c0 JavaThread "Cache worker for file hash cache (C:\Users\lab03pc01\StudioProjects\MasterPokedex\.gradle\8.14.5\fileHashes)"        [_thread_blocked, id=424, stack(0x0000000102900000,0x0000000102a00000) (1024K)]
  0x0000013ece13cd70 JavaThread "Cache worker for Build Output Cleanup Cache (C:\Users\lab03pc01\StudioProjects\MasterPokedex\.gradle\buildOutputCleanup)"        [_thread_blocked, id=16140, stack(0x0000000102a00000,0x0000000102b00000) (1024K)]
  0x0000013ece13e120 JavaThread "Cache worker for checksums cache (C:\Users\lab03pc01\StudioProjects\MasterPokedex\.gradle\8.14.5\checksums)"        [_thread_blocked, id=6448, stack(0x0000000103000000,0x0000000103100000) (1024K)]
  0x0000013ece13ee40 JavaThread "Cache worker for cache directory md-supplier (C:\Users\lab03pc01\.gradle\caches\8.14.5\md-supplier)"        [_thread_blocked, id=18456, stack(0x0000000103100000,0x0000000103200000) (1024K)]
  0x0000013ece13f4d0 JavaThread "Cache worker for cache directory md-rule (C:\Users\lab03pc01\.gradle\caches\8.14.5\md-rule)"        [_thread_blocked, id=16492, stack(0x0000000104200000,0x0000000104300000) (1024K)]
  0x0000013ece140880 JavaThread "Unconstrained build operations"        [_thread_blocked, id=6784, stack(0x0000000104400000,0x0000000104500000) (1024K)]
  0x0000013ece1401f0 JavaThread "Unconstrained build operations Thread 2"        [_thread_blocked, id=7268, stack(0x0000000104500000,0x0000000104600000) (1024K)]
  0x0000013ece13fb60 JavaThread "Unconstrained build operations Thread 3"        [_thread_blocked, id=12616, stack(0x0000000104600000,0x0000000104700000) (1024K)]
  0x0000013ece13d400 JavaThread "Unconstrained build operations Thread 4"        [_thread_blocked, id=13024, stack(0x0000000104700000,0x0000000104800000) (1024K)]
  0x0000013ece142fe0 JavaThread "Unconstrained build operations Thread 5"        [_thread_blocked, id=10060, stack(0x0000000104800000,0x0000000104900000) (1024K)]
  0x0000013ece142950 JavaThread "Unconstrained build operations Thread 6"        [_thread_blocked, id=13616, stack(0x0000000104900000,0x0000000104a00000) (1024K)]
  0x0000013ece1415a0 JavaThread "Unconstrained build operations Thread 7"        [_thread_blocked, id=17404, stack(0x0000000104a00000,0x0000000104b00000) (1024K)]
  0x0000013ece1422c0 JavaThread "Unconstrained build operations Thread 8"        [_thread_blocked, id=10140, stack(0x0000000104b00000,0x0000000104c00000) (1024K)]
  0x0000013ece141c30 JavaThread "Unconstrained build operations Thread 9"        [_thread_blocked, id=9232, stack(0x0000000104c00000,0x0000000104d00000) (1024K)]
  0x0000013ece143670 JavaThread "Unconstrained build operations Thread 10"        [_thread_blocked, id=6220, stack(0x0000000104d00000,0x0000000104e00000) (1024K)]
  0x0000013ece143d00 JavaThread "Unconstrained build operations Thread 11"        [_thread_blocked, id=1668, stack(0x0000000104e00000,0x0000000104f00000) (1024K)]
  0x0000013ece144a20 JavaThread "Unconstrained build operations Thread 12"        [_thread_blocked, id=17748, stack(0x0000000104f00000,0x0000000105000000) (1024K)]
  0x0000013ec853a8f0 JavaThread "Unconstrained build operations Thread 13"        [_thread_blocked, id=16844, stack(0x0000000105000000,0x0000000105100000) (1024K)]
  0x0000013ec853af80 JavaThread "Unconstrained build operations Thread 14"        [_thread_blocked, id=4672, stack(0x0000000105100000,0x0000000105200000) (1024K)]
  0x0000013ec853b610 JavaThread "Unconstrained build operations Thread 15"        [_thread_blocked, id=6880, stack(0x0000000105200000,0x0000000105300000) (1024K)]
  0x0000013ec853bca0 JavaThread "Unconstrained build operations Thread 16"        [_thread_blocked, id=14232, stack(0x0000000105300000,0x0000000105400000) (1024K)]
  0x0000013ec853c330 JavaThread "Unconstrained build operations Thread 17"        [_thread_blocked, id=18088, stack(0x0000000105400000,0x0000000105500000) (1024K)]
  0x0000013ec8538eb0 JavaThread "Unconstrained build operations Thread 18"        [_thread_blocked, id=14480, stack(0x0000000105500000,0x0000000105600000) (1024K)]
  0x0000013ec853c9c0 JavaThread "Unconstrained build operations Thread 19"        [_thread_blocked, id=13544, stack(0x0000000105600000,0x0000000105700000) (1024K)]
  0x0000013ec8539540 JavaThread "Unconstrained build operations Thread 20"        [_thread_blocked, id=13420, stack(0x0000000105700000,0x0000000105800000) (1024K)]
  0x0000013ec853ea90 JavaThread "Unconstrained build operations Thread 21"        [_thread_blocked, id=11828, stack(0x0000000105800000,0x0000000105900000) (1024K)]
  0x0000013ec85404d0 JavaThread "Unconstrained build operations Thread 22"        [_thread_blocked, id=10380, stack(0x0000000105900000,0x0000000105a00000) (1024K)]
  0x0000013ec48b50d0 JavaThread "Unconstrained build operations Thread 23"        [_thread_blocked, id=7052, stack(0x0000000105a00000,0x0000000105b00000) (1024K)]
  0x0000013ec48b8be0 JavaThread "Unconstrained build operations Thread 24"        [_thread_blocked, id=15812, stack(0x0000000105b00000,0x0000000105c00000) (1024K)]
  0x0000013ec48b5760 JavaThread "Unconstrained build operations Thread 25"        [_thread_blocked, id=6584, stack(0x0000000105c00000,0x0000000105d00000) (1024K)]
  0x0000013ec48b9f90 JavaThread "Unconstrained build operations Thread 26"        [_thread_blocked, id=15448, stack(0x0000000105d00000,0x0000000105e00000) (1024K)]
  0x0000013ec48bb9d0 JavaThread "Unconstrained build operations Thread 27"        [_thread_blocked, id=19316, stack(0x0000000105e00000,0x0000000105f00000) (1024K)]
  0x0000013ec48b9270 JavaThread "Unconstrained build operations Thread 28"        [_thread_blocked, id=13240, stack(0x0000000105f00000,0x0000000106000000) (1024K)]
  0x0000013ec48bacb0 JavaThread "Unconstrained build operations Thread 29"        [_thread_blocked, id=16040, stack(0x0000000106000000,0x0000000106100000) (1024K)]
  0x0000013ec48ba620 JavaThread "Unconstrained build operations Thread 30"        [_thread_blocked, id=7132, stack(0x0000000106100000,0x0000000106200000) (1024K)]
  0x0000013ec48bb340 JavaThread "Unconstrained build operations Thread 31"        [_thread_blocked, id=5564, stack(0x0000000106200000,0x0000000106300000) (1024K)]
  0x0000013ec48b9900 JavaThread "Unconstrained build operations Thread 32"        [_thread_blocked, id=11052, stack(0x0000000106300000,0x0000000106400000) (1024K)]
  0x0000013ec48be7c0 JavaThread "Unconstrained build operations Thread 33"        [_thread_blocked, id=17060, stack(0x0000000106400000,0x0000000106500000) (1024K)]
  0x0000013ec48bdaa0 JavaThread "Unconstrained build operations Thread 34"        [_thread_blocked, id=7796, stack(0x0000000106500000,0x0000000106600000) (1024K)]
  0x0000013ec48be130 JavaThread "Unconstrained build operations Thread 35"        [_thread_blocked, id=18740, stack(0x0000000106600000,0x0000000106700000) (1024K)]
  0x0000013ec48bc6f0 JavaThread "Unconstrained build operations Thread 36"        [_thread_blocked, id=3372, stack(0x0000000106700000,0x0000000106800000) (1024K)]
  0x0000013ec48bee50 JavaThread "Unconstrained build operations Thread 37"        [_thread_blocked, id=16272, stack(0x0000000106800000,0x0000000106900000) (1024K)]
  0x0000013ec48bf4e0 JavaThread "Unconstrained build operations Thread 38"        [_thread_blocked, id=2016, stack(0x0000000106900000,0x0000000106a00000) (1024K)]
  0x0000013ec48bc060 JavaThread "Unconstrained build operations Thread 39"        [_thread_blocked, id=14624, stack(0x0000000106a00000,0x0000000106b00000) (1024K)]
  0x0000013ec48bcd80 JavaThread "Unconstrained build operations Thread 40"        [_thread_blocked, id=13900, stack(0x0000000106b00000,0x0000000106c00000) (1024K)]
  0x0000013ec48bd410 JavaThread "Unconstrained build operations Thread 41"        [_thread_blocked, id=16804, stack(0x0000000106c00000,0x0000000106d00000) (1024K)]
  0x0000013ed83832b0 JavaThread "Unconstrained build operations Thread 42"        [_thread_blocked, id=13388, stack(0x0000000106d00000,0x0000000106e00000) (1024K)]
  0x0000013ed8385380 JavaThread "Unconstrained build operations Thread 43"        [_thread_blocked, id=2020, stack(0x0000000106e00000,0x0000000106f00000) (1024K)]
  0x0000013ed8382c20 JavaThread "Unconstrained build operations Thread 44"        [_thread_blocked, id=17144, stack(0x0000000106f00000,0x0000000107000000) (1024K)]
  0x0000013ed8383fd0 JavaThread "build event listener"              [_thread_blocked, id=16788, stack(0x0000000107000000,0x0000000107100000) (1024K)]
  0x0000013ed8385a10 JavaThread "build event listener"              [_thread_blocked, id=14348, stack(0x0000000107100000,0x0000000107200000) (1024K)]
  0x0000013ed8386730 JavaThread "pool-7-thread-1"                   [_thread_blocked, id=10600, stack(0x0000000107200000,0x0000000107300000) (1024K)]
  0x0000013ed8386dc0 JavaThread "build event listener"              [_thread_blocked, id=18844, stack(0x0000000107300000,0x0000000107400000) (1024K)]
  0x0000013ed8383940 JavaThread "Problems report writer"            [_thread_blocked, id=5212, stack(0x0000000107400000,0x0000000107500000) (1024K)]
  0x0000013ed8388e90 JavaThread "included builds"                   [_thread_blocked, id=14588, stack(0x0000000107500000,0x0000000107600000) (1024K)]
  0x0000013ed8387450 JavaThread "Execution worker"                  [_thread_blocked, id=12136, stack(0x0000000107600000,0x0000000107700000) (1024K)]
  0x0000013ed8389520 JavaThread "Execution worker Thread 2"         [_thread_blocked, id=13128, stack(0x0000000107700000,0x0000000107800000) (1024K)]
  0x0000013ed838a8d0 JavaThread "Execution worker Thread 3"         [_thread_blocked, id=9420, stack(0x0000000107800000,0x0000000107900000) (1024K)]
  0x0000013ed838af60 JavaThread "Execution worker Thread 4"         [_thread_blocked, id=9312, stack(0x0000000107900000,0x0000000107a00000) (1024K)]
  0x0000013ed8387ae0 JavaThread "Execution worker Thread 5"         [_thread_blocked, id=6984, stack(0x0000000107a00000,0x0000000107b00000) (1024K)]
  0x0000013ed8389bb0 JavaThread "Execution worker Thread 6"         [_thread_blocked, id=2276, stack(0x0000000107b00000,0x0000000107c00000) (1024K)]
  0x0000013ed838b5f0 JavaThread "Execution worker Thread 7"         [_thread_blocked, id=4344, stack(0x0000000107c00000,0x0000000107d00000) (1024K)]
  0x0000013ed8388170 JavaThread "Execution worker Thread 8"         [_thread_blocked, id=2888, stack(0x0000000107d00000,0x0000000107e00000) (1024K)]
  0x0000013ed838a240 JavaThread "Execution worker Thread 9"         [_thread_blocked, id=6088, stack(0x0000000107e00000,0x0000000107f00000) (1024K)]
  0x0000013ed838bc80 JavaThread "Execution worker Thread 10"        [_thread_blocked, id=11688, stack(0x0000000107f00000,0x0000000108000000) (1024K)]
  0x0000013ed8388800 JavaThread "Execution worker Thread 11"        [_thread_blocked, id=16364, stack(0x0000000108000000,0x0000000108100000) (1024K)]
  0x0000013ed838c310 JavaThread "Cache worker for execution history cache (C:\Users\lab03pc01\StudioProjects\MasterPokedex\.gradle\8.14.5\executionHistory)"        [_thread_blocked, id=11812, stack(0x0000000108100000,0x0000000108200000) (1024K)]
  0x0000013ed838d030 JavaThread "Unconstrained build operations Thread 45"        [_thread_blocked, id=15648, stack(0x0000000102c00000,0x0000000102d00000) (1024K)]
  0x0000013ed838f790 JavaThread "Unconstrained build operations Thread 46"        [_thread_blocked, id=11204, stack(0x0000000108200000,0x0000000108300000) (1024K)]
  0x0000013ed838d6c0 JavaThread "Unconstrained build operations Thread 47"        [_thread_blocked, id=5964, stack(0x0000000108300000,0x0000000108400000) (1024K)]
  0x0000013ed838fe20 JavaThread "Unconstrained build operations Thread 48"        [_thread_blocked, id=16172, stack(0x0000000108400000,0x0000000108500000) (1024K)]
  0x0000013ed838e3e0 JavaThread "Unconstrained build operations Thread 49"        [_thread_blocked, id=11028, stack(0x0000000108600000,0x0000000108700000) (1024K)]
  0x0000013ed838dd50 JavaThread "Unconstrained build operations Thread 50"        [_thread_blocked, id=12708, stack(0x0000000108700000,0x0000000108800000) (1024K)]
  0x0000013ed838ea70 JavaThread "Unconstrained build operations Thread 51"        [_thread_blocked, id=14368, stack(0x0000000108800000,0x0000000108900000) (1024K)]
  0x0000013ed838c9a0 JavaThread "Unconstrained build operations Thread 52"        [_thread_blocked, id=12132, stack(0x0000000108900000,0x0000000108a00000) (1024K)]
  0x0000013ed8393930 JavaThread "Unconstrained build operations Thread 53"        [_thread_blocked, id=6032, stack(0x0000000108a00000,0x0000000108b00000) (1024K)]
  0x0000013ed83911d0 JavaThread "Unconstrained build operations Thread 54"        [_thread_blocked, id=7336, stack(0x0000000108b00000,0x0000000108c00000) (1024K)]
  0x0000013ed8391ef0 JavaThread "Unconstrained build operations Thread 55"        [_thread_blocked, id=16052, stack(0x0000000108c00000,0x0000000108d00000) (1024K)]
  0x0000013ed8391860 JavaThread "WorkerExecutor Queue"              [_thread_blocked, id=17620, stack(0x0000000108e00000,0x0000000108f00000) (1024K)]
  0x0000013ed8390b40 JavaThread "Unconstrained build operations Thread 56"        [_thread_blocked, id=17252, stack(0x0000000108f00000,0x0000000109000000) (1024K)]
  0x0000013ed83904b0 JavaThread "Unconstrained build operations Thread 57"        [_thread_blocked, id=13248, stack(0x0000000109000000,0x0000000109100000) (1024K)]
  0x0000013ed8392580 JavaThread "Unconstrained build operations Thread 58"        [_thread_blocked, id=13956, stack(0x0000000109100000,0x0000000109200000) (1024K)]
  0x0000013ed8395a00 JavaThread "Unconstrained build operations Thread 59"        [_thread_blocked, id=16332, stack(0x0000000109200000,0x0000000109300000) (1024K)]
  0x0000013ed8395370 JavaThread "Unconstrained build operations Thread 60"        [_thread_blocked, id=4568, stack(0x0000000109300000,0x0000000109400000) (1024K)]
  0x0000013ed83932a0 JavaThread "Unconstrained build operations Thread 61"        [_thread_blocked, id=15916, stack(0x0000000109400000,0x0000000109500000) (1024K)]
  0x0000013ed8393fc0 JavaThread "Unconstrained build operations Thread 62"        [_thread_blocked, id=11816, stack(0x0000000109500000,0x0000000109600000) (1024K)]
  0x0000013ed8392c10 JavaThread "Unconstrained build operations Thread 63"        [_thread_blocked, id=15940, stack(0x0000000109600000,0x0000000109700000) (1024K)]
  0x0000013ed8397440 JavaThread "Unconstrained build operations Thread 64"        [_thread_blocked, id=10620, stack(0x0000000109700000,0x0000000109800000) (1024K)]
  0x0000013ed8397ad0 JavaThread "Unconstrained build operations Thread 65"        [_thread_blocked, id=1584, stack(0x0000000109800000,0x0000000109900000) (1024K)]
  0x0000013ed8394ce0 JavaThread "Unconstrained build operations Thread 66"        [_thread_blocked, id=3108, stack(0x0000000109900000,0x0000000109a00000) (1024K)]
  0x0000013ec48b7ec0 JavaThread "WorkerExecutor Queue Thread 2"        [_thread_blocked, id=18628, stack(0x0000000109a00000,0x0000000109b00000) (1024K)]
  0x0000013ec779f640 JavaThread "WorkerExecutor Queue Thread 3"        [_thread_blocked, id=3756, stack(0x0000000109b00000,0x0000000109c00000) (1024K)]
  0x0000013ec779d570 JavaThread "WorkerExecutor Queue Thread 4"        [_thread_blocked, id=19164, stack(0x0000000109c00000,0x0000000109d00000) (1024K)]
  0x0000013ec6bec280 JavaThread "WorkerExecutor Queue Thread 5"        [_thread_blocked, id=9620, stack(0x0000000109d00000,0x0000000109e00000) (1024K)]
  0x0000013ec6bee9e0 JavaThread "WorkerExecutor Queue Thread 6"        [_thread_blocked, id=17376, stack(0x0000000109e00000,0x0000000109f00000) (1024K)]
  0x0000013ec6bedcc0 JavaThread "WorkerExecutor Queue Thread 7"        [_thread_blocked, id=18476, stack(0x0000000109f00000,0x000000010a000000) (1024K)]
  0x0000013ec5479750 JavaThread "WorkerExecutor Queue Thread 8"        [_thread_blocked, id=3288, stack(0x000000010a000000,0x000000010a100000) (1024K)]
  0x0000013efa3e4820 JavaThread "WorkerExecutor Queue Thread 9"        [_thread_blocked, id=17264, stack(0x000000010a100000,0x000000010a200000) (1024K)]
  0x0000013efa3e89c0 JavaThread "WorkerExecutor Queue Thread 10"        [_thread_blocked, id=13680, stack(0x000000010a200000,0x000000010a300000) (1024K)]
  0x0000013efa3e6260 JavaThread "WorkerExecutor Queue Thread 11"        [_thread_blocked, id=14300, stack(0x000000010a300000,0x000000010a400000) (1024K)]
  0x0000013efa3eaa90 JavaThread "WorkerExecutor Queue Thread 12"        [_thread_blocked, id=16088, stack(0x000000010a400000,0x000000010a500000) (1024K)]
  0x0000013ec7a82fe0 JavaThread "Unconstrained build operations Thread 67"        [_thread_blocked, id=15328, stack(0x000000010a600000,0x000000010a700000) (1024K)]
  0x0000013ec7a83670 JavaThread "Unconstrained build operations Thread 68"        [_thread_blocked, id=18760, stack(0x000000010a700000,0x000000010a800000) (1024K)]
  0x0000013ec7a88bc0 JavaThread "Unconstrained build operations Thread 69"        [_thread_blocked, id=17276, stack(0x000000010a800000,0x000000010a900000) (1024K)]
  0x0000013ec7a898e0 JavaThread "Unconstrained build operations Thread 70"        [_thread_blocked, id=18304, stack(0x000000010a900000,0x000000010aa00000) (1024K)]
  0x0000013ec7a87180 JavaThread "Unconstrained build operations Thread 71"        [_thread_blocked, id=15848, stack(0x000000010aa00000,0x000000010ab00000) (1024K)]
  0x0000013ed839d6b0 JavaThread "Unconstrained build operations Thread 72"        [_thread_blocked, id=6888, stack(0x000000010ab00000,0x000000010ac00000) (1024K)]
  0x0000013ed839e3d0 JavaThread "Unconstrained build operations Thread 73"        [_thread_blocked, id=3168, stack(0x000000010ac00000,0x000000010ad00000) (1024K)]
  0x0000013ed839f780 JavaThread "Unconstrained build operations Thread 74"        [_thread_blocked, id=16060, stack(0x000000010ad00000,0x000000010ae00000) (1024K)]
  0x0000013ed839ea60 JavaThread "Unconstrained build operations Thread 75"        [_thread_blocked, id=18508, stack(0x000000010ae00000,0x000000010af00000) (1024K)]
  0x0000013ed839fe10 JavaThread "Unconstrained build operations Thread 76"        [_thread_blocked, id=18048, stack(0x000000010af00000,0x000000010b000000) (1024K)]
  0x0000013ed839c990 JavaThread "Unconstrained build operations Thread 77"        [_thread_blocked, id=8996, stack(0x000000010b000000,0x000000010b100000) (1024K)]
  0x0000013ed83a04a0 JavaThread "Unconstrained build operations Thread 78"        [_thread_blocked, id=14500, stack(0x000000010b100000,0x000000010b200000) (1024K)]
  0x0000013ed8394650 JavaThread "Unconstrained build operations Thread 79"        [_thread_blocked, id=10184, stack(0x000000010b200000,0x000000010b300000) (1024K)]
  0x0000013ed8398160 JavaThread "Unconstrained build operations Thread 80"        [_thread_blocked, id=7548, stack(0x000000010b300000,0x000000010b400000) (1024K)]
  0x0000013ed8396db0 JavaThread "Unconstrained build operations Thread 81"        [_thread_blocked, id=4084, stack(0x000000010b400000,0x000000010b500000) (1024K)]
  0x0000013ed83987f0 JavaThread "Unconstrained build operations Thread 82"        [_thread_blocked, id=9036, stack(0x000000010b500000,0x000000010b600000) (1024K)]
  0x0000013ed8398e80 JavaThread "Unconstrained build operations Thread 83"        [_thread_blocked, id=4132, stack(0x000000010b600000,0x000000010b700000) (1024K)]
  0x0000013ed8399510 JavaThread "Unconstrained build operations Thread 84"        [_thread_blocked, id=2124, stack(0x000000010b700000,0x000000010b800000) (1024K)]
  0x0000013ed8399ba0 JavaThread "Unconstrained build operations Thread 85"        [_thread_blocked, id=15732, stack(0x000000010b800000,0x000000010b900000) (1024K)]
  0x0000013ed8396720 JavaThread "Unconstrained build operations Thread 86"        [_thread_blocked, id=3912, stack(0x000000010b900000,0x000000010ba00000) (1024K)]
  0x0000013ed839b5e0 JavaThread "Unconstrained build operations Thread 87"        [_thread_blocked, id=7756, stack(0x000000010ba00000,0x000000010bb00000) (1024K)]
  0x0000013ed839bc70 JavaThread "Unconstrained build operations Thread 88"        [_thread_blocked, id=5660, stack(0x000000010bb00000,0x000000010bc00000) (1024K)]
  0x0000013ed839a8c0 JavaThread "Unconstrained build operations Thread 89"        [_thread_blocked, id=19440, stack(0x000000010bc00000,0x000000010bd00000) (1024K)]
  0x0000013ed839f0f0 JavaThread "Unconstrained build operations Thread 90"        [_thread_blocked, id=18732, stack(0x000000010bd00000,0x000000010be00000) (1024K)]
  0x0000013ed839d020 JavaThread "Unconstrained build operations Thread 91"        [_thread_blocked, id=12816, stack(0x000000010be00000,0x000000010bf00000) (1024K)]
  0x0000013ed83a0b30 JavaThread "Unconstrained build operations Thread 92"        [_thread_blocked, id=2792, stack(0x000000010bf00000,0x000000010c000000) (1024K)]
  0x0000013ed83a11c0 JavaThread "Unconstrained build operations Thread 93"        [_thread_blocked, id=10296, stack(0x000000010c000000,0x000000010c100000) (1024K)]
  0x0000013ed839dd40 JavaThread "Unconstrained build operations Thread 94"        [_thread_blocked, id=12456, stack(0x000000010c100000,0x000000010c200000) (1024K)]
  0x0000013ed83a1850 JavaThread "Unconstrained build operations Thread 95"        [_thread_blocked, id=2684, stack(0x000000010c200000,0x000000010c300000) (1024K)]
  0x0000013ecd36b520 JavaThread "Unconstrained build operations Thread 96"        [_thread_blocked, id=19216, stack(0x000000010c300000,0x000000010c400000) (1024K)]
  0x0000013ecd36a170 JavaThread "Unconstrained build operations Thread 97"        [_thread_blocked, id=6696, stack(0x000000010c400000,0x000000010c500000) (1024K)]
  0x0000013ecd36a800 JavaThread "Unconstrained build operations Thread 98"        [_thread_blocked, id=3264, stack(0x000000010c500000,0x000000010c600000) (1024K)]
  0x0000013ecd36ae90 JavaThread "Unconstrained build operations Thread 99"        [_thread_blocked, id=2572, stack(0x000000010c600000,0x000000010c700000) (1024K)]
  0x0000013ecd369450 JavaThread "Unconstrained build operations Thread 100"        [_thread_blocked, id=9348, stack(0x000000010c700000,0x000000010c800000) (1024K)]
  0x0000013ecd3680a0 JavaThread "Unconstrained build operations Thread 101"        [_thread_blocked, id=17624, stack(0x000000010c800000,0x000000010c900000) (1024K)]
  0x0000013ecd36bbb0 JavaThread "Unconstrained build operations Thread 102"        [_thread_blocked, id=19008, stack(0x000000010c900000,0x000000010ca00000) (1024K)]
  0x0000013ecd368730 JavaThread "Unconstrained build operations Thread 103"        [_thread_blocked, id=15308, stack(0x000000010ca00000,0x000000010cb00000) (1024K)]
  0x0000013ecd36c240 JavaThread "Unconstrained build operations Thread 104"        [_thread_blocked, id=2356, stack(0x000000010cb00000,0x000000010cc00000) (1024K)]
  0x0000013ecd36cf60 JavaThread "Unconstrained build operations Thread 105"        [_thread_blocked, id=8968, stack(0x000000010cc00000,0x000000010cd00000) (1024K)]
  0x0000013ecd36d5f0 JavaThread "Unconstrained build operations Thread 106"        [_thread_blocked, id=9628, stack(0x000000010cd00000,0x000000010ce00000) (1024K)]
  0x0000013ecd371100 JavaThread "Unconstrained build operations Thread 107"        [_thread_blocked, id=17632, stack(0x000000010ce00000,0x000000010cf00000) (1024K)]
  0x0000013ecd36dc80 JavaThread "Unconstrained build operations Thread 108"        [_thread_blocked, id=6904, stack(0x000000010cf00000,0x000000010d000000) (1024K)]
  0x0000013ecd374c10 JavaThread "Unconstrained build operations Thread 109"        [_thread_blocked, id=18116, stack(0x000000010d000000,0x000000010d100000) (1024K)]
  0x0000013ecd371790 JavaThread "Unconstrained build operations Thread 110"        [_thread_blocked, id=7060, stack(0x000000010d100000,0x000000010d200000) (1024K)]
  0x0000013ecd375fc0 JavaThread "Unconstrained build operations Thread 111"        [_thread_blocked, id=17984, stack(0x000000010d200000,0x000000010d300000) (1024K)]
  0x0000013ec48b3000 JavaThread "Unconstrained build operations Thread 112"        [_thread_blocked, id=18608, stack(0x000000010d300000,0x000000010d400000) (1024K)]
  0x0000013ec48b3690 JavaThread "Unconstrained build operations Thread 113"        [_thread_blocked, id=7120, stack(0x000000010d400000,0x000000010d500000) (1024K)]
  0x0000013ec48b08a0 JavaThread "Unconstrained build operations Thread 114"        [_thread_blocked, id=9544, stack(0x000000010d500000,0x000000010d600000) (1024K)]
  0x0000013ec48b15c0 JavaThread "Unconstrained build operations Thread 115"        [_thread_blocked, id=7352, stack(0x000000010d600000,0x000000010d700000) (1024K)]
  0x0000013ec48b22e0 JavaThread "Unconstrained build operations Thread 116"        [_thread_blocked, id=14532, stack(0x000000010d700000,0x000000010d800000) (1024K)]
  0x0000013ec48b0210 JavaThread "Unconstrained build operations Thread 117"        [_thread_blocked, id=11284, stack(0x000000010d800000,0x000000010d900000) (1024K)]
  0x0000013ed89d2720 JavaThread "Unconstrained build operations Thread 118"        [_thread_blocked, id=6348, stack(0x000000010d900000,0x000000010da00000) (1024K)]
  0x0000013ec48b1c50 JavaThread "Unconstrained build operations Thread 119"        [_thread_blocked, id=2744, stack(0x000000010da00000,0x000000010db00000) (1024K)]
  0x0000013ec48b2970 JavaThread "Unconstrained build operations Thread 120"        [_thread_blocked, id=13860, stack(0x000000010db00000,0x000000010dc00000) (1024K)]
  0x0000013ed71824d0 JavaThread "C2 CompilerThread1"         daemon [_thread_blocked, id=14476, stack(0x0000000102b00000,0x0000000102c00000) (1024K)]
  0x0000013ed8d16160 JavaThread "C2 CompilerThread2"         daemon [_thread_blocked, id=2008, stack(0x0000000108d00000,0x0000000108e00000) (1024K)]
Total: 198

Other Threads:
=>0x0000013ef9b3fd40 VMThread "VM Thread"                           [id=15248, stack(0x0000000100d00000,0x0000000100e00000) (1024K)]
  0x0000013ef9b2fb50 WatcherThread "VM Periodic Task Thread"        [id=16216, stack(0x0000000100c00000,0x0000000100d00000) (1024K)]
  0x0000013ee15e6500 WorkerThread "GC Thread#0"                     [id=12344, stack(0x0000000100700000,0x0000000100800000) (1024K)]
  0x0000013ef9ecceb0 WorkerThread "GC Thread#1"                     [id=16612, stack(0x0000000101900000,0x0000000101a00000) (1024K)]
  0x0000013ef9ecd260 WorkerThread "GC Thread#2"                     [id=2360, stack(0x0000000101a00000,0x0000000101b00000) (1024K)]
  0x0000013efa49cb50 WorkerThread "GC Thread#3"                     [id=7664, stack(0x0000000101b00000,0x0000000101c00000) (1024K)]
  0x0000013efa108350 WorkerThread "GC Thread#4"                     [id=8852, stack(0x0000000101c00000,0x0000000101d00000) (1024K)]
  0x0000013ec29ff3f0 WorkerThread "GC Thread#5"                     [id=17104, stack(0x0000000102300000,0x0000000102400000) (1024K)]
  0x0000013eff4d3470 WorkerThread "GC Thread#6"                     [id=8468, stack(0x0000000102400000,0x0000000102500000) (1024K)]
  0x0000013eff4d3820 WorkerThread "GC Thread#7"                     [id=19256, stack(0x0000000102500000,0x0000000102600000) (1024K)]
  0x0000013eff734060 WorkerThread "GC Thread#8"                     [id=3260, stack(0x0000000102600000,0x0000000102700000) (1024K)]
  0x0000013eff5e4bb0 WorkerThread "GC Thread#9"                     [id=19176, stack(0x0000000102700000,0x0000000102800000) (1024K)]
  0x0000013ee15f7400 ConcurrentGCThread "G1 Main Marker"            [id=6416, stack(0x0000000100800000,0x0000000100900000) (1024K)]
  0x0000013ee15f9b50 WorkerThread "G1 Conc#0"                       [id=14832, stack(0x0000000100900000,0x0000000100a00000) (1024K)]
  0x0000013ec31daf10 WorkerThread "G1 Conc#1"                       [id=6544, stack(0x0000000103200000,0x0000000103300000) (1024K)]
  0x0000013ec31de2b0 WorkerThread "G1 Conc#2"                       [id=3472, stack(0x0000000103300000,0x0000000103400000) (1024K)]
  0x0000013ef9a87b40 ConcurrentGCThread "G1 Refine#0"               [id=10716, stack(0x0000000100a00000,0x0000000100b00000) (1024K)]
  0x0000013ef9a87f80 ConcurrentGCThread "G1 Service"                [id=13232, stack(0x0000000100b00000,0x0000000100c00000) (1024K)]
Total: 18

Threads with active compile tasks:
C2 CompilerThread0  5212563 39492 %     4       com.android.tools.r8.internal.Oa::a @ 105 (175 bytes)
C1 CompilerThread0  5212563 39682       3       com.android.tools.r8.internal.f40::b (28 bytes)
C2 CompilerThread1  5212563 38274       4       com.android.tools.r8.internal.vd::a (4363 bytes)
C2 CompilerThread2  5212563 39539       4       java.util.BitSet::<init> (56 bytes)
Total: 4

VM state: at safepoint (normal execution)

VM Mutex/Monitor currently owned by a thread:  ([mutex/lock_event])
[0x00007ff8c475adb0] Threads_lock - owner thread: 0x0000013ef9b3fd40
[0x00007ff8c475aeb0] Heap_lock - owner thread: 0x0000013ece142fe0

Heap address: 0x0000000080000000, size: 2048 MB, Compressed Oops mode: 32-bit

CDS archive(s) mapped at: [0x0000013e80000000-0x0000013e81c20000-0x0000013e81c20000), size 29491200, SharedBaseAddress: 0x0000013e80000000, ArchiveRelocationMode: 1.
Compressed class space mapped at: 0x0000013e82000000-0x0000013ec2000000, reserved size: 1073741824
Narrow klass base: 0x0000013e80000000, Narrow klass shift: 0, Narrow klass range: 0x100000000

GC Precious Log:
 CardTable entry size: 512
 Card Set container configuration: InlinePtr #cards 5 size 8 Array Of Cards #cards 12 size 40 Howl #buckets 4 coarsen threshold 1843 Howl Bitmap #cards 512 size 80 coarsen threshold 460 Card regions per heap region 1 cards per card region 2048
 CPUs: 12 total, 12 available
 Memory: 15741M
 Large Page Support: Disabled
 NUMA Support: Disabled
 Compressed Oops: Enabled (32-bit)
 Heap Region Size: 1M
 Heap Min Capacity: 8M
 Heap Initial Capacity: 246M
 Heap Max Capacity: 2G
 Pre-touch: Disabled
 Parallel Workers: 10
 Concurrent Workers: 3
 Concurrent Refinement Workers: 10
 Periodic GC: Disabled

Heap:
 garbage-first heap   total 557056K, used 351553K [0x0000000080000000, 0x0000000100000000)
  region size 1024K, 5 young (5120K), 5 survivors (5120K)
 Metaspace       used 233351K, committed 234944K, reserved 1310720K
  class space    used 30231K, committed 30976K, reserved 1048576K

Heap Regions: E=young(eden), S=young(survivor), O=old, HS=humongous(starts), HC=humongous(continues), CS=collection set, F=free, TAMS=top-at-mark-start, PB=parsable bottom
|   0|0x0000000080000000, 0x0000000080100000, 0x0000000080100000|100%|HS|  |TAMS 0x0000000080000000| PB 0x0000000080000000| Complete 
|   1|0x0000000080100000, 0x0000000080200000, 0x0000000080200000|100%|HC|  |TAMS 0x0000000080100000| PB 0x0000000080100000| Complete 
|   2|0x0000000080200000, 0x0000000080300000, 0x0000000080300000|100%|HC|  |TAMS 0x0000000080200000| PB 0x0000000080200000| Complete 
|   3|0x0000000080300000, 0x0000000080400000, 0x0000000080400000|100%| O|  |TAMS 0x0000000080300000| PB 0x0000000080300000| Untracked 
|   4|0x0000000080400000, 0x0000000080500000, 0x0000000080500000|100%| O|  |TAMS 0x0000000080400000| PB 0x0000000080400000| Untracked 
|   5|0x0000000080500000, 0x0000000080600000, 0x0000000080600000|100%| O|  |TAMS 0x0000000080500000| PB 0x0000000080500000| Untracked 
|   6|0x0000000080600000, 0x0000000080700000, 0x0000000080700000|100%|HS|  |TAMS 0x0000000080600000| PB 0x0000000080600000| Complete 
|   7|0x0000000080700000, 0x0000000080800000, 0x0000000080800000|100%| O|  |TAMS 0x0000000080700000| PB 0x0000000080700000| Untracked 
|   8|0x0000000080800000, 0x0000000080900000, 0x0000000080900000|100%| O|  |TAMS 0x0000000080800000| PB 0x0000000080800000| Untracked 
|   9|0x0000000080900000, 0x0000000080a00000, 0x0000000080a00000|100%| O|  |TAMS 0x0000000080900000| PB 0x0000000080900000| Untracked 
|  10|0x0000000080a00000, 0x0000000080afb450, 0x0000000080b00000| 98%| O|  |TAMS 0x0000000080a00000| PB 0x0000000080a00000| Untracked 
|  11|0x0000000080b00000, 0x0000000080c00000, 0x0000000080c00000|100%|HS|  |TAMS 0x0000000080b00000| PB 0x0000000080b00000| Complete 
|  12|0x0000000080c00000, 0x0000000080d00000, 0x0000000080d00000|100%|HC|  |TAMS 0x0000000080c00000| PB 0x0000000080c00000| Complete 
|  13|0x0000000080d00000, 0x0000000080e00000, 0x0000000080e00000|100%|HC|  |TAMS 0x0000000080d00000| PB 0x0000000080d00000| Complete 
|  14|0x0000000080e00000, 0x0000000080f00000, 0x0000000080f00000|100%|HC|  |TAMS 0x0000000080e00000| PB 0x0000000080e00000| Complete 
|  15|0x0000000080f00000, 0x0000000081000000, 0x0000000081000000|100%|HC|  |TAMS 0x0000000080f00000| PB 0x0000000080f00000| Complete 
|  16|0x0000000081000000, 0x0000000081100000, 0x0000000081100000|100%|HC|  |TAMS 0x0000000081000000| PB 0x0000000081000000| Complete 
|  17|0x0000000081100000, 0x0000000081200000, 0x0000000081200000|100%|HS|  |TAMS 0x0000000081100000| PB 0x0000000081100000| Complete 
|  18|0x0000000081200000, 0x0000000081300000, 0x0000000081300000|100%|HS|  |TAMS 0x0000000081200000| PB 0x0000000081200000| Complete 
|  19|0x0000000081300000, 0x0000000081400000, 0x0000000081400000|100%|HS|  |TAMS 0x0000000081300000| PB 0x0000000081300000| Complete 
|  20|0x0000000081400000, 0x0000000081500000, 0x0000000081500000|100%|HC|  |TAMS 0x0000000081400000| PB 0x0000000081400000| Complete 
|  21|0x0000000081500000, 0x0000000081600000, 0x0000000081600000|100%|HC|  |TAMS 0x0000000081500000| PB 0x0000000081500000| Complete 
|  22|0x0000000081600000, 0x0000000081700000, 0x0000000081700000|100%|HC|  |TAMS 0x0000000081600000| PB 0x0000000081600000| Complete 
|  23|0x0000000081700000, 0x0000000081800000, 0x0000000081800000|100%|HC|  |TAMS 0x0000000081700000| PB 0x0000000081700000| Complete 
|  24|0x0000000081800000, 0x0000000081900000, 0x0000000081900000|100%|HC|  |TAMS 0x0000000081800000| PB 0x0000000081800000| Complete 
|  25|0x0000000081900000, 0x0000000081a00000, 0x0000000081a00000|100%|HS|  |TAMS 0x0000000081900000| PB 0x0000000081900000| Complete 
|  26|0x0000000081a00000, 0x0000000081b00000, 0x0000000081b00000|100%|HS|  |TAMS 0x0000000081a00000| PB 0x0000000081a00000| Complete 
|  27|0x0000000081b00000, 0x0000000081c00000, 0x0000000081c00000|100%| O|  |TAMS 0x0000000081b00000| PB 0x0000000081b00000| Untracked 
|  28|0x0000000081c00000, 0x0000000081d00000, 0x0000000081d00000|100%| O|  |TAMS 0x0000000081c00000| PB 0x0000000081c00000| Untracked 
|  29|0x0000000081d00000, 0x0000000081e00000, 0x0000000081e00000|100%| O|  |TAMS 0x0000000081d00000| PB 0x0000000081d00000| Untracked 
|  30|0x0000000081e00000, 0x0000000081f00000, 0x0000000081f00000|100%| O|  |TAMS 0x0000000081e00000| PB 0x0000000081e00000| Untracked 
|  31|0x0000000081f00000, 0x0000000082000000, 0x0000000082000000|100%| O|  |TAMS 0x0000000081f00000| PB 0x0000000081f00000| Untracked 
|  32|0x0000000082000000, 0x0000000082100000, 0x0000000082100000|100%| O|  |TAMS 0x0000000082000000| PB 0x0000000082000000| Untracked 
|  33|0x0000000082100000, 0x0000000082200000, 0x0000000082200000|100%|HS|  |TAMS 0x0000000082100000| PB 0x0000000082100000| Complete 
|  34|0x0000000082200000, 0x0000000082300000, 0x0000000082300000|100%| O|  |TAMS 0x0000000082200000| PB 0x0000000082200000| Untracked 
|  35|0x0000000082300000, 0x0000000082400000, 0x0000000082400000|100%| O|  |TAMS 0x0000000082300000| PB 0x0000000082300000| Untracked 
|  36|0x0000000082400000, 0x0000000082500000, 0x0000000082500000|100%| O|  |TAMS 0x0000000082400000| PB 0x0000000082400000| Untracked 
|  37|0x0000000082500000, 0x0000000082600000, 0x0000000082600000|100%| O|  |TAMS 0x0000000082500000| PB 0x0000000082500000| Untracked 
|  38|0x0000000082600000, 0x0000000082700000, 0x0000000082700000|100%| O|  |TAMS 0x0000000082600000| PB 0x0000000082600000| Untracked 
|  39|0x0000000082700000, 0x0000000082800000, 0x0000000082800000|100%| O|  |TAMS 0x0000000082700000| PB 0x0000000082700000| Untracked 
|  40|0x0000000082800000, 0x0000000082900000, 0x0000000082900000|100%| O|  |TAMS 0x0000000082800000| PB 0x0000000082800000| Untracked 
|  41|0x0000000082900000, 0x0000000082a00000, 0x0000000082a00000|100%| O|  |TAMS 0x0000000082900000| PB 0x0000000082900000| Untracked 
|  42|0x0000000082a00000, 0x0000000082b00000, 0x0000000082b00000|100%| O|  |TAMS 0x0000000082a00000| PB 0x0000000082a00000| Untracked 
|  43|0x0000000082b00000, 0x0000000082c00000, 0x0000000082c00000|100%| O|  |TAMS 0x0000000082b00000| PB 0x0000000082b00000| Untracked 
|  44|0x0000000082c00000, 0x0000000082d00000, 0x0000000082d00000|100%| O|  |TAMS 0x0000000082c00000| PB 0x0000000082c00000| Untracked 
|  45|0x0000000082d00000, 0x0000000082e00000, 0x0000000082e00000|100%| O|  |TAMS 0x0000000082d00000| PB 0x0000000082d00000| Untracked 
|  46|0x0000000082e00000, 0x0000000082f00000, 0x0000000082f00000|100%| O|  |TAMS 0x0000000082e00000| PB 0x0000000082e00000| Untracked 
|  47|0x0000000082f00000, 0x0000000083000000, 0x0000000083000000|100%| O|  |TAMS 0x0000000082f00000| PB 0x0000000082f00000| Untracked 
|  48|0x0000000083000000, 0x0000000083100000, 0x0000000083100000|100%| O|  |TAMS 0x0000000083000000| PB 0x0000000083000000| Untracked 
|  49|0x0000000083100000, 0x0000000083200000, 0x0000000083200000|100%| O|  |TAMS 0x0000000083100000| PB 0x0000000083100000| Untracked 
|  50|0x0000000083200000, 0x0000000083300000, 0x0000000083300000|100%| O|  |TAMS 0x0000000083200000| PB 0x0000000083200000| Untracked 
|  51|0x0000000083300000, 0x0000000083400000, 0x0000000083400000|100%| O|  |TAMS 0x0000000083300000| PB 0x0000000083300000| Untracked 
|  52|0x0000000083400000, 0x0000000083500000, 0x0000000083500000|100%| O|  |TAMS 0x0000000083400000| PB 0x0000000083400000| Untracked 
|  53|0x0000000083500000, 0x0000000083600000, 0x0000000083600000|100%| O|  |TAMS 0x0000000083500000| PB 0x0000000083500000| Untracked 
|  54|0x0000000083600000, 0x0000000083700000, 0x0000000083700000|100%| O|  |TAMS 0x0000000083600000| PB 0x0000000083600000| Untracked 
|  55|0x0000000083700000, 0x0000000083800000, 0x0000000083800000|100%| O|  |TAMS 0x0000000083700000| PB 0x0000000083700000| Untracked 
|  56|0x0000000083800000, 0x0000000083900000, 0x0000000083900000|100%| O|  |TAMS 0x0000000083800000| PB 0x0000000083800000| Untracked 
|  57|0x0000000083900000, 0x0000000083a00000, 0x0000000083a00000|100%| O|  |TAMS 0x0000000083900000| PB 0x0000000083900000| Untracked 
|  58|0x0000000083a00000, 0x0000000083b00000, 0x0000000083b00000|100%| O|  |TAMS 0x0000000083a00000| PB 0x0000000083a00000| Untracked 
|  59|0x0000000083b00000, 0x0000000083c00000, 0x0000000083c00000|100%| O|  |TAMS 0x0000000083b00000| PB 0x0000000083b00000| Untracked 
|  60|0x0000000083c00000, 0x0000000083d00000, 0x0000000083d00000|100%| O|  |TAMS 0x0000000083c00000| PB 0x0000000083c00000| Untracked 
|  61|0x0000000083d00000, 0x0000000083e00000, 0x0000000083e00000|100%| O|  |TAMS 0x0000000083d00000| PB 0x0000000083d00000| Untracked 
|  62|0x0000000083e00000, 0x0000000083f00000, 0x0000000083f00000|100%| O|  |TAMS 0x0000000083e00000| PB 0x0000000083e00000| Untracked 
|  63|0x0000000083f00000, 0x0000000084000000, 0x0000000084000000|100%| O|  |TAMS 0x0000000083f00000| PB 0x0000000083f00000| Untracked 
|  64|0x0000000084000000, 0x0000000084100000, 0x0000000084100000|100%| O|  |TAMS 0x0000000084000000| PB 0x0000000084000000| Untracked 
|  65|0x0000000084100000, 0x0000000084200000, 0x0000000084200000|100%| O|  |TAMS 0x0000000084100000| PB 0x0000000084100000| Untracked 
|  66|0x0000000084200000, 0x0000000084300000, 0x0000000084300000|100%|HS|  |TAMS 0x0000000084200000| PB 0x0000000084200000| Complete 
|  67|0x0000000084300000, 0x0000000084400000, 0x0000000084400000|100%|HS|  |TAMS 0x0000000084300000| PB 0x0000000084300000| Complete 
|  68|0x0000000084400000, 0x0000000084500000, 0x0000000084500000|100%|HC|  |TAMS 0x0000000084400000| PB 0x0000000084400000| Complete 
|  69|0x0000000084500000, 0x0000000084600000, 0x0000000084600000|100%|HS|  |TAMS 0x0000000084500000| PB 0x0000000084500000| Complete 
|  70|0x0000000084600000, 0x0000000084700000, 0x0000000084700000|100%|HC|  |TAMS 0x0000000084600000| PB 0x0000000084600000| Complete 
|  71|0x0000000084700000, 0x0000000084800000, 0x0000000084800000|100%|HS|  |TAMS 0x0000000084700000| PB 0x0000000084700000| Complete 
|  72|0x0000000084800000, 0x0000000084900000, 0x0000000084900000|100%|HS|  |TAMS 0x0000000084800000| PB 0x0000000084800000| Complete 
|  73|0x0000000084900000, 0x0000000084a00000, 0x0000000084a00000|100%|HS|  |TAMS 0x0000000084900000| PB 0x0000000084900000| Complete 
|  74|0x0000000084a00000, 0x0000000084b00000, 0x0000000084b00000|100%|HC|  |TAMS 0x0000000084a00000| PB 0x0000000084a00000| Complete 
|  75|0x0000000084b00000, 0x0000000084c00000, 0x0000000084c00000|100%|HC|  |TAMS 0x0000000084b00000| PB 0x0000000084b00000| Complete 
|  76|0x0000000084c00000, 0x0000000084d00000, 0x0000000084d00000|100%|HS|  |TAMS 0x0000000084c00000| PB 0x0000000084c00000| Complete 
|  77|0x0000000084d00000, 0x0000000084e00000, 0x0000000084e00000|100%| O|  |TAMS 0x0000000084d00000| PB 0x0000000084d00000| Untracked 
|  78|0x0000000084e00000, 0x0000000084f00000, 0x0000000084f00000|100%|HS|  |TAMS 0x0000000084e00000| PB 0x0000000084e00000| Complete 
|  79|0x0000000084f00000, 0x0000000085000000, 0x0000000085000000|100%| O|  |TAMS 0x0000000084f00000| PB 0x0000000084f00000| Untracked 
|  80|0x0000000085000000, 0x0000000085100000, 0x0000000085100000|100%| O|  |TAMS 0x0000000085000000| PB 0x0000000085000000| Untracked 
|  81|0x0000000085100000, 0x0000000085200000, 0x0000000085200000|100%| O|  |TAMS 0x0000000085100000| PB 0x0000000085100000| Untracked 
|  82|0x0000000085200000, 0x0000000085300000, 0x0000000085300000|100%| O|  |TAMS 0x0000000085200000| PB 0x0000000085200000| Untracked 
|  83|0x0000000085300000, 0x0000000085400000, 0x0000000085400000|100%| O|  |TAMS 0x0000000085300000| PB 0x0000000085300000| Untracked 
|  84|0x0000000085400000, 0x0000000085500000, 0x0000000085500000|100%| O|  |TAMS 0x0000000085400000| PB 0x0000000085400000| Untracked 
|  85|0x0000000085500000, 0x0000000085500000, 0x0000000085600000|  0%| F|  |TAMS 0x0000000085500000| PB 0x0000000085500000| Untracked 
|  86|0x0000000085600000, 0x0000000085700000, 0x0000000085700000|100%| O|  |TAMS 0x0000000085600000| PB 0x0000000085600000| Untracked 
|  87|0x0000000085700000, 0x0000000085800000, 0x0000000085800000|100%| O|  |TAMS 0x0000000085700000| PB 0x0000000085700000| Untracked 
|  88|0x0000000085800000, 0x0000000085900000, 0x0000000085900000|100%|HS|  |TAMS 0x0000000085800000| PB 0x0000000085800000| Complete 
|  89|0x0000000085900000, 0x0000000085a00000, 0x0000000085a00000|100%| O|  |TAMS 0x0000000085900000| PB 0x0000000085900000| Untracked 
|  90|0x0000000085a00000, 0x0000000085b00000, 0x0000000085b00000|100%| O|  |TAMS 0x0000000085a00000| PB 0x0000000085a00000| Untracked 
|  91|0x0000000085b00000, 0x0000000085c00000, 0x0000000085c00000|100%| O|  |TAMS 0x0000000085b00000| PB 0x0000000085b00000| Untracked 
|  92|0x0000000085c00000, 0x0000000085d00000, 0x0000000085d00000|100%| O|  |TAMS 0x0000000085c00000| PB 0x0000000085c00000| Untracked 
|  93|0x0000000085d00000, 0x0000000085e00000, 0x0000000085e00000|100%| O|  |TAMS 0x0000000085d00000| PB 0x0000000085d00000| Untracked 
|  94|0x0000000085e00000, 0x0000000085f00000, 0x0000000085f00000|100%|HS|  |TAMS 0x0000000085e00000| PB 0x0000000085e00000| Complete 
|  95|0x0000000085f00000, 0x0000000086000000, 0x0000000086000000|100%|HC|  |TAMS 0x0000000085f00000| PB 0x0000000085f00000| Complete 
|  96|0x0000000086000000, 0x0000000086100000, 0x0000000086100000|100%|HC|  |TAMS 0x0000000086000000| PB 0x0000000086000000| Complete 
|  97|0x0000000086100000, 0x0000000086200000, 0x0000000086200000|100%| O|  |TAMS 0x0000000086100000| PB 0x0000000086100000| Untracked 
|  98|0x0000000086200000, 0x0000000086300000, 0x0000000086300000|100%| O|  |TAMS 0x0000000086200000| PB 0x0000000086200000| Untracked 
|  99|0x0000000086300000, 0x0000000086400000, 0x0000000086400000|100%| O|  |TAMS 0x0000000086300000| PB 0x0000000086300000| Untracked 
| 100|0x0000000086400000, 0x0000000086500000, 0x0000000086500000|100%| O|  |TAMS 0x0000000086400000| PB 0x0000000086400000| Untracked 
| 101|0x0000000086500000, 0x0000000086600000, 0x0000000086600000|100%| O|  |TAMS 0x0000000086500000| PB 0x0000000086500000| Untracked 
| 102|0x0000000086600000, 0x0000000086700000, 0x0000000086700000|100%| O|  |TAMS 0x0000000086600000| PB 0x0000000086600000| Untracked 
| 103|0x0000000086700000, 0x0000000086800000, 0x0000000086800000|100%| O|  |TAMS 0x0000000086700000| PB 0x0000000086700000| Untracked 
| 104|0x0000000086800000, 0x0000000086900000, 0x0000000086900000|100%| O|  |TAMS 0x0000000086800000| PB 0x0000000086800000| Untracked 
| 105|0x0000000086900000, 0x0000000086a00000, 0x0000000086a00000|100%| O|  |TAMS 0x0000000086900000| PB 0x0000000086900000| Untracked 
| 106|0x0000000086a00000, 0x0000000086b00000, 0x0000000086b00000|100%| O|  |TAMS 0x0000000086a00000| PB 0x0000000086a00000| Untracked 
| 107|0x0000000086b00000, 0x0000000086c00000, 0x0000000086c00000|100%| O|  |TAMS 0x0000000086b00000| PB 0x0000000086b00000| Untracked 
| 108|0x0000000086c00000, 0x0000000086d00000, 0x0000000086d00000|100%| O|  |TAMS 0x0000000086c00000| PB 0x0000000086c00000| Untracked 
| 109|0x0000000086d00000, 0x0000000086e00000, 0x0000000086e00000|100%| O|  |TAMS 0x0000000086d00000| PB 0x0000000086d00000| Untracked 
| 110|0x0000000086e00000, 0x0000000086f00000, 0x0000000086f00000|100%| O|  |TAMS 0x0000000086e00000| PB 0x0000000086e00000| Untracked 
| 111|0x0000000086f00000, 0x0000000087000000, 0x0000000087000000|100%| O|  |TAMS 0x0000000086f00000| PB 0x0000000086f00000| Untracked 
| 112|0x0000000087000000, 0x0000000087100000, 0x0000000087100000|100%| O|  |TAMS 0x0000000087000000| PB 0x0000000087000000| Untracked 
| 113|0x0000000087100000, 0x0000000087200000, 0x0000000087200000|100%| O|  |TAMS 0x0000000087100000| PB 0x0000000087100000| Untracked 
| 114|0x0000000087200000, 0x0000000087300000, 0x0000000087300000|100%| O|  |TAMS 0x0000000087200000| PB 0x0000000087200000| Untracked 
| 115|0x0000000087300000, 0x0000000087400000, 0x0000000087400000|100%| O|  |TAMS 0x0000000087300000| PB 0x0000000087300000| Untracked 
| 116|0x0000000087400000, 0x0000000087500000, 0x0000000087500000|100%| O|  |TAMS 0x0000000087400000| PB 0x0000000087400000| Untracked 
| 117|0x0000000087500000, 0x0000000087600000, 0x0000000087600000|100%| O|  |TAMS 0x0000000087500000| PB 0x0000000087500000| Untracked 
| 118|0x0000000087600000, 0x0000000087700000, 0x0000000087700000|100%| O|  |TAMS 0x0000000087600000| PB 0x0000000087600000| Untracked 
| 119|0x0000000087700000, 0x0000000087800000, 0x0000000087800000|100%| O|  |TAMS 0x0000000087700000| PB 0x0000000087700000| Untracked 
| 120|0x0000000087800000, 0x0000000087900000, 0x0000000087900000|100%| O|  |TAMS 0x0000000087800000| PB 0x0000000087800000| Untracked 
| 121|0x0000000087900000, 0x0000000087a00000, 0x0000000087a00000|100%| O|  |TAMS 0x0000000087900000| PB 0x0000000087900000| Untracked 
| 122|0x0000000087a00000, 0x0000000087b00000, 0x0000000087b00000|100%| O|  |TAMS 0x0000000087a00000| PB 0x0000000087a00000| Untracked 
| 123|0x0000000087b00000, 0x0000000087c00000, 0x0000000087c00000|100%| O|  |TAMS 0x0000000087b00000| PB 0x0000000087b00000| Untracked 
| 124|0x0000000087c00000, 0x0000000087d00000, 0x0000000087d00000|100%| O|  |TAMS 0x0000000087c00000| PB 0x0000000087c00000| Untracked 
| 125|0x0000000087d00000, 0x0000000087e00000, 0x0000000087e00000|100%| O|  |TAMS 0x0000000087d00000| PB 0x0000000087d00000| Untracked 
| 126|0x0000000087e00000, 0x0000000087f00000, 0x0000000087f00000|100%| O|  |TAMS 0x0000000087e00000| PB 0x0000000087e00000| Untracked 
| 127|0x0000000087f00000, 0x0000000088000000, 0x0000000088000000|100%| O|  |TAMS 0x0000000087f00000| PB 0x0000000087f00000| Untracked 
| 128|0x0000000088000000, 0x0000000088100000, 0x0000000088100000|100%| O|  |TAMS 0x0000000088000000| PB 0x0000000088000000| Untracked 
| 129|0x0000000088100000, 0x0000000088200000, 0x0000000088200000|100%| O|  |TAMS 0x0000000088100000| PB 0x0000000088100000| Untracked 
| 130|0x0000000088200000, 0x0000000088300000, 0x0000000088300000|100%| O|  |TAMS 0x0000000088200000| PB 0x0000000088200000| Untracked 
| 131|0x0000000088300000, 0x0000000088400000, 0x0000000088400000|100%| O|  |TAMS 0x0000000088300000| PB 0x0000000088300000| Untracked 
| 132|0x0000000088400000, 0x0000000088500000, 0x0000000088500000|100%| O|  |TAMS 0x0000000088400000| PB 0x0000000088400000| Untracked 
| 133|0x0000000088500000, 0x0000000088600000, 0x0000000088600000|100%| O|  |TAMS 0x0000000088500000| PB 0x0000000088500000| Untracked 
| 134|0x0000000088600000, 0x0000000088700000, 0x0000000088700000|100%| O|  |TAMS 0x0000000088600000| PB 0x0000000088600000| Untracked 
| 135|0x0000000088700000, 0x0000000088800000, 0x0000000088800000|100%| O|  |TAMS 0x0000000088700000| PB 0x0000000088700000| Untracked 
| 136|0x0000000088800000, 0x0000000088900000, 0x0000000088900000|100%| O|  |TAMS 0x0000000088800000| PB 0x0000000088800000| Untracked 
| 137|0x0000000088900000, 0x0000000088a00000, 0x0000000088a00000|100%| O|  |TAMS 0x0000000088900000| PB 0x0000000088900000| Untracked 
| 138|0x0000000088a00000, 0x0000000088b00000, 0x0000000088b00000|100%| O|  |TAMS 0x0000000088a00000| PB 0x0000000088a00000| Untracked 
| 139|0x0000000088b00000, 0x0000000088c00000, 0x0000000088c00000|100%| O|  |TAMS 0x0000000088b00000| PB 0x0000000088b00000| Untracked 
| 140|0x0000000088c00000, 0x0000000088d00000, 0x0000000088d00000|100%| O|  |TAMS 0x0000000088c00000| PB 0x0000000088c00000| Untracked 
| 141|0x0000000088d00000, 0x0000000088e00000, 0x0000000088e00000|100%| O|  |TAMS 0x0000000088d00000| PB 0x0000000088d00000| Untracked 
| 142|0x0000000088e00000, 0x0000000088f00000, 0x0000000088f00000|100%| O|  |TAMS 0x0000000088e00000| PB 0x0000000088e00000| Untracked 
| 143|0x0000000088f00000, 0x0000000089000000, 0x0000000089000000|100%| O|  |TAMS 0x0000000088f00000| PB 0x0000000088f00000| Untracked 
| 144|0x0000000089000000, 0x0000000089100000, 0x0000000089100000|100%| O|  |TAMS 0x0000000089000000| PB 0x0000000089000000| Untracked 
| 145|0x0000000089100000, 0x0000000089200000, 0x0000000089200000|100%| O|  |TAMS 0x0000000089100000| PB 0x0000000089100000| Untracked 
| 146|0x0000000089200000, 0x0000000089300000, 0x0000000089300000|100%| O|  |TAMS 0x0000000089200000| PB 0x0000000089200000| Untracked 
| 147|0x0000000089300000, 0x0000000089400000, 0x0000000089400000|100%| O|  |TAMS 0x0000000089300000| PB 0x0000000089300000| Untracked 
| 148|0x0000000089400000, 0x0000000089500000, 0x0000000089500000|100%| O|  |TAMS 0x0000000089400000| PB 0x0000000089400000| Untracked 
| 149|0x0000000089500000, 0x0000000089600000, 0x0000000089600000|100%| O|  |TAMS 0x0000000089500000| PB 0x0000000089500000| Untracked 
| 150|0x0000000089600000, 0x0000000089700000, 0x0000000089700000|100%| O|  |TAMS 0x0000000089600000| PB 0x0000000089600000| Untracked 
| 151|0x0000000089700000, 0x0000000089800000, 0x0000000089800000|100%| O|  |TAMS 0x0000000089700000| PB 0x0000000089700000| Untracked 
| 152|0x0000000089800000, 0x0000000089900000, 0x0000000089900000|100%| O|  |TAMS 0x0000000089800000| PB 0x0000000089800000| Untracked 
| 153|0x0000000089900000, 0x0000000089a00000, 0x0000000089a00000|100%| O|  |TAMS 0x0000000089900000| PB 0x0000000089900000| Untracked 
| 154|0x0000000089a00000, 0x0000000089b00000, 0x0000000089b00000|100%| O|  |TAMS 0x0000000089a00000| PB 0x0000000089a00000| Untracked 
| 155|0x0000000089b00000, 0x0000000089c00000, 0x0000000089c00000|100%| O|  |TAMS 0x0000000089b00000| PB 0x0000000089b00000| Untracked 
| 156|0x0000000089c00000, 0x0000000089d00000, 0x0000000089d00000|100%| O|  |TAMS 0x0000000089c00000| PB 0x0000000089c00000| Untracked 
| 157|0x0000000089d00000, 0x0000000089e00000, 0x0000000089e00000|100%| O|  |TAMS 0x0000000089d00000| PB 0x0000000089d00000| Untracked 
| 158|0x0000000089e00000, 0x0000000089f00000, 0x0000000089f00000|100%| O|  |TAMS 0x0000000089e00000| PB 0x0000000089e00000| Untracked 
| 159|0x0000000089f00000, 0x000000008a000000, 0x000000008a000000|100%| O|  |TAMS 0x0000000089f00000| PB 0x0000000089f00000| Untracked 
| 160|0x000000008a000000, 0x000000008a100000, 0x000000008a100000|100%| O|  |TAMS 0x000000008a000000| PB 0x000000008a000000| Untracked 
| 161|0x000000008a100000, 0x000000008a200000, 0x000000008a200000|100%| O|  |TAMS 0x000000008a100000| PB 0x000000008a100000| Untracked 
| 162|0x000000008a200000, 0x000000008a300000, 0x000000008a300000|100%| O|  |TAMS 0x000000008a200000| PB 0x000000008a200000| Untracked 
| 163|0x000000008a300000, 0x000000008a400000, 0x000000008a400000|100%| O|  |TAMS 0x000000008a300000| PB 0x000000008a300000| Untracked 
| 164|0x000000008a400000, 0x000000008a500000, 0x000000008a500000|100%| O|  |TAMS 0x000000008a400000| PB 0x000000008a400000| Untracked 
| 165|0x000000008a500000, 0x000000008a600000, 0x000000008a600000|100%| O|  |TAMS 0x000000008a500000| PB 0x000000008a500000| Untracked 
| 166|0x000000008a600000, 0x000000008a700000, 0x000000008a700000|100%| O|  |TAMS 0x000000008a600000| PB 0x000000008a600000| Untracked 
| 167|0x000000008a700000, 0x000000008a800000, 0x000000008a800000|100%| O|  |TAMS 0x000000008a700000| PB 0x000000008a700000| Untracked 
| 168|0x000000008a800000, 0x000000008a900000, 0x000000008a900000|100%| O|  |TAMS 0x000000008a800000| PB 0x000000008a800000| Untracked 
| 169|0x000000008a900000, 0x000000008aa00000, 0x000000008aa00000|100%| O|  |TAMS 0x000000008a900000| PB 0x000000008a900000| Untracked 
| 170|0x000000008aa00000, 0x000000008ab00000, 0x000000008ab00000|100%| O|  |TAMS 0x000000008aa00000| PB 0x000000008aa00000| Untracked 
| 171|0x000000008ab00000, 0x000000008ab00000, 0x000000008ac00000|  0%| F|  |TAMS 0x000000008ab00000| PB 0x000000008ab00000| Untracked 
| 172|0x000000008ac00000, 0x000000008ad00000, 0x000000008ad00000|100%| O|  |TAMS 0x000000008ac00000| PB 0x000000008ac00000| Untracked 
| 173|0x000000008ad00000, 0x000000008ae00000, 0x000000008ae00000|100%| O|  |TAMS 0x000000008ad00000| PB 0x000000008ad00000| Untracked 
| 174|0x000000008ae00000, 0x000000008af00000, 0x000000008af00000|100%| O|  |TAMS 0x000000008ae00000| PB 0x000000008ae00000| Untracked 
| 175|0x000000008af00000, 0x000000008b000000, 0x000000008b000000|100%| O|  |TAMS 0x000000008af00000| PB 0x000000008af00000| Untracked 
| 176|0x000000008b000000, 0x000000008b100000, 0x000000008b100000|100%| O|  |TAMS 0x000000008b000000| PB 0x000000008b000000| Untracked 
| 177|0x000000008b100000, 0x000000008b200000, 0x000000008b200000|100%| O|  |TAMS 0x000000008b100000| PB 0x000000008b100000| Untracked 
| 178|0x000000008b200000, 0x000000008b300000, 0x000000008b300000|100%| O|  |TAMS 0x000000008b200000| PB 0x000000008b200000| Untracked 
| 179|0x000000008b300000, 0x000000008b400000, 0x000000008b400000|100%| O|  |TAMS 0x000000008b300000| PB 0x000000008b300000| Untracked 
| 180|0x000000008b400000, 0x000000008b500000, 0x000000008b500000|100%| O|  |TAMS 0x000000008b400000| PB 0x000000008b400000| Untracked 
| 181|0x000000008b500000, 0x000000008b600000, 0x000000008b600000|100%| O|  |TAMS 0x000000008b500000| PB 0x000000008b500000| Untracked 
| 182|0x000000008b600000, 0x000000008b700000, 0x000000008b700000|100%| O|  |TAMS 0x000000008b600000| PB 0x000000008b600000| Untracked 
| 183|0x000000008b700000, 0x000000008b800000, 0x000000008b800000|100%| O|  |TAMS 0x000000008b700000| PB 0x000000008b700000| Untracked 
| 184|0x000000008b800000, 0x000000008b900000, 0x000000008b900000|100%| O|  |TAMS 0x000000008b800000| PB 0x000000008b800000| Untracked 
| 185|0x000000008b900000, 0x000000008b900000, 0x000000008ba00000|  0%| F|  |TAMS 0x000000008b900000| PB 0x000000008b900000| Untracked 
| 186|0x000000008ba00000, 0x000000008bb00000, 0x000000008bb00000|100%| O|  |TAMS 0x000000008ba00000| PB 0x000000008ba00000| Untracked 
| 187|0x000000008bb00000, 0x000000008bc00000, 0x000000008bc00000|100%| O|  |TAMS 0x000000008bb00000| PB 0x000000008bb00000| Untracked 
| 188|0x000000008bc00000, 0x000000008bd00000, 0x000000008bd00000|100%| O|  |TAMS 0x000000008bc00000| PB 0x000000008bc00000| Untracked 
| 189|0x000000008bd00000, 0x000000008be00000, 0x000000008be00000|100%| O|  |TAMS 0x000000008bd00000| PB 0x000000008bd00000| Untracked 
| 190|0x000000008be00000, 0x000000008bf00000, 0x000000008bf00000|100%| O|  |TAMS 0x000000008be00000| PB 0x000000008be00000| Untracked 
| 191|0x000000008bf00000, 0x000000008c000000, 0x000000008c000000|100%| O|  |TAMS 0x000000008bf00000| PB 0x000000008bf00000| Untracked 
| 192|0x000000008c000000, 0x000000008c100000, 0x000000008c100000|100%| O|  |TAMS 0x000000008c000000| PB 0x000000008c000000| Untracked 
| 193|0x000000008c100000, 0x000000008c200000, 0x000000008c200000|100%| O|  |TAMS 0x000000008c100000| PB 0x000000008c100000| Untracked 
| 194|0x000000008c200000, 0x000000008c300000, 0x000000008c300000|100%| O|  |TAMS 0x000000008c200000| PB 0x000000008c200000| Untracked 
| 195|0x000000008c300000, 0x000000008c400000, 0x000000008c400000|100%| O|  |TAMS 0x000000008c300000| PB 0x000000008c300000| Untracked 
| 196|0x000000008c400000, 0x000000008c500000, 0x000000008c500000|100%| O|  |TAMS 0x000000008c400000| PB 0x000000008c400000| Untracked 
| 197|0x000000008c500000, 0x000000008c600000, 0x000000008c600000|100%| O|  |TAMS 0x000000008c500000| PB 0x000000008c500000| Untracked 
| 198|0x000000008c600000, 0x000000008c700000, 0x000000008c700000|100%| O|  |TAMS 0x000000008c600000| PB 0x000000008c600000| Untracked 
| 199|0x000000008c700000, 0x000000008c800000, 0x000000008c800000|100%| O|  |TAMS 0x000000008c700000| PB 0x000000008c700000| Untracked 
| 200|0x000000008c800000, 0x000000008c900000, 0x000000008c900000|100%| O|  |TAMS 0x000000008c800000| PB 0x000000008c800000| Untracked 
| 201|0x000000008c900000, 0x000000008ca00000, 0x000000008ca00000|100%| O|  |TAMS 0x000000008c900000| PB 0x000000008c900000| Untracked 
| 202|0x000000008ca00000, 0x000000008cb00000, 0x000000008cb00000|100%| O|  |TAMS 0x000000008ca00000| PB 0x000000008ca00000| Untracked 
| 203|0x000000008cb00000, 0x000000008cc00000, 0x000000008cc00000|100%| O|  |TAMS 0x000000008cb00000| PB 0x000000008cb00000| Untracked 
| 204|0x000000008cc00000, 0x000000008cd00000, 0x000000008cd00000|100%| O|  |TAMS 0x000000008cc00000| PB 0x000000008cc00000| Untracked 
| 205|0x000000008cd00000, 0x000000008ce00000, 0x000000008ce00000|100%| O|  |TAMS 0x000000008cd00000| PB 0x000000008cd00000| Untracked 
| 206|0x000000008ce00000, 0x000000008cf00000, 0x000000008cf00000|100%| O|  |TAMS 0x000000008ce00000| PB 0x000000008ce00000| Untracked 
| 207|0x000000008cf00000, 0x000000008d000000, 0x000000008d000000|100%| O|  |TAMS 0x000000008cf00000| PB 0x000000008cf00000| Untracked 
| 208|0x000000008d000000, 0x000000008d100000, 0x000000008d100000|100%| O|  |TAMS 0x000000008d000000| PB 0x000000008d000000| Untracked 
| 209|0x000000008d100000, 0x000000008d200000, 0x000000008d200000|100%| O|  |TAMS 0x000000008d100000| PB 0x000000008d100000| Untracked 
| 210|0x000000008d200000, 0x000000008d300000, 0x000000008d300000|100%| O|  |TAMS 0x000000008d200000| PB 0x000000008d200000| Untracked 
| 211|0x000000008d300000, 0x000000008d400000, 0x000000008d400000|100%| O|  |TAMS 0x000000008d300000| PB 0x000000008d300000| Untracked 
| 212|0x000000008d400000, 0x000000008d500000, 0x000000008d500000|100%| O|  |TAMS 0x000000008d400000| PB 0x000000008d400000| Untracked 
| 213|0x000000008d500000, 0x000000008d600000, 0x000000008d600000|100%| O|  |TAMS 0x000000008d500000| PB 0x000000008d500000| Untracked 
| 214|0x000000008d600000, 0x000000008d700000, 0x000000008d700000|100%| O|  |TAMS 0x000000008d600000| PB 0x000000008d600000| Untracked 
| 215|0x000000008d700000, 0x000000008d800000, 0x000000008d800000|100%| O|  |TAMS 0x000000008d700000| PB 0x000000008d700000| Untracked 
| 216|0x000000008d800000, 0x000000008d900000, 0x000000008d900000|100%| O|  |TAMS 0x000000008d800000| PB 0x000000008d800000| Untracked 
| 217|0x000000008d900000, 0x000000008da00000, 0x000000008da00000|100%| O|  |TAMS 0x000000008d900000| PB 0x000000008d900000| Untracked 
| 218|0x000000008da00000, 0x000000008db00000, 0x000000008db00000|100%| O|  |TAMS 0x000000008da00000| PB 0x000000008da00000| Untracked 
| 219|0x000000008db00000, 0x000000008dc00000, 0x000000008dc00000|100%| O|  |TAMS 0x000000008db00000| PB 0x000000008db00000| Untracked 
| 220|0x000000008dc00000, 0x000000008dd00000, 0x000000008dd00000|100%| O|  |TAMS 0x000000008dc00000| PB 0x000000008dc00000| Untracked 
| 221|0x000000008dd00000, 0x000000008de00000, 0x000000008de00000|100%| O|  |TAMS 0x000000008dd00000| PB 0x000000008dd00000| Untracked 
| 222|0x000000008de00000, 0x000000008df00000, 0x000000008df00000|100%| O|  |TAMS 0x000000008de00000| PB 0x000000008de00000| Untracked 
| 223|0x000000008df00000, 0x000000008df00000, 0x000000008e000000|  0%| F|  |TAMS 0x000000008df00000| PB 0x000000008df00000| Untracked 
| 224|0x000000008e000000, 0x000000008e000000, 0x000000008e100000|  0%| F|  |TAMS 0x000000008e000000| PB 0x000000008e000000| Untracked 
| 225|0x000000008e100000, 0x000000008e100000, 0x000000008e200000|  0%| F|  |TAMS 0x000000008e100000| PB 0x000000008e100000| Untracked 
| 226|0x000000008e200000, 0x000000008e200000, 0x000000008e300000|  0%| F|  |TAMS 0x000000008e200000| PB 0x000000008e200000| Untracked 
| 227|0x000000008e300000, 0x000000008e300000, 0x000000008e400000|  0%| F|  |TAMS 0x000000008e300000| PB 0x000000008e300000| Untracked 
| 228|0x000000008e400000, 0x000000008e400000, 0x000000008e500000|  0%| F|  |TAMS 0x000000008e400000| PB 0x000000008e400000| Untracked 
| 229|0x000000008e500000, 0x000000008e600000, 0x000000008e600000|100%| O|  |TAMS 0x000000008e500000| PB 0x000000008e500000| Untracked 
| 230|0x000000008e600000, 0x000000008e700000, 0x000000008e700000|100%| O|  |TAMS 0x000000008e600000| PB 0x000000008e600000| Untracked 
| 231|0x000000008e700000, 0x000000008e800000, 0x000000008e800000|100%| O|  |TAMS 0x000000008e700000| PB 0x000000008e700000| Untracked 
| 232|0x000000008e800000, 0x000000008e900000, 0x000000008e900000|100%| O|  |TAMS 0x000000008e800000| PB 0x000000008e800000| Untracked 
| 233|0x000000008e900000, 0x000000008ea00000, 0x000000008ea00000|100%| O|  |TAMS 0x000000008e900000| PB 0x000000008e900000| Untracked 
| 234|0x000000008ea00000, 0x000000008eb00000, 0x000000008eb00000|100%| O|  |TAMS 0x000000008ea00000| PB 0x000000008ea00000| Untracked 
| 235|0x000000008eb00000, 0x000000008ec00000, 0x000000008ec00000|100%| O|  |TAMS 0x000000008eb00000| PB 0x000000008eb00000| Untracked 
| 236|0x000000008ec00000, 0x000000008ed00000, 0x000000008ed00000|100%| O|  |TAMS 0x000000008ec00000| PB 0x000000008ec00000| Untracked 
| 237|0x000000008ed00000, 0x000000008ee00000, 0x000000008ee00000|100%| O|  |TAMS 0x000000008ed00000| PB 0x000000008ed00000| Untracked 
| 238|0x000000008ee00000, 0x000000008ef00000, 0x000000008ef00000|100%| O|  |TAMS 0x000000008ee00000| PB 0x000000008ee00000| Untracked 
| 239|0x000000008ef00000, 0x000000008f000000, 0x000000008f000000|100%| O|  |TAMS 0x000000008ef00000| PB 0x000000008ef00000| Untracked 
| 240|0x000000008f000000, 0x000000008f100000, 0x000000008f100000|100%| O|  |TAMS 0x000000008f000000| PB 0x000000008f000000| Untracked 
| 241|0x000000008f100000, 0x000000008f200000, 0x000000008f200000|100%| O|  |TAMS 0x000000008f100000| PB 0x000000008f100000| Untracked 
| 242|0x000000008f200000, 0x000000008f300000, 0x000000008f300000|100%| O|  |TAMS 0x000000008f200000| PB 0x000000008f200000| Untracked 
| 243|0x000000008f300000, 0x000000008f400000, 0x000000008f400000|100%| O|  |TAMS 0x000000008f300000| PB 0x000000008f300000| Untracked 
| 244|0x000000008f400000, 0x000000008f500000, 0x000000008f500000|100%| O|  |TAMS 0x000000008f400000| PB 0x000000008f400000| Untracked 
| 245|0x000000008f500000, 0x000000008f600000, 0x000000008f600000|100%| O|  |TAMS 0x000000008f500000| PB 0x000000008f500000| Untracked 
| 246|0x000000008f600000, 0x000000008f700000, 0x000000008f700000|100%| O|  |TAMS 0x000000008f600000| PB 0x000000008f600000| Untracked 
| 247|0x000000008f700000, 0x000000008f800000, 0x000000008f800000|100%| O|  |TAMS 0x000000008f700000| PB 0x000000008f700000| Untracked 
| 248|0x000000008f800000, 0x000000008f900000, 0x000000008f900000|100%| O|  |TAMS 0x000000008f800000| PB 0x000000008f800000| Untracked 
| 249|0x000000008f900000, 0x000000008fa00000, 0x000000008fa00000|100%| O|  |TAMS 0x000000008f900000| PB 0x000000008f900000| Untracked 
| 250|0x000000008fa00000, 0x000000008fb00000, 0x000000008fb00000|100%| O|  |TAMS 0x000000008fa00000| PB 0x000000008fa00000| Untracked 
| 251|0x000000008fb00000, 0x000000008fc00000, 0x000000008fc00000|100%| O|  |TAMS 0x000000008fb00000| PB 0x000000008fb00000| Untracked 
| 252|0x000000008fc00000, 0x000000008fd00000, 0x000000008fd00000|100%| O|  |TAMS 0x000000008fc00000| PB 0x000000008fc00000| Untracked 
| 253|0x000000008fd00000, 0x000000008fe00000, 0x000000008fe00000|100%| O|  |TAMS 0x000000008fd00000| PB 0x000000008fd00000| Untracked 
| 254|0x000000008fe00000, 0x000000008ff00000, 0x000000008ff00000|100%| O|  |TAMS 0x000000008fe00000| PB 0x000000008fe00000| Untracked 
| 255|0x000000008ff00000, 0x0000000090000000, 0x0000000090000000|100%| O|  |TAMS 0x000000008ff00000| PB 0x000000008ff00000| Untracked 
| 256|0x0000000090000000, 0x0000000090100000, 0x0000000090100000|100%| O|  |TAMS 0x0000000090000000| PB 0x0000000090000000| Untracked 
| 257|0x0000000090100000, 0x0000000090200000, 0x0000000090200000|100%| O|  |TAMS 0x0000000090100000| PB 0x0000000090100000| Untracked 
| 258|0x0000000090200000, 0x0000000090300000, 0x0000000090300000|100%| O|  |TAMS 0x0000000090200000| PB 0x0000000090200000| Untracked 
| 259|0x0000000090300000, 0x0000000090400000, 0x0000000090400000|100%| O|  |TAMS 0x0000000090300000| PB 0x0000000090300000| Untracked 
| 260|0x0000000090400000, 0x0000000090500000, 0x0000000090500000|100%| O|  |TAMS 0x0000000090400000| PB 0x0000000090400000| Untracked 
| 261|0x0000000090500000, 0x0000000090600000, 0x0000000090600000|100%| O|  |TAMS 0x0000000090500000| PB 0x0000000090500000| Untracked 
| 262|0x0000000090600000, 0x0000000090700000, 0x0000000090700000|100%| O|  |TAMS 0x0000000090600000| PB 0x0000000090600000| Untracked 
| 263|0x0000000090700000, 0x0000000090800000, 0x0000000090800000|100%| O|  |TAMS 0x0000000090700000| PB 0x0000000090700000| Untracked 
| 264|0x0000000090800000, 0x0000000090900000, 0x0000000090900000|100%| O|  |TAMS 0x0000000090800000| PB 0x0000000090800000| Untracked 
| 265|0x0000000090900000, 0x0000000090a00000, 0x0000000090a00000|100%| O|  |TAMS 0x0000000090900000| PB 0x0000000090900000| Untracked 
| 266|0x0000000090a00000, 0x0000000090b00000, 0x0000000090b00000|100%| O|  |TAMS 0x0000000090a00000| PB 0x0000000090a00000| Untracked 
| 267|0x0000000090b00000, 0x0000000090c00000, 0x0000000090c00000|100%| O|  |TAMS 0x0000000090b00000| PB 0x0000000090b00000| Untracked 
| 268|0x0000000090c00000, 0x0000000090d00000, 0x0000000090d00000|100%| O|  |TAMS 0x0000000090c00000| PB 0x0000000090c00000| Untracked 
| 269|0x0000000090d00000, 0x0000000090e00000, 0x0000000090e00000|100%| O|  |TAMS 0x0000000090d00000| PB 0x0000000090d00000| Untracked 
| 270|0x0000000090e00000, 0x0000000090f00000, 0x0000000090f00000|100%| O|  |TAMS 0x0000000090e00000| PB 0x0000000090e00000| Untracked 
| 271|0x0000000090f00000, 0x0000000091000000, 0x0000000091000000|100%| O|  |TAMS 0x0000000090f00000| PB 0x0000000090f00000| Untracked 
| 272|0x0000000091000000, 0x0000000091100000, 0x0000000091100000|100%| O|  |TAMS 0x0000000091000000| PB 0x0000000091000000| Untracked 
| 273|0x0000000091100000, 0x0000000091200000, 0x0000000091200000|100%| O|  |TAMS 0x0000000091100000| PB 0x0000000091100000| Untracked 
| 274|0x0000000091200000, 0x0000000091300000, 0x0000000091300000|100%| O|  |TAMS 0x0000000091200000| PB 0x0000000091200000| Untracked 
| 275|0x0000000091300000, 0x0000000091400000, 0x0000000091400000|100%| O|  |TAMS 0x0000000091300000| PB 0x0000000091300000| Untracked 
| 276|0x0000000091400000, 0x0000000091500000, 0x0000000091500000|100%| O|  |TAMS 0x0000000091400000| PB 0x0000000091400000| Untracked 
| 277|0x0000000091500000, 0x0000000091600000, 0x0000000091600000|100%| O|  |TAMS 0x0000000091500000| PB 0x0000000091500000| Untracked 
| 278|0x0000000091600000, 0x0000000091700000, 0x0000000091700000|100%| O|  |TAMS 0x0000000091600000| PB 0x0000000091600000| Untracked 
| 279|0x0000000091700000, 0x0000000091800000, 0x0000000091800000|100%| O|  |TAMS 0x0000000091700000| PB 0x0000000091700000| Untracked 
| 280|0x0000000091800000, 0x0000000091900000, 0x0000000091900000|100%| O|  |TAMS 0x0000000091800000| PB 0x0000000091800000| Untracked 
| 281|0x0000000091900000, 0x0000000091a00000, 0x0000000091a00000|100%| O|  |TAMS 0x0000000091900000| PB 0x0000000091900000| Untracked 
| 282|0x0000000091a00000, 0x0000000091b00000, 0x0000000091b00000|100%| O|  |TAMS 0x0000000091a00000| PB 0x0000000091a00000| Untracked 
| 283|0x0000000091b00000, 0x0000000091c00000, 0x0000000091c00000|100%| O|  |TAMS 0x0000000091b00000| PB 0x0000000091b00000| Untracked 
| 284|0x0000000091c00000, 0x0000000091d00000, 0x0000000091d00000|100%| O|  |TAMS 0x0000000091c00000| PB 0x0000000091c00000| Untracked 
| 285|0x0000000091d00000, 0x0000000091e00000, 0x0000000091e00000|100%| O|  |TAMS 0x0000000091d00000| PB 0x0000000091d00000| Untracked 
| 286|0x0000000091e00000, 0x0000000091f00000, 0x0000000091f00000|100%| O|  |TAMS 0x0000000091e00000| PB 0x0000000091e00000| Untracked 
| 287|0x0000000091f00000, 0x0000000092000000, 0x0000000092000000|100%| O|  |TAMS 0x0000000091f00000| PB 0x0000000091f00000| Untracked 
| 288|0x0000000092000000, 0x0000000092100000, 0x0000000092100000|100%| O|  |TAMS 0x0000000092000000| PB 0x0000000092000000| Untracked 
| 289|0x0000000092100000, 0x0000000092200000, 0x0000000092200000|100%| O|  |TAMS 0x0000000092100000| PB 0x0000000092100000| Untracked 
| 290|0x0000000092200000, 0x0000000092300000, 0x0000000092300000|100%| O|  |TAMS 0x0000000092200000| PB 0x0000000092200000| Untracked 
| 291|0x0000000092300000, 0x0000000092400000, 0x0000000092400000|100%| O|  |TAMS 0x0000000092300000| PB 0x0000000092300000| Untracked 
| 292|0x0000000092400000, 0x0000000092400000, 0x0000000092500000|  0%| F|  |TAMS 0x0000000092400000| PB 0x0000000092400000| Untracked 
| 293|0x0000000092500000, 0x0000000092500000, 0x0000000092600000|  0%| F|  |TAMS 0x0000000092500000| PB 0x0000000092500000| Untracked 
| 294|0x0000000092600000, 0x0000000092600000, 0x0000000092700000|  0%| F|  |TAMS 0x0000000092600000| PB 0x0000000092600000| Untracked 
| 295|0x0000000092700000, 0x0000000092700000, 0x0000000092800000|  0%| F|  |TAMS 0x0000000092700000| PB 0x0000000092700000| Untracked 
| 296|0x0000000092800000, 0x0000000092800000, 0x0000000092900000|  0%| F|  |TAMS 0x0000000092800000| PB 0x0000000092800000| Untracked 
| 297|0x0000000092900000, 0x0000000092900000, 0x0000000092a00000|  0%| F|  |TAMS 0x0000000092900000| PB 0x0000000092900000| Untracked 
| 298|0x0000000092a00000, 0x0000000092a00000, 0x0000000092b00000|  0%| F|  |TAMS 0x0000000092a00000| PB 0x0000000092a00000| Untracked 
| 299|0x0000000092b00000, 0x0000000092b00000, 0x0000000092c00000|  0%| F|  |TAMS 0x0000000092b00000| PB 0x0000000092b00000| Untracked 
| 300|0x0000000092c00000, 0x0000000092c00000, 0x0000000092d00000|  0%| F|  |TAMS 0x0000000092c00000| PB 0x0000000092c00000| Untracked 
| 301|0x0000000092d00000, 0x0000000092d00000, 0x0000000092e00000|  0%| F|  |TAMS 0x0000000092d00000| PB 0x0000000092d00000| Untracked 
| 302|0x0000000092e00000, 0x0000000092e00000, 0x0000000092f00000|  0%| F|  |TAMS 0x0000000092e00000| PB 0x0000000092e00000| Untracked 
| 303|0x0000000092f00000, 0x0000000092f00000, 0x0000000093000000|  0%| F|  |TAMS 0x0000000092f00000| PB 0x0000000092f00000| Untracked 
| 304|0x0000000093000000, 0x0000000093000000, 0x0000000093100000|  0%| F|  |TAMS 0x0000000093000000| PB 0x0000000093000000| Untracked 
| 305|0x0000000093100000, 0x0000000093100000, 0x0000000093200000|  0%| F|  |TAMS 0x0000000093100000| PB 0x0000000093100000| Untracked 
| 306|0x0000000093200000, 0x0000000093200000, 0x0000000093300000|  0%| F|  |TAMS 0x0000000093200000| PB 0x0000000093200000| Untracked 
| 307|0x0000000093300000, 0x0000000093300000, 0x0000000093400000|  0%| F|  |TAMS 0x0000000093300000| PB 0x0000000093300000| Untracked 
| 308|0x0000000093400000, 0x0000000093400000, 0x0000000093500000|  0%| F|  |TAMS 0x0000000093400000| PB 0x0000000093400000| Untracked 
| 309|0x0000000093500000, 0x0000000093500000, 0x0000000093600000|  0%| F|  |TAMS 0x0000000093500000| PB 0x0000000093500000| Untracked 
| 310|0x0000000093600000, 0x0000000093600000, 0x0000000093700000|  0%| F|  |TAMS 0x0000000093600000| PB 0x0000000093600000| Untracked 
| 311|0x0000000093700000, 0x0000000093700000, 0x0000000093800000|  0%| F|  |TAMS 0x0000000093700000| PB 0x0000000093700000| Untracked 
| 312|0x0000000093800000, 0x0000000093800000, 0x0000000093900000|  0%| F|  |TAMS 0x0000000093800000| PB 0x0000000093800000| Untracked 
| 313|0x0000000093900000, 0x0000000093900000, 0x0000000093a00000|  0%| F|  |TAMS 0x0000000093900000| PB 0x0000000093900000| Untracked 
| 314|0x0000000093a00000, 0x0000000093a00000, 0x0000000093b00000|  0%| F|  |TAMS 0x0000000093a00000| PB 0x0000000093a00000| Untracked 
| 315|0x0000000093b00000, 0x0000000093b00000, 0x0000000093c00000|  0%| F|  |TAMS 0x0000000093b00000| PB 0x0000000093b00000| Untracked 
| 316|0x0000000093c00000, 0x0000000093c00000, 0x0000000093d00000|  0%| F|  |TAMS 0x0000000093c00000| PB 0x0000000093c00000| Untracked 
| 317|0x0000000093d00000, 0x0000000093d00000, 0x0000000093e00000|  0%| F|  |TAMS 0x0000000093d00000| PB 0x0000000093d00000| Untracked 
| 318|0x0000000093e00000, 0x0000000093e00000, 0x0000000093f00000|  0%| F|  |TAMS 0x0000000093e00000| PB 0x0000000093e00000| Untracked 
| 319|0x0000000093f00000, 0x0000000093f00000, 0x0000000094000000|  0%| F|  |TAMS 0x0000000093f00000| PB 0x0000000093f00000| Untracked 
| 320|0x0000000094000000, 0x0000000094000000, 0x0000000094100000|  0%| F|  |TAMS 0x0000000094000000| PB 0x0000000094000000| Untracked 
| 321|0x0000000094100000, 0x0000000094100000, 0x0000000094200000|  0%| F|  |TAMS 0x0000000094100000| PB 0x0000000094100000| Untracked 
| 322|0x0000000094200000, 0x0000000094200000, 0x0000000094300000|  0%| F|  |TAMS 0x0000000094200000| PB 0x0000000094200000| Untracked 
| 323|0x0000000094300000, 0x0000000094300000, 0x0000000094400000|  0%| F|  |TAMS 0x0000000094300000| PB 0x0000000094300000| Untracked 
| 324|0x0000000094400000, 0x0000000094455050, 0x0000000094500000| 33%| S|CS|TAMS 0x0000000094400000| PB 0x0000000094400000| Complete 
| 325|0x0000000094500000, 0x0000000094600000, 0x0000000094600000|100%| S|CS|TAMS 0x0000000094500000| PB 0x0000000094500000| Complete 
| 326|0x0000000094600000, 0x0000000094700000, 0x0000000094700000|100%| S|CS|TAMS 0x0000000094600000| PB 0x0000000094600000| Complete 
| 327|0x0000000094700000, 0x0000000094800000, 0x0000000094800000|100%| S|CS|TAMS 0x0000000094700000| PB 0x0000000094700000| Complete 
| 328|0x0000000094800000, 0x0000000094900000, 0x0000000094900000|100%| S|CS|TAMS 0x0000000094800000| PB 0x0000000094800000| Complete 
| 329|0x0000000094900000, 0x0000000094900000, 0x0000000094a00000|  0%| F|  |TAMS 0x0000000094900000| PB 0x0000000094900000| Untracked 
| 330|0x0000000094a00000, 0x0000000094a00000, 0x0000000094b00000|  0%| F|  |TAMS 0x0000000094a00000| PB 0x0000000094a00000| Untracked 
| 331|0x0000000094b00000, 0x0000000094b00000, 0x0000000094c00000|  0%| F|  |TAMS 0x0000000094b00000| PB 0x0000000094b00000| Untracked 
| 332|0x0000000094c00000, 0x0000000094c00000, 0x0000000094d00000|  0%| F|  |TAMS 0x0000000094c00000| PB 0x0000000094c00000| Untracked 
| 333|0x0000000094d00000, 0x0000000094d00000, 0x0000000094e00000|  0%| F|  |TAMS 0x0000000094d00000| PB 0x0000000094d00000| Untracked 
| 334|0x0000000094e00000, 0x0000000094e00000, 0x0000000094f00000|  0%| F|  |TAMS 0x0000000094e00000| PB 0x0000000094e00000| Untracked 
| 335|0x0000000094f00000, 0x0000000094f00000, 0x0000000095000000|  0%| F|  |TAMS 0x0000000094f00000| PB 0x0000000094f00000| Untracked 
| 336|0x0000000095000000, 0x0000000095000000, 0x0000000095100000|  0%| F|  |TAMS 0x0000000095000000| PB 0x0000000095000000| Untracked 
| 337|0x0000000095100000, 0x0000000095100000, 0x0000000095200000|  0%| F|  |TAMS 0x0000000095100000| PB 0x0000000095100000| Untracked 
| 338|0x0000000095200000, 0x0000000095200000, 0x0000000095300000|  0%| F|  |TAMS 0x0000000095200000| PB 0x0000000095200000| Untracked 
| 339|0x0000000095300000, 0x0000000095300000, 0x0000000095400000|  0%| F|  |TAMS 0x0000000095300000| PB 0x0000000095300000| Untracked 
| 340|0x0000000095400000, 0x0000000095400000, 0x0000000095500000|  0%| F|  |TAMS 0x0000000095400000| PB 0x0000000095400000| Untracked 
| 341|0x0000000095500000, 0x0000000095500000, 0x0000000095600000|  0%| F|  |TAMS 0x0000000095500000| PB 0x0000000095500000| Untracked 
| 342|0x0000000095600000, 0x0000000095600000, 0x0000000095700000|  0%| F|  |TAMS 0x0000000095600000| PB 0x0000000095600000| Untracked 
| 343|0x0000000095700000, 0x0000000095700000, 0x0000000095800000|  0%| F|  |TAMS 0x0000000095700000| PB 0x0000000095700000| Untracked 
| 344|0x0000000095800000, 0x0000000095800000, 0x0000000095900000|  0%| F|  |TAMS 0x0000000095800000| PB 0x0000000095800000| Untracked 
| 345|0x0000000095900000, 0x0000000095900000, 0x0000000095a00000|  0%| F|  |TAMS 0x0000000095900000| PB 0x0000000095900000| Untracked 
| 346|0x0000000095a00000, 0x0000000095a00000, 0x0000000095b00000|  0%| F|  |TAMS 0x0000000095a00000| PB 0x0000000095a00000| Untracked 
| 347|0x0000000095b00000, 0x0000000095b00000, 0x0000000095c00000|  0%| F|  |TAMS 0x0000000095b00000| PB 0x0000000095b00000| Untracked 
| 348|0x0000000095c00000, 0x0000000095c00000, 0x0000000095d00000|  0%| F|  |TAMS 0x0000000095c00000| PB 0x0000000095c00000| Untracked 
| 349|0x0000000095d00000, 0x0000000095d00000, 0x0000000095e00000|  0%| F|  |TAMS 0x0000000095d00000| PB 0x0000000095d00000| Untracked 
| 350|0x0000000095e00000, 0x0000000095e00000, 0x0000000095f00000|  0%| F|  |TAMS 0x0000000095e00000| PB 0x0000000095e00000| Untracked 
| 351|0x0000000095f00000, 0x0000000095f00000, 0x0000000096000000|  0%| F|  |TAMS 0x0000000095f00000| PB 0x0000000095f00000| Untracked 
| 352|0x0000000096000000, 0x0000000096000000, 0x0000000096100000|  0%| F|  |TAMS 0x0000000096000000| PB 0x0000000096000000| Untracked 
| 353|0x0000000096100000, 0x0000000096100000, 0x0000000096200000|  0%| F|  |TAMS 0x0000000096100000| PB 0x0000000096100000| Untracked 
| 354|0x0000000096200000, 0x0000000096200000, 0x0000000096300000|  0%| F|  |TAMS 0x0000000096200000| PB 0x0000000096200000| Untracked 
| 355|0x0000000096300000, 0x0000000096300000, 0x0000000096400000|  0%| F|  |TAMS 0x0000000096300000| PB 0x0000000096300000| Untracked 
| 356|0x0000000096400000, 0x0000000096400000, 0x0000000096500000|  0%| F|  |TAMS 0x0000000096400000| PB 0x0000000096400000| Untracked 
| 357|0x0000000096500000, 0x0000000096500000, 0x0000000096600000|  0%| F|  |TAMS 0x0000000096500000| PB 0x0000000096500000| Untracked 
| 358|0x0000000096600000, 0x0000000096600000, 0x0000000096700000|  0%| F|  |TAMS 0x0000000096600000| PB 0x0000000096600000| Untracked 
| 359|0x0000000096700000, 0x0000000096700000, 0x0000000096800000|  0%| F|  |TAMS 0x0000000096700000| PB 0x0000000096700000| Untracked 
| 360|0x0000000096800000, 0x0000000096800000, 0x0000000096900000|  0%| F|  |TAMS 0x0000000096800000| PB 0x0000000096800000| Untracked 
| 361|0x0000000096900000, 0x0000000096900000, 0x0000000096a00000|  0%| F|  |TAMS 0x0000000096900000| PB 0x0000000096900000| Untracked 
| 362|0x0000000096a00000, 0x0000000096a00000, 0x0000000096b00000|  0%| F|  |TAMS 0x0000000096a00000| PB 0x0000000096a00000| Untracked 
| 363|0x0000000096b00000, 0x0000000096b00000, 0x0000000096c00000|  0%| F|  |TAMS 0x0000000096b00000| PB 0x0000000096b00000| Untracked 
| 364|0x0000000096c00000, 0x0000000096c00000, 0x0000000096d00000|  0%| F|  |TAMS 0x0000000096c00000| PB 0x0000000096c00000| Untracked 
| 365|0x0000000096d00000, 0x0000000096d00000, 0x0000000096e00000|  0%| F|  |TAMS 0x0000000096d00000| PB 0x0000000096d00000| Untracked 
| 366|0x0000000096e00000, 0x0000000096e00000, 0x0000000096f00000|  0%| F|  |TAMS 0x0000000096e00000| PB 0x0000000096e00000| Untracked 
| 367|0x0000000096f00000, 0x0000000096f00000, 0x0000000097000000|  0%| F|  |TAMS 0x0000000096f00000| PB 0x0000000096f00000| Untracked 
| 368|0x0000000097000000, 0x0000000097000000, 0x0000000097100000|  0%| F|  |TAMS 0x0000000097000000| PB 0x0000000097000000| Untracked 
| 369|0x0000000097100000, 0x0000000097100000, 0x0000000097200000|  0%| F|  |TAMS 0x0000000097100000| PB 0x0000000097100000| Untracked 
| 370|0x0000000097200000, 0x0000000097200000, 0x0000000097300000|  0%| F|  |TAMS 0x0000000097200000| PB 0x0000000097200000| Untracked 
| 371|0x0000000097300000, 0x0000000097300000, 0x0000000097400000|  0%| F|  |TAMS 0x0000000097300000| PB 0x0000000097300000| Untracked 
| 372|0x0000000097400000, 0x0000000097400000, 0x0000000097500000|  0%| F|  |TAMS 0x0000000097400000| PB 0x0000000097400000| Untracked 
| 373|0x0000000097500000, 0x0000000097500000, 0x0000000097600000|  0%| F|  |TAMS 0x0000000097500000| PB 0x0000000097500000| Untracked 
| 374|0x0000000097600000, 0x0000000097600000, 0x0000000097700000|  0%| F|  |TAMS 0x0000000097600000| PB 0x0000000097600000| Untracked 
| 375|0x0000000097700000, 0x0000000097700000, 0x0000000097800000|  0%| F|  |TAMS 0x0000000097700000| PB 0x0000000097700000| Untracked 
| 376|0x0000000097800000, 0x0000000097800000, 0x0000000097900000|  0%| F|  |TAMS 0x0000000097800000| PB 0x0000000097800000| Untracked 
| 377|0x0000000097900000, 0x0000000097900000, 0x0000000097a00000|  0%| F|  |TAMS 0x0000000097900000| PB 0x0000000097900000| Untracked 
| 378|0x0000000097a00000, 0x0000000097a00000, 0x0000000097b00000|  0%| F|  |TAMS 0x0000000097a00000| PB 0x0000000097a00000| Untracked 
| 379|0x0000000097b00000, 0x0000000097b00000, 0x0000000097c00000|  0%| F|  |TAMS 0x0000000097b00000| PB 0x0000000097b00000| Untracked 
| 380|0x0000000097c00000, 0x0000000097c00000, 0x0000000097d00000|  0%| F|  |TAMS 0x0000000097c00000| PB 0x0000000097c00000| Untracked 
| 381|0x0000000097d00000, 0x0000000097d00000, 0x0000000097e00000|  0%| F|  |TAMS 0x0000000097d00000| PB 0x0000000097d00000| Untracked 
| 382|0x0000000097e00000, 0x0000000097e00000, 0x0000000097f00000|  0%| F|  |TAMS 0x0000000097e00000| PB 0x0000000097e00000| Untracked 
| 383|0x0000000097f00000, 0x0000000097f00000, 0x0000000098000000|  0%| F|  |TAMS 0x0000000097f00000| PB 0x0000000097f00000| Untracked 
| 384|0x0000000098000000, 0x0000000098000000, 0x0000000098100000|  0%| F|  |TAMS 0x0000000098000000| PB 0x0000000098000000| Untracked 
| 385|0x0000000098100000, 0x0000000098100000, 0x0000000098200000|  0%| F|  |TAMS 0x0000000098100000| PB 0x0000000098100000| Untracked 
| 386|0x0000000098200000, 0x0000000098200000, 0x0000000098300000|  0%| F|  |TAMS 0x0000000098200000| PB 0x0000000098200000| Untracked 
| 387|0x0000000098300000, 0x0000000098300000, 0x0000000098400000|  0%| F|  |TAMS 0x0000000098300000| PB 0x0000000098300000| Untracked 
| 388|0x0000000098400000, 0x0000000098400000, 0x0000000098500000|  0%| F|  |TAMS 0x0000000098400000| PB 0x0000000098400000| Untracked 
| 389|0x0000000098500000, 0x0000000098500000, 0x0000000098600000|  0%| F|  |TAMS 0x0000000098500000| PB 0x0000000098500000| Untracked 
| 390|0x0000000098600000, 0x0000000098600000, 0x0000000098700000|  0%| F|  |TAMS 0x0000000098600000| PB 0x0000000098600000| Untracked 
| 391|0x0000000098700000, 0x0000000098700000, 0x0000000098800000|  0%| F|  |TAMS 0x0000000098700000| PB 0x0000000098700000| Untracked 
| 392|0x0000000098800000, 0x0000000098800000, 0x0000000098900000|  0%| F|  |TAMS 0x0000000098800000| PB 0x0000000098800000| Untracked 
| 393|0x0000000098900000, 0x0000000098900000, 0x0000000098a00000|  0%| F|  |TAMS 0x0000000098900000| PB 0x0000000098900000| Untracked 
| 394|0x0000000098a00000, 0x0000000098a00000, 0x0000000098b00000|  0%| F|  |TAMS 0x0000000098a00000| PB 0x0000000098a00000| Untracked 
| 395|0x0000000098b00000, 0x0000000098b00000, 0x0000000098c00000|  0%| F|  |TAMS 0x0000000098b00000| PB 0x0000000098b00000| Untracked 
| 396|0x0000000098c00000, 0x0000000098c00000, 0x0000000098d00000|  0%| F|  |TAMS 0x0000000098c00000| PB 0x0000000098c00000| Untracked 
| 397|0x0000000098d00000, 0x0000000098d00000, 0x0000000098e00000|  0%| F|  |TAMS 0x0000000098d00000| PB 0x0000000098d00000| Untracked 
| 398|0x0000000098e00000, 0x0000000098e00000, 0x0000000098f00000|  0%| F|  |TAMS 0x0000000098e00000| PB 0x0000000098e00000| Untracked 
| 399|0x0000000098f00000, 0x0000000098f00000, 0x0000000099000000|  0%| F|  |TAMS 0x0000000098f00000| PB 0x0000000098f00000| Untracked 
| 400|0x0000000099000000, 0x0000000099000000, 0x0000000099100000|  0%| F|  |TAMS 0x0000000099000000| PB 0x0000000099000000| Untracked 
| 401|0x0000000099100000, 0x0000000099100000, 0x0000000099200000|  0%| F|  |TAMS 0x0000000099100000| PB 0x0000000099100000| Untracked 
| 402|0x0000000099200000, 0x0000000099200000, 0x0000000099300000|  0%| F|  |TAMS 0x0000000099200000| PB 0x0000000099200000| Untracked 
| 403|0x0000000099300000, 0x0000000099300000, 0x0000000099400000|  0%| F|  |TAMS 0x0000000099300000| PB 0x0000000099300000| Untracked 
| 404|0x0000000099400000, 0x0000000099400000, 0x0000000099500000|  0%| F|  |TAMS 0x0000000099400000| PB 0x0000000099400000| Untracked 
| 405|0x0000000099500000, 0x0000000099500000, 0x0000000099600000|  0%| F|  |TAMS 0x0000000099500000| PB 0x0000000099500000| Untracked 
| 406|0x0000000099600000, 0x0000000099600000, 0x0000000099700000|  0%| F|  |TAMS 0x0000000099600000| PB 0x0000000099600000| Untracked 
| 407|0x0000000099700000, 0x0000000099700000, 0x0000000099800000|  0%| F|  |TAMS 0x0000000099700000| PB 0x0000000099700000| Untracked 
| 408|0x0000000099800000, 0x0000000099800000, 0x0000000099900000|  0%| F|  |TAMS 0x0000000099800000| PB 0x0000000099800000| Untracked 
| 409|0x0000000099900000, 0x0000000099900000, 0x0000000099a00000|  0%| F|  |TAMS 0x0000000099900000| PB 0x0000000099900000| Untracked 
| 410|0x0000000099a00000, 0x0000000099a00000, 0x0000000099b00000|  0%| F|  |TAMS 0x0000000099a00000| PB 0x0000000099a00000| Untracked 
| 411|0x0000000099b00000, 0x0000000099b00000, 0x0000000099c00000|  0%| F|  |TAMS 0x0000000099b00000| PB 0x0000000099b00000| Untracked 
| 412|0x0000000099c00000, 0x0000000099c00000, 0x0000000099d00000|  0%| F|  |TAMS 0x0000000099c00000| PB 0x0000000099c00000| Untracked 
| 413|0x0000000099d00000, 0x0000000099d00000, 0x0000000099e00000|  0%| F|  |TAMS 0x0000000099d00000| PB 0x0000000099d00000| Untracked 
| 414|0x0000000099e00000, 0x0000000099e00000, 0x0000000099f00000|  0%| F|  |TAMS 0x0000000099e00000| PB 0x0000000099e00000| Untracked 
| 415|0x0000000099f00000, 0x0000000099f00000, 0x000000009a000000|  0%| F|  |TAMS 0x0000000099f00000| PB 0x0000000099f00000| Untracked 
| 416|0x000000009a000000, 0x000000009a000000, 0x000000009a100000|  0%| F|  |TAMS 0x000000009a000000| PB 0x000000009a000000| Untracked 
| 417|0x000000009a100000, 0x000000009a100000, 0x000000009a200000|  0%| F|  |TAMS 0x000000009a100000| PB 0x000000009a100000| Untracked 
| 418|0x000000009a200000, 0x000000009a200000, 0x000000009a300000|  0%| F|  |TAMS 0x000000009a200000| PB 0x000000009a200000| Untracked 
| 419|0x000000009a300000, 0x000000009a300000, 0x000000009a400000|  0%| F|  |TAMS 0x000000009a300000| PB 0x000000009a300000| Untracked 
| 420|0x000000009a400000, 0x000000009a400000, 0x000000009a500000|  0%| F|  |TAMS 0x000000009a400000| PB 0x000000009a400000| Untracked 
| 421|0x000000009a500000, 0x000000009a500000, 0x000000009a600000|  0%| F|  |TAMS 0x000000009a500000| PB 0x000000009a500000| Untracked 
| 422|0x000000009a600000, 0x000000009a600000, 0x000000009a700000|  0%| F|  |TAMS 0x000000009a600000| PB 0x000000009a600000| Untracked 
| 423|0x000000009a700000, 0x000000009a700000, 0x000000009a800000|  0%| F|  |TAMS 0x000000009a700000| PB 0x000000009a700000| Untracked 
| 424|0x000000009a800000, 0x000000009a800000, 0x000000009a900000|  0%| F|  |TAMS 0x000000009a800000| PB 0x000000009a800000| Untracked 
| 425|0x000000009a900000, 0x000000009a900000, 0x000000009aa00000|  0%| F|  |TAMS 0x000000009a900000| PB 0x000000009a900000| Untracked 
| 426|0x000000009aa00000, 0x000000009aa00000, 0x000000009ab00000|  0%| F|  |TAMS 0x000000009aa00000| PB 0x000000009aa00000| Untracked 
| 427|0x000000009ab00000, 0x000000009ab00000, 0x000000009ac00000|  0%| F|  |TAMS 0x000000009ab00000| PB 0x000000009ab00000| Untracked 
| 428|0x000000009ac00000, 0x000000009ac00000, 0x000000009ad00000|  0%| F|  |TAMS 0x000000009ac00000| PB 0x000000009ac00000| Untracked 
| 429|0x000000009ad00000, 0x000000009ad00000, 0x000000009ae00000|  0%| F|  |TAMS 0x000000009ad00000| PB 0x000000009ad00000| Untracked 
| 430|0x000000009ae00000, 0x000000009ae00000, 0x000000009af00000|  0%| F|  |TAMS 0x000000009ae00000| PB 0x000000009ae00000| Untracked 
| 431|0x000000009af00000, 0x000000009af00000, 0x000000009b000000|  0%| F|  |TAMS 0x000000009af00000| PB 0x000000009af00000| Untracked 
| 432|0x000000009b000000, 0x000000009b000000, 0x000000009b100000|  0%| F|  |TAMS 0x000000009b000000| PB 0x000000009b000000| Untracked 
| 433|0x000000009b100000, 0x000000009b100000, 0x000000009b200000|  0%| F|  |TAMS 0x000000009b100000| PB 0x000000009b100000| Untracked 
| 434|0x000000009b200000, 0x000000009b200000, 0x000000009b300000|  0%| F|  |TAMS 0x000000009b200000| PB 0x000000009b200000| Untracked 
| 435|0x000000009b300000, 0x000000009b300000, 0x000000009b400000|  0%| F|  |TAMS 0x000000009b300000| PB 0x000000009b300000| Untracked 
| 436|0x000000009b400000, 0x000000009b400000, 0x000000009b500000|  0%| F|  |TAMS 0x000000009b400000| PB 0x000000009b400000| Untracked 
| 437|0x000000009b500000, 0x000000009b500000, 0x000000009b600000|  0%| F|  |TAMS 0x000000009b500000| PB 0x000000009b500000| Untracked 
| 438|0x000000009b600000, 0x000000009b600000, 0x000000009b700000|  0%| F|  |TAMS 0x000000009b600000| PB 0x000000009b600000| Untracked 
| 439|0x000000009b700000, 0x000000009b700000, 0x000000009b800000|  0%| F|  |TAMS 0x000000009b700000| PB 0x000000009b700000| Untracked 
| 440|0x000000009b800000, 0x000000009b800000, 0x000000009b900000|  0%| F|  |TAMS 0x000000009b800000| PB 0x000000009b800000| Untracked 
| 441|0x000000009b900000, 0x000000009b900000, 0x000000009ba00000|  0%| F|  |TAMS 0x000000009b900000| PB 0x000000009b900000| Untracked 
| 442|0x000000009ba00000, 0x000000009ba00000, 0x000000009bb00000|  0%| F|  |TAMS 0x000000009ba00000| PB 0x000000009ba00000| Untracked 
| 443|0x000000009bb00000, 0x000000009bb00000, 0x000000009bc00000|  0%| F|  |TAMS 0x000000009bb00000| PB 0x000000009bb00000| Untracked 
| 444|0x000000009bc00000, 0x000000009bc00000, 0x000000009bd00000|  0%| F|  |TAMS 0x000000009bc00000| PB 0x000000009bc00000| Untracked 
| 445|0x000000009bd00000, 0x000000009bd00000, 0x000000009be00000|  0%| F|  |TAMS 0x000000009bd00000| PB 0x000000009bd00000| Untracked 
| 446|0x000000009be00000, 0x000000009be00000, 0x000000009bf00000|  0%| F|  |TAMS 0x000000009be00000| PB 0x000000009be00000| Untracked 
| 447|0x000000009bf00000, 0x000000009bf00000, 0x000000009c000000|  0%| F|  |TAMS 0x000000009bf00000| PB 0x000000009bf00000| Untracked 
| 448|0x000000009c000000, 0x000000009c000000, 0x000000009c100000|  0%| F|  |TAMS 0x000000009c000000| PB 0x000000009c000000| Untracked 
| 449|0x000000009c100000, 0x000000009c100000, 0x000000009c200000|  0%| F|  |TAMS 0x000000009c100000| PB 0x000000009c100000| Untracked 
| 450|0x000000009c200000, 0x000000009c200000, 0x000000009c300000|  0%| F|  |TAMS 0x000000009c200000| PB 0x000000009c200000| Untracked 
| 451|0x000000009c300000, 0x000000009c300000, 0x000000009c400000|  0%| F|  |TAMS 0x000000009c300000| PB 0x000000009c300000| Untracked 
| 452|0x000000009c400000, 0x000000009c400000, 0x000000009c500000|  0%| F|  |TAMS 0x000000009c400000| PB 0x000000009c400000| Untracked 
| 453|0x000000009c500000, 0x000000009c500000, 0x000000009c600000|  0%| F|  |TAMS 0x000000009c500000| PB 0x000000009c500000| Untracked 
| 454|0x000000009c600000, 0x000000009c600000, 0x000000009c700000|  0%| F|  |TAMS 0x000000009c600000| PB 0x000000009c600000| Untracked 
| 455|0x000000009c700000, 0x000000009c700000, 0x000000009c800000|  0%| F|  |TAMS 0x000000009c700000| PB 0x000000009c700000| Untracked 
| 456|0x000000009c800000, 0x000000009c800000, 0x000000009c900000|  0%| F|  |TAMS 0x000000009c800000| PB 0x000000009c800000| Untracked 
| 457|0x000000009c900000, 0x000000009c900000, 0x000000009ca00000|  0%| F|  |TAMS 0x000000009c900000| PB 0x000000009c900000| Untracked 
| 458|0x000000009ca00000, 0x000000009ca00000, 0x000000009cb00000|  0%| F|  |TAMS 0x000000009ca00000| PB 0x000000009ca00000| Untracked 
| 459|0x000000009cb00000, 0x000000009cb00000, 0x000000009cc00000|  0%| F|  |TAMS 0x000000009cb00000| PB 0x000000009cb00000| Untracked 
| 460|0x000000009cc00000, 0x000000009cc00000, 0x000000009cd00000|  0%| F|  |TAMS 0x000000009cc00000| PB 0x000000009cc00000| Untracked 
| 461|0x000000009cd00000, 0x000000009cd00000, 0x000000009ce00000|  0%| F|  |TAMS 0x000000009cd00000| PB 0x000000009cd00000| Untracked 
| 462|0x000000009ce00000, 0x000000009ce00000, 0x000000009cf00000|  0%| F|  |TAMS 0x000000009ce00000| PB 0x000000009ce00000| Untracked 
|1967|0x00000000faf00000, 0x00000000fb000000, 0x00000000fb000000|100%| O|  |TAMS 0x00000000faf00000| PB 0x00000000faf00000| Untracked 
|1968|0x00000000fb000000, 0x00000000fb100000, 0x00000000fb100000|100%| O|  |TAMS 0x00000000fb000000| PB 0x00000000fb000000| Untracked 
|1969|0x00000000fb100000, 0x00000000fb200000, 0x00000000fb200000|100%| O|  |TAMS 0x00000000fb100000| PB 0x00000000fb100000| Untracked 
|1970|0x00000000fb200000, 0x00000000fb300000, 0x00000000fb300000|100%| O|  |TAMS 0x00000000fb200000| PB 0x00000000fb200000| Untracked 
|1971|0x00000000fb300000, 0x00000000fb400000, 0x00000000fb400000|100%| O|  |TAMS 0x00000000fb300000| PB 0x00000000fb300000| Untracked 
|1972|0x00000000fb400000, 0x00000000fb500000, 0x00000000fb500000|100%| O|  |TAMS 0x00000000fb400000| PB 0x00000000fb400000| Untracked 
|1973|0x00000000fb500000, 0x00000000fb600000, 0x00000000fb600000|100%| O|  |TAMS 0x00000000fb500000| PB 0x00000000fb500000| Untracked 
|1974|0x00000000fb600000, 0x00000000fb600000, 0x00000000fb700000|  0%| F|  |TAMS 0x00000000fb600000| PB 0x00000000fb600000| Untracked 
|1975|0x00000000fb700000, 0x00000000fb700000, 0x00000000fb800000|  0%| F|  |TAMS 0x00000000fb700000| PB 0x00000000fb700000| Untracked 
|1976|0x00000000fb800000, 0x00000000fb900000, 0x00000000fb900000|100%| O|  |TAMS 0x00000000fb800000| PB 0x00000000fb800000| Untracked 
|1977|0x00000000fb900000, 0x00000000fba00000, 0x00000000fba00000|100%| O|  |TAMS 0x00000000fb900000| PB 0x00000000fb900000| Untracked 
|1978|0x00000000fba00000, 0x00000000fbb00000, 0x00000000fbb00000|100%| O|  |TAMS 0x00000000fba00000| PB 0x00000000fba00000| Untracked 
|1979|0x00000000fbb00000, 0x00000000fbc00000, 0x00000000fbc00000|100%| O|  |TAMS 0x00000000fbb00000| PB 0x00000000fbb00000| Untracked 
|1980|0x00000000fbc00000, 0x00000000fbd00000, 0x00000000fbd00000|100%| O|  |TAMS 0x00000000fbc00000| PB 0x00000000fbc00000| Untracked 
|1981|0x00000000fbd00000, 0x00000000fbe00000, 0x00000000fbe00000|100%| O|  |TAMS 0x00000000fbd00000| PB 0x00000000fbd00000| Untracked 
|1982|0x00000000fbe00000, 0x00000000fbf00000, 0x00000000fbf00000|100%| O|  |TAMS 0x00000000fbe00000| PB 0x00000000fbe00000| Untracked 
|1983|0x00000000fbf00000, 0x00000000fc000000, 0x00000000fc000000|100%| O|  |TAMS 0x00000000fbf00000| PB 0x00000000fbf00000| Untracked 
|1984|0x00000000fc000000, 0x00000000fc100000, 0x00000000fc100000|100%| O|  |TAMS 0x00000000fc000000| PB 0x00000000fc000000| Untracked 
|1985|0x00000000fc100000, 0x00000000fc200000, 0x00000000fc200000|100%| O|  |TAMS 0x00000000fc100000| PB 0x00000000fc100000| Untracked 
|1986|0x00000000fc200000, 0x00000000fc300000, 0x00000000fc300000|100%| O|  |TAMS 0x00000000fc200000| PB 0x00000000fc200000| Untracked 
|1987|0x00000000fc300000, 0x00000000fc300000, 0x00000000fc400000|  0%| F|  |TAMS 0x00000000fc300000| PB 0x00000000fc300000| Untracked 
|1988|0x00000000fc400000, 0x00000000fc500000, 0x00000000fc500000|100%| O|  |TAMS 0x00000000fc400000| PB 0x00000000fc400000| Untracked 
|1989|0x00000000fc500000, 0x00000000fc600000, 0x00000000fc600000|100%| O|  |TAMS 0x00000000fc500000| PB 0x00000000fc500000| Untracked 
|1990|0x00000000fc600000, 0x00000000fc700000, 0x00000000fc700000|100%| O|  |TAMS 0x00000000fc600000| PB 0x00000000fc600000| Untracked 
|1991|0x00000000fc700000, 0x00000000fc800000, 0x00000000fc800000|100%| O|  |TAMS 0x00000000fc700000| PB 0x00000000fc700000| Untracked 
|1992|0x00000000fc800000, 0x00000000fc900000, 0x00000000fc900000|100%| O|  |TAMS 0x00000000fc800000| PB 0x00000000fc800000| Untracked 
|1993|0x00000000fc900000, 0x00000000fca00000, 0x00000000fca00000|100%| O|  |TAMS 0x00000000fc900000| PB 0x00000000fc900000| Untracked 
|1994|0x00000000fca00000, 0x00000000fcb00000, 0x00000000fcb00000|100%| O|  |TAMS 0x00000000fca00000| PB 0x00000000fca00000| Untracked 
|1995|0x00000000fcb00000, 0x00000000fcc00000, 0x00000000fcc00000|100%| O|  |TAMS 0x00000000fcb00000| PB 0x00000000fcb00000| Untracked 
|1996|0x00000000fcc00000, 0x00000000fcd00000, 0x00000000fcd00000|100%| O|  |TAMS 0x00000000fcc00000| PB 0x00000000fcc00000| Untracked 
|1997|0x00000000fcd00000, 0x00000000fce00000, 0x00000000fce00000|100%| O|  |TAMS 0x00000000fcd00000| PB 0x00000000fcd00000| Untracked 
|1998|0x00000000fce00000, 0x00000000fcf00000, 0x00000000fcf00000|100%| O|  |TAMS 0x00000000fce00000| PB 0x00000000fce00000| Untracked 
|1999|0x00000000fcf00000, 0x00000000fd000000, 0x00000000fd000000|100%| O|  |TAMS 0x00000000fcf00000| PB 0x00000000fcf00000| Untracked 
|2000|0x00000000fd000000, 0x00000000fd100000, 0x00000000fd100000|100%| O|  |TAMS 0x00000000fd000000| PB 0x00000000fd000000| Untracked 
|2001|0x00000000fd100000, 0x00000000fd200000, 0x00000000fd200000|100%| O|  |TAMS 0x00000000fd100000| PB 0x00000000fd100000| Untracked 
|2002|0x00000000fd200000, 0x00000000fd200000, 0x00000000fd300000|  0%| F|  |TAMS 0x00000000fd200000| PB 0x00000000fd200000| Untracked 
|2003|0x00000000fd300000, 0x00000000fd400000, 0x00000000fd400000|100%| O|  |TAMS 0x00000000fd300000| PB 0x00000000fd300000| Untracked 
|2004|0x00000000fd400000, 0x00000000fd500000, 0x00000000fd500000|100%| O|  |TAMS 0x00000000fd400000| PB 0x00000000fd400000| Untracked 
|2005|0x00000000fd500000, 0x00000000fd500000, 0x00000000fd600000|  0%| F|  |TAMS 0x00000000fd500000| PB 0x00000000fd500000| Untracked 
|2006|0x00000000fd600000, 0x00000000fd600000, 0x00000000fd700000|  0%| F|  |TAMS 0x00000000fd600000| PB 0x00000000fd600000| Untracked 
|2007|0x00000000fd700000, 0x00000000fd700000, 0x00000000fd800000|  0%| F|  |TAMS 0x00000000fd700000| PB 0x00000000fd700000| Untracked 
|2008|0x00000000fd800000, 0x00000000fd900000, 0x00000000fd900000|100%| O|  |TAMS 0x00000000fd800000| PB 0x00000000fd800000| Untracked 
|2009|0x00000000fd900000, 0x00000000fda00000, 0x00000000fda00000|100%| O|  |TAMS 0x00000000fd900000| PB 0x00000000fd900000| Untracked 
|2010|0x00000000fda00000, 0x00000000fda00000, 0x00000000fdb00000|  0%| F|  |TAMS 0x00000000fda00000| PB 0x00000000fda00000| Untracked 
|2011|0x00000000fdb00000, 0x00000000fdc00000, 0x00000000fdc00000|100%| O|  |TAMS 0x00000000fdb00000| PB 0x00000000fdb00000| Untracked 
|2012|0x00000000fdc00000, 0x00000000fdd00000, 0x00000000fdd00000|100%| O|  |TAMS 0x00000000fdc00000| PB 0x00000000fdc00000| Untracked 
|2013|0x00000000fdd00000, 0x00000000fde00000, 0x00000000fde00000|100%| O|  |TAMS 0x00000000fdd00000| PB 0x00000000fdd00000| Untracked 
|2014|0x00000000fde00000, 0x00000000fde00000, 0x00000000fdf00000|  0%| F|  |TAMS 0x00000000fde00000| PB 0x00000000fde00000| Untracked 
|2015|0x00000000fdf00000, 0x00000000fdf00000, 0x00000000fe000000|  0%| F|  |TAMS 0x00000000fdf00000| PB 0x00000000fdf00000| Untracked 
|2016|0x00000000fe000000, 0x00000000fe000000, 0x00000000fe100000|  0%| F|  |TAMS 0x00000000fe000000| PB 0x00000000fe000000| Untracked 
|2017|0x00000000fe100000, 0x00000000fe200000, 0x00000000fe200000|100%| O|  |TAMS 0x00000000fe100000| PB 0x00000000fe100000| Untracked 
|2018|0x00000000fe200000, 0x00000000fe300000, 0x00000000fe300000|100%| O|  |TAMS 0x00000000fe200000| PB 0x00000000fe200000| Untracked 
|2019|0x00000000fe300000, 0x00000000fe300000, 0x00000000fe400000|  0%| F|  |TAMS 0x00000000fe300000| PB 0x00000000fe300000| Untracked 
|2020|0x00000000fe400000, 0x00000000fe400000, 0x00000000fe500000|  0%| F|  |TAMS 0x00000000fe400000| PB 0x00000000fe400000| Untracked 
|2021|0x00000000fe500000, 0x00000000fe500000, 0x00000000fe600000|  0%| F|  |TAMS 0x00000000fe500000| PB 0x00000000fe500000| Untracked 
|2022|0x00000000fe600000, 0x00000000fe600000, 0x00000000fe700000|  0%| F|  |TAMS 0x00000000fe600000| PB 0x00000000fe600000| Untracked 
|2023|0x00000000fe700000, 0x00000000fe700000, 0x00000000fe800000|  0%| F|  |TAMS 0x00000000fe700000| PB 0x00000000fe700000| Untracked 
|2024|0x00000000fe800000, 0x00000000fe900000, 0x00000000fe900000|100%| O|  |TAMS 0x00000000fe800000| PB 0x00000000fe800000| Untracked 
|2025|0x00000000fe900000, 0x00000000fe900000, 0x00000000fea00000|  0%| F|  |TAMS 0x00000000fe900000| PB 0x00000000fe900000| Untracked 
|2026|0x00000000fea00000, 0x00000000fea00000, 0x00000000feb00000|  0%| F|  |TAMS 0x00000000fea00000| PB 0x00000000fea00000| Untracked 
|2027|0x00000000feb00000, 0x00000000feb00000, 0x00000000fec00000|  0%| F|  |TAMS 0x00000000feb00000| PB 0x00000000feb00000| Untracked 
|2028|0x00000000fec00000, 0x00000000fec00000, 0x00000000fed00000|  0%| F|  |TAMS 0x00000000fec00000| PB 0x00000000fec00000| Untracked 
|2029|0x00000000fed00000, 0x00000000fed00000, 0x00000000fee00000|  0%| F|  |TAMS 0x00000000fed00000| PB 0x00000000fed00000| Untracked 
|2030|0x00000000fee00000, 0x00000000fef00000, 0x00000000fef00000|100%| O|  |TAMS 0x00000000fee00000| PB 0x00000000fee00000| Untracked 
|2031|0x00000000fef00000, 0x00000000ff000000, 0x00000000ff000000|100%| O|  |TAMS 0x00000000fef00000| PB 0x00000000fef00000| Untracked 
|2032|0x00000000ff000000, 0x00000000ff100000, 0x00000000ff100000|100%| O|  |TAMS 0x00000000ff000000| PB 0x00000000ff000000| Untracked 
|2033|0x00000000ff100000, 0x00000000ff100000, 0x00000000ff200000|  0%| F|  |TAMS 0x00000000ff100000| PB 0x00000000ff100000| Untracked 
|2034|0x00000000ff200000, 0x00000000ff200000, 0x00000000ff300000|  0%| F|  |TAMS 0x00000000ff200000| PB 0x00000000ff200000| Untracked 
|2035|0x00000000ff300000, 0x00000000ff400000, 0x00000000ff400000|100%| O|  |TAMS 0x00000000ff300000| PB 0x00000000ff300000| Untracked 
|2036|0x00000000ff400000, 0x00000000ff500000, 0x00000000ff500000|100%| O|  |TAMS 0x00000000ff400000| PB 0x00000000ff400000| Untracked 
|2037|0x00000000ff500000, 0x00000000ff600000, 0x00000000ff600000|100%| O|  |TAMS 0x00000000ff500000| PB 0x00000000ff500000| Untracked 
|2038|0x00000000ff600000, 0x00000000ff700000, 0x00000000ff700000|100%| O|  |TAMS 0x00000000ff600000| PB 0x00000000ff600000| Untracked 
|2039|0x00000000ff700000, 0x00000000ff700000, 0x00000000ff800000|  0%| F|  |TAMS 0x00000000ff700000| PB 0x00000000ff700000| Untracked 
|2040|0x00000000ff800000, 0x00000000ff800000, 0x00000000ff900000|  0%| F|  |TAMS 0x00000000ff800000| PB 0x00000000ff800000| Untracked 
|2041|0x00000000ff900000, 0x00000000ffa00000, 0x00000000ffa00000|100%| O|  |TAMS 0x00000000ff900000| PB 0x00000000ff900000| Untracked 
|2042|0x00000000ffa00000, 0x00000000ffb00000, 0x00000000ffb00000|100%| O|  |TAMS 0x00000000ffa00000| PB 0x00000000ffa00000| Untracked 
|2043|0x00000000ffb00000, 0x00000000ffc00000, 0x00000000ffc00000|100%| O|  |TAMS 0x00000000ffb00000| PB 0x00000000ffb00000| Untracked 
|2044|0x00000000ffc00000, 0x00000000ffd00000, 0x00000000ffd00000|100%| O|  |TAMS 0x00000000ffc00000| PB 0x00000000ffc00000| Untracked 
|2045|0x00000000ffd00000, 0x00000000ffe00000, 0x00000000ffe00000|100%| O|  |TAMS 0x00000000ffd00000| PB 0x00000000ffd00000| Untracked 
|2046|0x00000000ffe00000, 0x00000000fff00000, 0x00000000fff00000|100%| O|  |TAMS 0x00000000ffe00000| PB 0x00000000ffe00000| Untracked 
|2047|0x00000000fff00000, 0x0000000100000000, 0x0000000100000000|100%| O|  |TAMS 0x00000000fff00000| PB 0x00000000fff00000| Untracked 

Card table byte_map: [0x0000013ef4b00000,0x0000013ef4f00000] _byte_map_base: 0x0000013ef4700000

Marking Bits: (CMBitMap*) 0x0000013ee15e6b20
 Bits: [0x0000013ef4f00000, 0x0000013ef6f00000)

Polling page: 0x0000013edf110000

Metaspace:

Usage:
  Non-class:    198.36 MB used.
      Class:     29.52 MB used.
       Both:    227.88 MB used.

Virtual space:
  Non-class space:      256.00 MB reserved,     199.19 MB ( 78%) committed,  4 nodes.
      Class space:        1.00 GB reserved,      30.25 MB (  3%) committed,  1 nodes.
             Both:        1.25 GB reserved,     229.44 MB ( 18%) committed. 

Chunk freelists:
   Non-Class:  8.77 MB
       Class:  1.73 MB
        Both:  10.50 MB

MaxMetaspaceSize: unlimited
CompressedClassSpaceSize: 1.00 GB
Initial GC threshold: 21.00 MB
Current GC threshold: 374.38 MB
CDS: on
 - commit_granule_bytes: 65536.
 - commit_granule_words: 8192.
 - virtual_space_node_default_size: 8388608.
 - enlarge_chunks_in_place: 1.
 - use_allocation_guard: 0.


Internal statistics:

num_allocs_failed_limit: 3.
num_arena_births: 6612.
num_arena_deaths: 3996.
num_vsnodes_births: 5.
num_vsnodes_deaths: 0.
num_space_committed: 3670.
num_space_uncommitted: 3.
num_chunks_returned_to_freelist: 4812.
num_chunks_taken_from_freelist: 17804.
num_chunk_merges: 1868.
num_chunk_splits: 11406.
num_chunks_enlarged: 7935.
num_inconsistent_stats: 0.

CodeHeap 'non-profiled nmethods': size=120000Kb used=16128Kb max_used=18035Kb free=103871Kb
 bounds [0x0000013eecc80000, 0x0000013eede40000, 0x0000013ef41b0000]
CodeHeap 'profiled nmethods': size=120000Kb used=33532Kb max_used=37783Kb free=86467Kb
 bounds [0x0000013ee51b0000, 0x0000013ee76d0000, 0x0000013eec6e0000]
CodeHeap 'non-nmethods': size=5760Kb used=3202Kb max_used=3271Kb free=2557Kb
 bounds [0x0000013eec6e0000, 0x0000013eeca40000, 0x0000013eecc80000]
CodeCache: size=245760Kb, used=52862Kb, max_used=59089Kb, free=192895Kb
 total_blobs=18828, nmethods=17443, adapters=1286, full_count=0
Compilation: enabled, stopped_count=0, restarted_count=0

Compilation events (20 events):
Event: 5211.693 Thread 0x0000013ef9b743f0 nmethod 39513 0x0000013eedd69a90 code [0x0000013eedd69c20, 0x0000013eedd69ce8]
Event: 5211.693 Thread 0x0000013ef9b743f0 39684       3       com.android.tools.r8.internal.vt0::a (90 bytes)
Event: 5211.693 Thread 0x0000013ef9b743f0 nmethod 39684 0x0000013ee5ea0e10 code [0x0000013ee5ea1080, 0x0000013ee5ea1c28]
Event: 5211.693 Thread 0x0000013ef9b743f0 39686       3       com.android.tools.r8.graph.h::g (6 bytes)
Event: 5211.694 Thread 0x0000013ed8d16160 nmethod 39570 0x0000013eed29d990 code [0x0000013eed29db40, 0x0000013eed29dcd0]
Event: 5211.694 Thread 0x0000013ef9b743f0 nmethod 39686 0x0000013ee5ea0a90 code [0x0000013ee5ea0c40, 0x0000013ee5ea0d78]
Event: 5211.694 Thread 0x0000013ef9b743f0 39693       3       com.android.tools.r8.internal.Sg::b (50 bytes)
Event: 5211.694 Thread 0x0000013ed8d16160 39558       4       com.android.tools.r8.internal.YR::h (28 bytes)
Event: 5211.694 Thread 0x0000013ef9b743f0 nmethod 39693 0x0000013ee5d1b810 code [0x0000013ee5d1ba20, 0x0000013ee5d1c078]
Event: 5211.694 Thread 0x0000013ef9b743f0 38954       1       com.android.tools.r8.internal.k9::y (2 bytes)
Event: 5211.694 Thread 0x0000013ef9b743f0 nmethod 38954 0x0000013eed29d690 code [0x0000013eed29d820, 0x0000013eed29d8e8]
Event: 5211.694 Thread 0x0000013ef9b743f0 38915       1       com.android.tools.r8.internal.ea::y (2 bytes)
Event: 5211.694 Thread 0x0000013ef9b743f0 nmethod 38915 0x0000013eed29d390 code [0x0000013eed29d520, 0x0000013eed29d5e8]
Event: 5211.694 Thread 0x0000013ef9b743f0 39694       3       com.android.tools.r8.internal.Uk0$$Lambda/0x0000013e83dd0758::<init> (10 bytes)
Event: 5211.695 Thread 0x0000013ef9b743f0 nmethod 39694 0x0000013ee5ea0690 code [0x0000013ee5ea0840, 0x0000013ee5ea09f8]
Event: 5211.695 Thread 0x0000013ef9b743f0 39675       3       com.android.tools.r8.internal.ab::a (28 bytes)
Event: 5211.695 Thread 0x0000013ed8d16160 nmethod 39558 0x0000013eed29d010 code [0x0000013eed29d1a0, 0x0000013eed29d298]
Event: 5211.695 Thread 0x0000013ed8d16160 39539       4       java.util.BitSet::<init> (56 bytes)
Event: 5211.695 Thread 0x0000013ef9b743f0 nmethod 39675 0x0000013ee5f9c190 code [0x0000013ee5f9c360, 0x0000013ee5f9c710]
Event: 5211.695 Thread 0x0000013ef9b743f0 39682       3       com.android.tools.r8.internal.f40::b (28 bytes)

GC Heap History (20 events):
Event: 5205.708 GC heap after
{Heap after GC invocations=116 (full 0):
 garbage-first heap   total 442368K, used 255813K [0x0000000080000000, 0x0000000100000000)
  region size 1024K, 6 young (6144K), 6 survivors (6144K)
 Metaspace       used 218383K, committed 220480K, reserved 1245184K
  class space    used 27924K, committed 29184K, reserved 1048576K
}
Event: 5207.418 GC heap before
{Heap before GC invocations=116 (full 0):
 garbage-first heap   total 442368K, used 410437K [0x0000000080000000, 0x0000000100000000)
  region size 1024K, 158 young (161792K), 6 survivors (6144K)
 Metaspace       used 220443K, committed 222272K, reserved 1245184K
  class space    used 28195K, committed 29184K, reserved 1048576K
}
Event: 5207.431 GC heap after
{Heap after GC invocations=117 (full 0):
 garbage-first heap   total 442368K, used 241814K [0x0000000080000000, 0x0000000100000000)
  region size 1024K, 11 young (11264K), 11 survivors (11264K)
 Metaspace       used 220443K, committed 222272K, reserved 1245184K
  class space    used 28195K, committed 29184K, reserved 1048576K
}
Event: 5207.646 GC heap before
{Heap before GC invocations=117 (full 0):
 garbage-first heap   total 442368K, used 409750K [0x0000000080000000, 0x0000000100000000)
  region size 1024K, 176 young (180224K), 11 survivors (11264K)
 Metaspace       used 220494K, committed 222336K, reserved 1245184K
  class space    used 28201K, committed 29184K, reserved 1048576K
}
Event: 5207.652 GC heap after
{Heap after GC invocations=118 (full 0):
 garbage-first heap   total 442368K, used 243019K [0x0000000080000000, 0x0000000100000000)
  region size 1024K, 12 young (12288K), 12 survivors (12288K)
 Metaspace       used 220494K, committed 222336K, reserved 1245184K
  class space    used 28201K, committed 29184K, reserved 1048576K
}
Event: 5208.011 GC heap before
{Heap before GC invocations=119 (full 0):
 garbage-first heap   total 442368K, used 417099K [0x0000000080000000, 0x0000000100000000)
  region size 1024K, 183 young (187392K), 12 survivors (12288K)
 Metaspace       used 220504K, committed 222336K, reserved 1245184K
  class space    used 28202K, committed 29184K, reserved 1048576K
}
Event: 5208.018 GC heap after
{Heap after GC invocations=120 (full 0):
 garbage-first heap   total 442368K, used 242325K [0x0000000080000000, 0x0000000100000000)
  region size 1024K, 12 young (12288K), 12 survivors (12288K)
 Metaspace       used 220504K, committed 222336K, reserved 1245184K
  class space    used 28202K, committed 29184K, reserved 1048576K
}
Event: 5208.290 GC heap before
{Heap before GC invocations=120 (full 0):
 garbage-first heap   total 442368K, used 416405K [0x0000000080000000, 0x0000000100000000)
  region size 1024K, 183 young (187392K), 12 survivors (12288K)
 Metaspace       used 220506K, committed 222336K, reserved 1245184K
  class space    used 28202K, committed 29184K, reserved 1048576K
}
Event: 5208.299 GC heap after
{Heap after GC invocations=121 (full 0):
 garbage-first heap   total 442368K, used 237533K [0x0000000080000000, 0x0000000100000000)
  region size 1024K, 12 young (12288K), 12 survivors (12288K)
 Metaspace       used 220506K, committed 222336K, reserved 1245184K
  class space    used 28202K, committed 29184K, reserved 1048576K
}
Event: 5209.495 GC heap before
{Heap before GC invocations=121 (full 0):
 garbage-first heap   total 442368K, used 416733K [0x0000000080000000, 0x0000000100000000)
  region size 1024K, 188 young (192512K), 12 survivors (12288K)
 Metaspace       used 221450K, committed 223104K, reserved 1245184K
  class space    used 28362K, committed 29184K, reserved 1048576K
}
Event: 5209.504 GC heap after
{Heap after GC invocations=122 (full 0):
 garbage-first heap   total 444416K, used 251371K [0x0000000080000000, 0x0000000100000000)
  region size 1024K, 24 young (24576K), 24 survivors (24576K)
 Metaspace       used 221450K, committed 223104K, reserved 1245184K
  class space    used 28362K, committed 29184K, reserved 1048576K
}
Event: 5210.129 GC heap before
{Heap before GC invocations=123 (full 0):
 garbage-first heap   total 444416K, used 417259K [0x0000000080000000, 0x0000000100000000)
  region size 1024K, 187 young (191488K), 24 survivors (24576K)
 Metaspace       used 224657K, committed 226240K, reserved 1310720K
  class space    used 28891K, committed 29632K, reserved 1048576K
}
Event: 5210.152 GC heap after
{Heap after GC invocations=124 (full 0):
 garbage-first heap   total 473088K, used 281101K [0x0000000080000000, 0x0000000100000000)
  region size 1024K, 24 young (24576K), 24 survivors (24576K)
 Metaspace       used 224657K, committed 226240K, reserved 1310720K
  class space    used 28891K, committed 29632K, reserved 1048576K
}
Event: 5210.446 GC heap before
{Heap before GC invocations=124 (full 0):
 garbage-first heap   total 473088K, used 429581K [0x0000000080000000, 0x0000000100000000)
  region size 1024K, 170 young (174080K), 24 survivors (24576K)
 Metaspace       used 226072K, committed 227648K, reserved 1310720K
  class space    used 29082K, committed 29824K, reserved 1048576K
}
Event: 5210.474 GC heap after
{Heap after GC invocations=125 (full 0):
 garbage-first heap   total 492544K, used 307693K [0x0000000080000000, 0x0000000100000000)
  region size 1024K, 22 young (22528K), 22 survivors (22528K)
 Metaspace       used 226072K, committed 227648K, reserved 1310720K
  class space    used 29082K, committed 29824K, reserved 1048576K
}
Event: 5210.803 GC heap before
{Heap before GC invocations=125 (full 0):
 garbage-first heap   total 492544K, used 442861K [0x0000000080000000, 0x0000000100000000)
  region size 1024K, 154 young (157696K), 22 survivors (22528K)
 Metaspace       used 227677K, committed 229248K, reserved 1310720K
  class space    used 29360K, committed 30080K, reserved 1048576K
}
Event: 5210.826 GC heap after
{Heap after GC invocations=126 (full 0):
 garbage-first heap   total 498688K, used 340461K [0x0000000080000000, 0x0000000100000000)
  region size 1024K, 20 young (20480K), 20 survivors (20480K)
 Metaspace       used 227677K, committed 229248K, reserved 1310720K
  class space    used 29360K, committed 30080K, reserved 1048576K
}
Event: 5211.243 GC heap before
{Heap before GC invocations=127 (full 0):
 garbage-first heap   total 557056K, used 441837K [0x0000000080000000, 0x0000000100000000)
  region size 1024K, 126 young (129024K), 20 survivors (20480K)
 Metaspace       used 230571K, committed 232128K, reserved 1310720K
  class space    used 29880K, committed 30592K, reserved 1048576K
}
Event: 5211.259 GC heap after
{Heap after GC invocations=128 (full 0):
 garbage-first heap   total 557056K, used 352749K [0x0000000080000000, 0x0000000100000000)
  region size 1024K, 16 young (16384K), 16 survivors (16384K)
 Metaspace       used 230571K, committed 232128K, reserved 1310720K
  class space    used 29880K, committed 30592K, reserved 1048576K
}
Event: 5211.695 GC heap before
{Heap before GC invocations=128 (full 0):
 garbage-first heap   total 557056K, used 495085K [0x0000000080000000, 0x0000000100000000)
  region size 1024K, 156 young (159744K), 16 survivors (16384K)
 Metaspace       used 233351K, committed 234944K, reserved 1310720K
  class space    used 30231K, committed 30976K, reserved 1048576K
}

Dll operation events (4 events):
Event: 0.008 Loaded shared library C:\Users\lab03pc01\.jdks\jbr-21.0.11\bin\java.dll
Event: 0.037 Loaded shared library C:\Users\lab03pc01\.jdks\jbr-21.0.11\bin\jsvml.dll
Event: 0.058 Loaded shared library C:\Users\lab03pc01\.jdks\jbr-21.0.11\bin\zip.dll
Event: 0.501 Loaded shared library C:\Users\lab03pc01\.jdks\jbr-21.0.11\bin\verify.dll

Deoptimization events (20 events):
Event: 5211.532 Thread 0x0000013ece141c30 DEOPT PACKING pc=0x0000013eecef5d78 sp=0x0000000104cfa220
Event: 5211.532 Thread 0x0000013ece141c30 DEOPT UNPACKING pc=0x0000013eec734422 sp=0x0000000104cfa1e8 mode 2
Event: 5211.569 Thread 0x0000013ece1415a0 Uncommon trap: trap_request=0xffffffde fr.pc=0x0000013eecef5d78 relative=0x00000000000001b8
Event: 5211.569 Thread 0x0000013ece1415a0 Uncommon trap: reason=class_check action=maybe_recompile pc=0x0000013eecef5d78 method=java.util.ArrayDeque$$Lambda/0x0000013e82521e30.accept(Ljava/lang/Object;)V @ 5 c2
Event: 5211.569 Thread 0x0000013ece1415a0 DEOPT PACKING pc=0x0000013eecef5d78 sp=0x0000000104af9df0
Event: 5211.569 Thread 0x0000013ece1415a0 DEOPT UNPACKING pc=0x0000013eec734422 sp=0x0000000104af9db8 mode 2
Event: 5211.569 Thread 0x0000013ece1415a0 Uncommon trap: trap_request=0xffffffde fr.pc=0x0000013eecef5d78 relative=0x00000000000001b8
Event: 5211.569 Thread 0x0000013ece1415a0 Uncommon trap: reason=class_check action=maybe_recompile pc=0x0000013eecef5d78 method=java.util.ArrayDeque$$Lambda/0x0000013e82521e30.accept(Ljava/lang/Object;)V @ 5 c2
Event: 5211.569 Thread 0x0000013ece1415a0 DEOPT PACKING pc=0x0000013eecef5d78 sp=0x0000000104af9df0
Event: 5211.569 Thread 0x0000013ece1415a0 DEOPT UNPACKING pc=0x0000013eec734422 sp=0x0000000104af9db8 mode 2
Event: 5211.571 Thread 0x0000013ece142fe0 DEOPT PACKING pc=0x0000013ee701c9ca sp=0x00000001048fa340
Event: 5211.571 Thread 0x0000013ece142fe0 DEOPT UNPACKING pc=0x0000013eec734bc2 sp=0x00000001048f97e0 mode 0
Event: 5211.678 Thread 0x0000013ece13fb60 Uncommon trap: trap_request=0xffffff45 fr.pc=0x0000013eed721af0 relative=0x0000000000000270
Event: 5211.678 Thread 0x0000013ece13fb60 Uncommon trap: reason=unstable_if action=reinterpret pc=0x0000013eed721af0 method=com.android.tools.r8.internal.YR.compareTo(Ljava/lang/Object;)I @ 87 c2
Event: 5211.678 Thread 0x0000013ece13fb60 DEOPT PACKING pc=0x0000013eed721af0 sp=0x00000001046fa250
Event: 5211.678 Thread 0x0000013ece13fb60 DEOPT UNPACKING pc=0x0000013eec734422 sp=0x00000001046fa1e8 mode 2
Event: 5211.694 Thread 0x0000013ece142fe0 Uncommon trap: trap_request=0xffffff45 fr.pc=0x0000013eed3409ec relative=0x000000000000026c
Event: 5211.694 Thread 0x0000013ece142fe0 Uncommon trap: reason=unstable_if action=reinterpret pc=0x0000013eed3409ec method=com.android.tools.r8.internal.s9.a(ILcom/android/tools/r8/internal/hx;Lcom/android/tools/r8/internal/pE;)V @ 168 c2
Event: 5211.694 Thread 0x0000013ece142fe0 DEOPT PACKING pc=0x0000013eed3409ec sp=0x00000001048fa1a0
Event: 5211.694 Thread 0x0000013ece142fe0 DEOPT UNPACKING pc=0x0000013eec734422 sp=0x00000001048fa148 mode 2

Classes loaded (20 events):
Event: 5203.432 Loading class org/w3c/dom/ls/DOMImplementationLS
Event: 5203.432 Loading class org/w3c/dom/ls/DOMImplementationLS done
Event: 5203.432 Loading class com/sun/org/apache/xerces/internal/dom/CoreDOMImplementationImpl done
Event: 5203.432 Loading class com/sun/org/apache/xerces/internal/dom/DOMImplementationImpl done
Event: 5203.432 Loading class com/sun/org/apache/xerces/internal/dom/DeferredDOMImplementationImpl
Event: 5203.432 Loading class com/sun/org/apache/xerces/internal/dom/DeferredDOMImplementationImpl done
Event: 5204.670 Loading class java/lang/StringUTF16$CodePointsSpliterator
Event: 5204.671 Loading class java/lang/StringUTF16$CodePointsSpliterator done
Event: 5204.772 Loading class com/sun/xml/internal/stream/events/CommentEvent
Event: 5204.772 Loading class javax/xml/stream/events/Comment
Event: 5204.772 Loading class javax/xml/stream/events/Comment done
Event: 5204.772 Loading class com/sun/xml/internal/stream/events/CommentEvent done
Event: 5205.223 Loading class com/sun/xml/internal/stream/util/ReadOnlyIterator
Event: 5205.224 Loading class com/sun/xml/internal/stream/util/ReadOnlyIterator done
Event: 5206.525 Loading class com/sun/org/apache/xerces/internal/dom/DeepNodeListImpl
Event: 5206.525 Loading class com/sun/org/apache/xerces/internal/dom/DeepNodeListImpl done
Event: 5209.250 Loading class java/nio/file/FileTreeWalker$1
Event: 5209.250 Loading class java/nio/file/FileTreeWalker$1 done
Event: 5211.150 Loading class java/util/SortedSet$1
Event: 5211.150 Loading class java/util/SortedSet$1 done

Classes unloaded (20 events):
Event: 5204.491 Thread 0x0000013ef9b3fd40 Unloading class 0x0000013e83afc000 'jdk/internal/reflect/GeneratedSerializationConstructorAccessor159'
Event: 5204.491 Thread 0x0000013ef9b3fd40 Unloading class 0x0000013e83af0400 'jdk/internal/reflect/GeneratedSerializationConstructorAccessor158'
Event: 5204.491 Thread 0x0000013ef9b3fd40 Unloading class 0x0000013e83905800 'java/lang/invoke/LambdaForm$MH+0x0000013e83905800'
Event: 5204.491 Thread 0x0000013ef9b3fd40 Unloading class 0x0000013e83905400 'java/lang/invoke/LambdaForm$MH+0x0000013e83905400'
Event: 5204.491 Thread 0x0000013ef9b3fd40 Unloading class 0x0000013e82ae0800 'java/lang/invoke/LambdaForm$MH+0x0000013e82ae0800'
Event: 5204.491 Thread 0x0000013ef9b3fd40 Unloading class 0x0000013e82ae0400 'java/lang/invoke/LambdaForm$MH+0x0000013e82ae0400'
Event: 5204.491 Thread 0x0000013ef9b3fd40 Unloading class 0x0000013e82adb400 'java/lang/invoke/LambdaForm$MH+0x0000013e82adb400'
Event: 5204.491 Thread 0x0000013ef9b3fd40 Unloading class 0x0000013e82adb000 'java/lang/invoke/LambdaForm$MH+0x0000013e82adb000'
Event: 5204.491 Thread 0x0000013ef9b3fd40 Unloading class 0x0000013e82ad9000 'java/lang/invoke/LambdaForm$MH+0x0000013e82ad9000'
Event: 5204.491 Thread 0x0000013ef9b3fd40 Unloading class 0x0000013e82ad8c00 'java/lang/invoke/LambdaForm$MH+0x0000013e82ad8c00'
Event: 5204.491 Thread 0x0000013ef9b3fd40 Unloading class 0x0000013e82ad4000 'java/lang/invoke/LambdaForm$MH+0x0000013e82ad4000'
Event: 5204.491 Thread 0x0000013ef9b3fd40 Unloading class 0x0000013e829f8000 'java/lang/invoke/LambdaForm$MH+0x0000013e829f8000'
Event: 5204.491 Thread 0x0000013ef9b3fd40 Unloading class 0x0000013e8233c800 'java/lang/invoke/LambdaForm$MH+0x0000013e8233c800'
Event: 5204.491 Thread 0x0000013ef9b3fd40 Unloading class 0x0000013e82242000 'java/lang/invoke/LambdaForm$MH+0x0000013e82242000'
Event: 5210.985 Thread 0x0000013ef9b3fd40 Unloading class 0x0000013e820e0c00 'java/lang/invoke/LambdaForm$DMH+0x0000013e820e0c00'
Event: 5210.985 Thread 0x0000013ef9b3fd40 Unloading class 0x0000013e820e1800 'java/lang/invoke/LambdaForm$DMH+0x0000013e820e1800'
Event: 5210.985 Thread 0x0000013ef9b3fd40 Unloading class 0x0000013e820e2000 'java/lang/invoke/LambdaForm$DMH+0x0000013e820e2000'
Event: 5210.985 Thread 0x0000013ef9b3fd40 Unloading class 0x0000013e820f4400 'java/lang/invoke/LambdaForm$DMH+0x0000013e820f4400'
Event: 5210.985 Thread 0x0000013ef9b3fd40 Unloading class 0x0000013e820f8c00 'java/lang/invoke/LambdaForm$DMH+0x0000013e820f8c00'
Event: 5210.985 Thread 0x0000013ef9b3fd40 Unloading class 0x0000013e820f5c00 'java/lang/invoke/LambdaForm$DMH+0x0000013e820f5c00'

Classes redefined (0 events):
No events

Internal exceptions (20 events):
Event: 5211.474 Thread 0x0000013ec853af80 Exception <a 'sun/nio/fs/WindowsException'{0x000000009ad5c868}> (0x000000009ad5c868) 
thrown [s\src\hotspot\share\prims\jni.cpp, line 537]
Event: 5211.476 Thread 0x0000013ec853af80 Exception <a 'sun/nio/fs/WindowsException'{0x000000009ad97290}> (0x000000009ad97290) 
thrown [s\src\hotspot\share\prims\jni.cpp, line 537]
Event: 5211.481 Thread 0x0000013ece13d400 Exception <a 'sun/nio/fs/WindowsException'{0x000000009ab66ce8}> (0x000000009ab66ce8) 
thrown [s\src\hotspot\share\prims\jni.cpp, line 537]
Event: 5211.483 Thread 0x0000013ece13d400 Exception <a 'sun/nio/fs/WindowsException'{0x000000009aa5d6b8}> (0x000000009aa5d6b8) 
thrown [s\src\hotspot\share\prims\jni.cpp, line 537]
Event: 5211.484 Thread 0x0000013ece13d400 Exception <a 'sun/nio/fs/WindowsException'{0x000000009aa87928}> (0x000000009aa87928) 
thrown [s\src\hotspot\share\prims\jni.cpp, line 537]
Event: 5211.486 Thread 0x0000013ec853af80 Exception <a 'sun/nio/fs/WindowsException'{0x000000009ab630d0}> (0x000000009ab630d0) 
thrown [s\src\hotspot\share\prims\jni.cpp, line 537]
Event: 5211.490 Thread 0x0000013ec853af80 Exception <a 'sun/nio/fs/WindowsException'{0x000000009a94d790}> (0x000000009a94d790) 
thrown [s\src\hotspot\share\prims\jni.cpp, line 537]
Event: 5211.491 Thread 0x0000013ec853af80 Exception <a 'sun/nio/fs/WindowsException'{0x000000009a8c49d0}> (0x000000009a8c49d0) 
thrown [s\src\hotspot\share\prims\jni.cpp, line 537]
Event: 5211.494 Thread 0x0000013ece13d400 Exception <a 'sun/nio/fs/WindowsException'{0x000000009a7dbe90}> (0x000000009a7dbe90) 
thrown [s\src\hotspot\share\prims\jni.cpp, line 537]
Event: 5211.498 Thread 0x0000013ece141c30 Exception <a 'sun/nio/fs/WindowsException'{0x000000009a62fe80}> (0x000000009a62fe80) 
thrown [s\src\hotspot\share\prims\jni.cpp, line 537]
Event: 5211.498 Thread 0x0000013ece13d400 Exception <a 'sun/nio/fs/WindowsException'{0x000000009a5690f8}> (0x000000009a5690f8) 
thrown [s\src\hotspot\share\prims\jni.cpp, line 537]
Event: 5211.508 Thread 0x0000013ece13d400 Exception <a 'sun/nio/fs/WindowsException'{0x000000009a3c9f48}> (0x000000009a3c9f48) 
thrown [s\src\hotspot\share\prims\jni.cpp, line 537]
Event: 5211.515 Thread 0x0000013ece13d400 Exception <a 'sun/nio/fs/WindowsException'{0x000000009a0b5e78}> (0x000000009a0b5e78) 
thrown [s\src\hotspot\share\prims\jni.cpp, line 537]
Event: 5211.538 Thread 0x0000013ece13d400 Exception <a 'sun/nio/fs/WindowsException'{0x00000000991acb10}> (0x00000000991acb10) 
thrown [s\src\hotspot\share\prims\jni.cpp, line 537]
Event: 5211.563 Thread 0x0000013ece13d400 Exception <a 'sun/nio/fs/WindowsException'{0x000000009866a900}> (0x000000009866a900) 
thrown [s\src\hotspot\share\prims\jni.cpp, line 537]
Event: 5211.577 Thread 0x0000013ece13d400 Exception <a 'sun/nio/fs/WindowsException'{0x0000000097f6d638}> (0x0000000097f6d638) 
thrown [s\src\hotspot\share\prims\jni.cpp, line 537]
Event: 5211.582 Thread 0x0000013ece140880 Exception <a 'java/lang/NoSuchMethodError'{0x0000000097d74a78}: 'int java.lang.invoke.DirectMethodHandle$Holder.invokeInterface(java.lang.Object, java.lang.Object, int)'> (0x0000000097d74a78) 
thrown [s\src\hotspot\share\interpreter\linkResolver.cpp, line 784]
Event: 5211.586 Thread 0x0000013ece13d400 Exception <a 'sun/nio/fs/WindowsException'{0x0000000097b02700}> (0x0000000097b02700) 
thrown [s\src\hotspot\share\prims\jni.cpp, line 537]
Event: 5211.615 Thread 0x0000013ece13d400 Exception <a 'sun/nio/fs/WindowsException'{0x0000000096527178}> (0x0000000096527178) 
thrown [s\src\hotspot\share\prims\jni.cpp, line 537]
Event: 5211.675 Thread 0x0000013ec853af80 Exception <a 'sun/nio/fs/WindowsException'{0x0000000095183ab8}> (0x0000000095183ab8) 
thrown [s\src\hotspot\share\prims\jni.cpp, line 537]

ZGC Phase Switch (0 events):
No events

VM Operations (20 events):
Event: 5211.157 Executing non-safepoint VM operation: HandshakeAllThreads (Deoptimize) done
Event: 5211.242 Executing safepoint VM operation: G1CollectForAllocation (G1 Evacuation Pause)
Event: 5211.260 Executing safepoint VM operation: G1CollectForAllocation (G1 Evacuation Pause) done
Event: 5211.293 Executing non-safepoint VM operation: HandshakeAllThreads (Deoptimize)
Event: 5211.294 Executing non-safepoint VM operation: HandshakeAllThreads (Deoptimize) done
Event: 5211.326 Executing non-safepoint VM operation: HandshakeAllThreads (Deoptimize)
Event: 5211.335 Executing non-safepoint VM operation: HandshakeAllThreads (Deoptimize) done
Event: 5211.369 Executing non-safepoint VM operation: HandshakeAllThreads (Deoptimize)
Event: 5211.371 Executing non-safepoint VM operation: HandshakeAllThreads (Deoptimize) done
Event: 5211.376 Executing safepoint VM operation: ICBufferFull
Event: 5211.376 Executing safepoint VM operation: ICBufferFull done
Event: 5211.465 Executing safepoint VM operation: ICBufferFull
Event: 5211.466 Executing safepoint VM operation: ICBufferFull done
Event: 5211.547 Executing safepoint VM operation: ICBufferFull
Event: 5211.547 Executing safepoint VM operation: ICBufferFull done
Event: 5211.548 Executing safepoint VM operation: ICBufferFull
Event: 5211.548 Executing safepoint VM operation: ICBufferFull done
Event: 5211.657 Executing safepoint VM operation: ICBufferFull
Event: 5211.657 Executing safepoint VM operation: ICBufferFull done
Event: 5211.695 Executing safepoint VM operation: G1CollectForAllocation (G1 Evacuation Pause)

Memory protections (0 events):
No events

Nmethod flushes (20 events):
Event: 5210.999 Thread 0x0000013ef9b3fd40 flushing  nmethod 0x0000013ee580a210
Event: 5210.999 Thread 0x0000013ef9b3fd40 flushing  nmethod 0x0000013ee5da2010
Event: 5210.999 Thread 0x0000013ef9b3fd40 flushing  nmethod 0x0000013ee6455090
Event: 5210.999 Thread 0x0000013ef9b3fd40 flushing  nmethod 0x0000013ee65d4010
Event: 5210.999 Thread 0x0000013ef9b3fd40 flushing  nmethod 0x0000013ee6a6bd10
Event: 5210.999 Thread 0x0000013ef9b3fd40 flushing  nmethod 0x0000013ee7552f10
Event: 5210.999 Thread 0x0000013ef9b3fd40 flushing  nmethod 0x0000013ee764d310
Event: 5210.999 Thread 0x0000013ef9b3fd40 flushing  nmethod 0x0000013ee764e610
Event: 5210.999 Thread 0x0000013ef9b3fd40 flushing  nmethod 0x0000013ee764eb10
Event: 5210.999 Thread 0x0000013ef9b3fd40 flushing  nmethod 0x0000013ee7653310
Event: 5210.999 Thread 0x0000013ef9b3fd40 flushing  nmethod 0x0000013eed10e310
Event: 5210.999 Thread 0x0000013ef9b3fd40 flushing  nmethod 0x0000013eedab7090
Event: 5210.999 Thread 0x0000013ef9b3fd40 flushing  nmethod 0x0000013eedcd9290
Event: 5210.999 Thread 0x0000013ef9b3fd40 flushing  nmethod 0x0000013ee5281d90
Event: 5210.999 Thread 0x0000013ef9b3fd40 flushing  nmethod 0x0000013ee53e4910
Event: 5210.999 Thread 0x0000013ef9b3fd40 flushing  nmethod 0x0000013ee5547e90
Event: 5210.999 Thread 0x0000013ef9b3fd40 flushing  nmethod 0x0000013ee5639790
Event: 5210.999 Thread 0x0000013ef9b3fd40 flushing  nmethod 0x0000013ee5ecf190
Event: 5210.999 Thread 0x0000013ef9b3fd40 flushing  nmethod 0x0000013ee679ab10
Event: 5210.999 Thread 0x0000013ef9b3fd40 flushing  nmethod 0x0000013ee6cd0110

Events (20 events):
Event: 5207.296 Thread 0x0000013ed8388800 Thread added: 0x0000013ecd36cf60
Event: 5207.296 Thread 0x0000013ed8388800 Thread added: 0x0000013ecd36d5f0
Event: 5207.297 Thread 0x0000013ed8388800 Thread added: 0x0000013ecd371100
Event: 5207.298 Thread 0x0000013ed8388800 Thread added: 0x0000013ecd36dc80
Event: 5207.299 Thread 0x0000013ed8388800 Thread added: 0x0000013ecd374c10
Event: 5207.300 Thread 0x0000013ed8388800 Thread added: 0x0000013ecd371790
Event: 5207.301 Thread 0x0000013ed8388800 Thread added: 0x0000013ecd375fc0
Event: 5208.641 Thread 0x0000013ed838bc80 Thread added: 0x0000013ec48b3000
Event: 5208.641 Thread 0x0000013ed838bc80 Thread added: 0x0000013ec48b3690
Event: 5208.642 Thread 0x0000013ed838bc80 Thread added: 0x0000013ec48b08a0
Event: 5208.643 Thread 0x0000013ed838bc80 Thread added: 0x0000013ec48b15c0
Event: 5208.643 Thread 0x0000013ed838bc80 Thread added: 0x0000013ec48b22e0
Event: 5208.644 Thread 0x0000013ed838bc80 Thread added: 0x0000013ec48b0210
Event: 5208.646 Thread 0x0000013ed838bc80 Thread added: 0x0000013ed89d2720
Event: 5208.647 Thread 0x0000013ed838bc80 Thread added: 0x0000013ec48b1c50
Event: 5208.649 Thread 0x0000013ed838bc80 Thread added: 0x0000013ec48b2970
Event: 5209.111 Thread 0x0000013ec727c310 Thread exited: 0x0000013ec727c310
Event: 5209.111 Thread 0x0000013ec7279a30 Thread exited: 0x0000013ec7279a30
Event: 5209.230 Thread 0x0000013ef9b743f0 Thread added: 0x0000013ed71824d0
Event: 5209.814 Thread 0x0000013ef9b743f0 Thread added: 0x0000013ed8d16160


Dynamic libraries:
0x00007ff689d20000 - 0x00007ff689d2a000 	C:\Users\lab03pc01\.jdks\jbr-21.0.11\bin\java.exe
0x00007ff96c760000 - 0x00007ff96c9c7000 	C:\Windows\SYSTEM32\ntdll.dll
0x00007ff96b6d0000 - 0x00007ff96b79b000 	C:\Windows\System32\KERNEL32.DLL
0x00007ff969960000 - 0x00007ff969d62000 	C:\Windows\System32\KERNELBASE.dll
0x00007ff969d70000 - 0x00007ff969ebc000 	C:\Windows\System32\ucrtbase.dll
0x00007ff95b6e0000 - 0x00007ff95b6f8000 	C:\Users\lab03pc01\.jdks\jbr-21.0.11\bin\jli.dll
0x00007ff94ddd0000 - 0x00007ff94ddee000 	C:\Users\lab03pc01\.jdks\jbr-21.0.11\bin\VCRUNTIME140.dll
0x00007ff96b3c0000 - 0x00007ff96b58f000 	C:\Windows\System32\USER32.dll
0x00007ff96a050000 - 0x00007ff96a077000 	C:\Windows\System32\win32u.dll
0x00007ff94e9b0000 - 0x00007ff94ec40000 	C:\Windows\WinSxS\amd64_microsoft.windows.common-controls_6595b64144ccf1df_6.0.26100.9278_none_3e0d1ba8e3303201\COMCTL32.dll
0x00007ff96b630000 - 0x00007ff96b65b000 	C:\Windows\System32\GDI32.dll
0x00007ff96abc0000 - 0x00007ff96ac69000 	C:\Windows\System32\msvcrt.dll
0x00007ff96a350000 - 0x00007ff96a479000 	C:\Windows\System32\gdi32full.dll
0x00007ff96a2a0000 - 0x00007ff96a343000 	C:\Windows\System32\msvcp_win.dll
0x00007ff96b7a0000 - 0x00007ff96b7d1000 	C:\Windows\System32\IMM32.DLL
0x00007ff95b6d0000 - 0x00007ff95b6dc000 	C:\Users\lab03pc01\.jdks\jbr-21.0.11\bin\vcruntime140_1.dll
0x00007ff94b2e0000 - 0x00007ff94b369000 	C:\Users\lab03pc01\.jdks\jbr-21.0.11\bin\msvcp140.dll
0x00007ff8c3a80000 - 0x00007ff8c484e000 	C:\Users\lab03pc01\.jdks\jbr-21.0.11\bin\server\jvm.dll
0x00007ff96b150000 - 0x00007ff96b20c000 	C:\Windows\System32\ADVAPI32.dll
0x00007ff96b310000 - 0x00007ff96b3b9000 	C:\Windows\System32\sechost.dll
0x00007ff96aaa0000 - 0x00007ff96abb8000 	C:\Windows\System32\RPCRT4.dll
0x00007ff96b5a0000 - 0x00007ff96b620000 	C:\Windows\System32\WS2_32.dll
0x00007ff9697c0000 - 0x00007ff96981e000 	C:\Windows\SYSTEM32\POWRPROF.dll
0x00007ff962190000 - 0x00007ff9621c6000 	C:\Windows\SYSTEM32\WINMM.dll
0x00007ff962670000 - 0x00007ff96267b000 	C:\Windows\SYSTEM32\VERSION.dll
0x00007ff9697a0000 - 0x00007ff9697b5000 	C:\Windows\SYSTEM32\UMPDC.dll
0x00007ff9685f0000 - 0x00007ff96860b000 	C:\Windows\SYSTEM32\kernel.appcore.dll
0x00007ff95b0a0000 - 0x00007ff95b0aa000 	C:\Users\lab03pc01\.jdks\jbr-21.0.11\bin\jimage.dll
0x00007ff966f90000 - 0x00007ff9671dc000 	C:\Windows\SYSTEM32\DBGHELP.DLL
0x00007ff96a690000 - 0x00007ff96aa15000 	C:\Windows\System32\combase.dll
0x00007ff96b230000 - 0x00007ff96b309000 	C:\Windows\System32\OLEAUT32.dll
0x00007ff946b10000 - 0x00007ff946b4b000 	C:\Windows\SYSTEM32\dbgcore.DLL
0x00007ff969ed0000 - 0x00007ff969f7c000 	C:\Windows\System32\bcryptPrimitives.dll
0x00007ff94f2b0000 - 0x00007ff94f2c0000 	C:\Users\lab03pc01\.jdks\jbr-21.0.11\bin\instrument.dll
0x00007ff94a4c0000 - 0x00007ff94a4e1000 	C:\Users\lab03pc01\.jdks\jbr-21.0.11\bin\java.dll
0x00007ff96ba50000 - 0x00007ff96c1e8000 	C:\Windows\System32\SHELL32.dll
0x00007ff9673a0000 - 0x00007ff967c4e000 	C:\Windows\SYSTEM32\windows.storage.dll
0x00007ff96b940000 - 0x00007ff96ba3b000 	C:\Windows\System32\SHCORE.dll
0x00007ff96b660000 - 0x00007ff96b6c6000 	C:\Windows\System32\shlwapi.dll
0x00007ff969880000 - 0x00007ff9698a9000 	C:\Windows\SYSTEM32\profapi.dll
0x00007ff9137b0000 - 0x00007ff913887000 	C:\Users\lab03pc01\.jdks\jbr-21.0.11\bin\jsvml.dll
0x00007ff94b780000 - 0x00007ff94b798000 	C:\Users\lab03pc01\.jdks\jbr-21.0.11\bin\zip.dll
0x00007ff94b560000 - 0x00007ff94b571000 	C:\Users\lab03pc01\.jdks\jbr-21.0.11\bin\net.dll
0x00007ff962ec0000 - 0x00007ff962fea000 	C:\Windows\SYSTEM32\WINHTTP.dll
0x00007ff968b90000 - 0x00007ff968bfc000 	C:\Windows\system32\mswsock.dll
0x00007ff94b0d0000 - 0x00007ff94b0e6000 	C:\Users\lab03pc01\.jdks\jbr-21.0.11\bin\nio.dll
0x00007ff94b680000 - 0x00007ff94b690000 	C:\Users\lab03pc01\.jdks\jbr-21.0.11\bin\verify.dll
0x00007ff94a210000 - 0x00007ff94a237000 	C:\Users\lab03pc01\.gradle\native\1def1411415f61bf3af743bc5b6707747c0891f09f0c88961ee8f79bc544acac\windows-amd64\native-platform.dll
0x00007ff933bc0000 - 0x00007ff933c38000 	C:\Users\lab03pc01\.gradle\native\0.2.7\x86_64-windows-gnu\gradle-fileevents.dll
0x00007ff94b590000 - 0x00007ff94b59a000 	C:\Users\lab03pc01\.jdks\jbr-21.0.11\bin\management.dll
0x00007ff94b390000 - 0x00007ff94b39c000 	C:\Users\lab03pc01\.jdks\jbr-21.0.11\bin\management_ext.dll
0x00007ff96c210000 - 0x00007ff96c218000 	C:\Windows\System32\PSAPI.DLL
0x00007ff967fa0000 - 0x00007ff967fd3000 	C:\Windows\SYSTEM32\IPHLPAPI.DLL
0x00007ff96ba40000 - 0x00007ff96ba4a000 	C:\Windows\System32\NSI.dll
0x00007ff94b380000 - 0x00007ff94b389000 	C:\Users\lab03pc01\.jdks\jbr-21.0.11\bin\extnet.dll
0x00007ff968fb0000 - 0x00007ff968fcb000 	C:\Windows\SYSTEM32\CRYPTSP.dll
0x00007ff968550000 - 0x00007ff968589000 	C:\Windows\system32\rsaenh.dll
0x00007ff968c40000 - 0x00007ff968c74000 	C:\Windows\SYSTEM32\USERENV.dll
0x00007ff969850000 - 0x00007ff96987a000 	C:\Windows\SYSTEM32\bcrypt.dll
0x00007ff968f80000 - 0x00007ff968f8c000 	C:\Windows\SYSTEM32\CRYPTBASE.dll
0x00007ff94b370000 - 0x00007ff94b37e000 	C:\Users\lab03pc01\.jdks\jbr-21.0.11\bin\sunmscapi.dll
0x00007ff96a110000 - 0x00007ff96a28e000 	C:\Windows\System32\CRYPT32.dll
0x00007ff969120000 - 0x00007ff969150000 	C:\Windows\SYSTEM32\ncrypt.dll
0x00007ff9690d0000 - 0x00007ff96910f000 	C:\Windows\SYSTEM32\NTASN1.dll
0x00007ff947ee0000 - 0x00007ff947ee8000 	C:\Windows\system32\wshunix.dll
0x00007ff968030000 - 0x00007ff968188000 	C:\Windows\SYSTEM32\DNSAPI.dll
0x00007ff968990000 - 0x00007ff96899d000 	C:\Windows\SYSTEM32\DSPARSE.dll
0x00007ff95f1c0000 - 0x00007ff95f1cb000 	C:\Windows\System32\rasadhlp.dll
0x00007ff962100000 - 0x00007ff962186000 	C:\Windows\System32\fwpuclnt.dll
0x00007ff93bc70000 - 0x00007ff93bc88000 	C:\Windows\system32\napinsp.dll
0x00007ff937530000 - 0x00007ff937543000 	C:\Windows\System32\winrnr.dll
0x00007ff937500000 - 0x00007ff937527000 	C:\Windows\system32\nlansp_c.dll
0x00007ff946c20000 - 0x00007ff946c36000 	C:\Windows\system32\wshbth.dll
0x00007ff968720000 - 0x00007ff968756000 	C:\Windows\SYSTEM32\ntmarta.dll

JVMTI agents:
C:\Users\lab03pc01\.gradle\wrapper\dists\gradle-8.14.5-bin\690y85m0j9nfaub7xoiayko8a\gradle-8.14.5\lib\agents\gradle-instrumentation-agent-8.14.5.jar path:C:\Users\lab03pc01\.jdks\jbr-21.0.11\bin\instrument.dll, loaded, initialized, instrumentlib options:none

dbghelp: loaded successfully - version: 4.0.5 - missing functions: none
symbol engine: initialized successfully - sym options: 0x614 - pdb path: .;C:\Users\lab03pc01\.jdks\jbr-21.0.11\bin;C:\Windows\SYSTEM32;C:\Windows\WinSxS\amd64_microsoft.windows.common-controls_6595b64144ccf1df_6.0.26100.9278_none_3e0d1ba8e3303201;C:\Users\lab03pc01\.jdks\jbr-21.0.11\bin\server;C:\Users\lab03pc01\.gradle\native\1def1411415f61bf3af743bc5b6707747c0891f09f0c88961ee8f79bc544acac\windows-amd64;C:\Users\lab03pc01\.gradle\native\0.2.7\x86_64-windows-gnu

VM Arguments:
jvm_args: --add-opens=java.base/java.lang=ALL-UNNAMED --add-opens=java.base/java.lang.invoke=ALL-UNNAMED --add-opens=java.base/java.util=ALL-UNNAMED --add-opens=java.prefs/java.util.prefs=ALL-UNNAMED --add-exports=jdk.compiler/com.sun.tools.javac.api=ALL-UNNAMED --add-exports=jdk.compiler/com.sun.tools.javac.util=ALL-UNNAMED --add-opens=java.base/java.util=ALL-UNNAMED --add-opens=java.prefs/java.util.prefs=ALL-UNNAMED --add-opens=java.base/java.nio.charset=ALL-UNNAMED --add-opens=java.base/java.net=ALL-UNNAMED --add-opens=java.base/java.util.concurrent.atomic=ALL-UNNAMED --add-opens=java.xml/javax.xml.namespace=ALL-UNNAMED -Xmx2048m -Dfile.encoding=UTF-8 -Duser.country=BR -Duser.language=pt -Duser.variant -javaagent:C:\Users\lab03pc01\.gradle\wrapper\dists\gradle-8.14.5-bin\690y85m0j9nfaub7xoiayko8a\gradle-8.14.5\lib\agents\gradle-instrumentation-agent-8.14.5.jar 
java_command: org.gradle.launcher.daemon.bootstrap.GradleDaemon 8.14.5
java_class_path (initial): C:\Users\lab03pc01\.gradle\wrapper\dists\gradle-8.14.5-bin\690y85m0j9nfaub7xoiayko8a\gradle-8.14.5\lib\gradle-daemon-main-8.14.5.jar
Launcher Type: SUN_STANDARD

[Global flags]
     intx CICompilerCount                          = 4                                         {product} {ergonomic}
     uint ConcGCThreads                            = 3                                         {product} {ergonomic}
     uint G1ConcRefinementThreads                  = 10                                        {product} {ergonomic}
   size_t G1HeapRegionSize                         = 1048576                                   {product} {ergonomic}
    uintx GCDrainStackTargetSize                   = 64                                        {product} {ergonomic}
   size_t InitialHeapSize                          = 257949696                                 {product} {ergonomic}
   size_t MarkStackSize                            = 4194304                                   {product} {ergonomic}
   size_t MaxHeapSize                              = 2147483648                                {product} {command line}
   size_t MaxNewSize                               = 1287651328                                {product} {ergonomic}
   size_t MinHeapDeltaBytes                        = 1048576                                   {product} {ergonomic}
   size_t MinHeapSize                              = 8388608                                   {product} {ergonomic}
    uintx NonNMethodCodeHeapSize                   = 5839372                                {pd product} {ergonomic}
    uintx NonProfiledCodeHeapSize                  = 122909434                              {pd product} {ergonomic}
    uintx ProfiledCodeHeapSize                     = 122909434                              {pd product} {ergonomic}
    uintx ReservedCodeCacheSize                    = 251658240                              {pd product} {ergonomic}
     bool SegmentedCodeCache                       = true                                      {product} {ergonomic}
   size_t SoftMaxHeapSize                          = 2147483648                             {manageable} {ergonomic}
     bool UseCompressedOops                        = true                           {product lp64_product} {ergonomic}
     bool UseG1GC                                  = true                                      {product} {ergonomic}
     bool UseLargePagesIndividualAllocation        = false                                  {pd product} {ergonomic}

Logging:
Log output configuration:
 #0: stdout all=warning uptime,level,tags foldmultilines=false
 #1: stderr all=off uptime,level,tags foldmultilines=false

Release file:
JAVA_VERSION="21.0.11" 
MODULES="java.base java.compiler java.datatransfer java.xml java.prefs java.desktop java.instrument java.logging java.management java.security.sasl java.naming java.rmi java.management.rmi java.net.http java.scripting java.security.jgss java.transaction.xa java.sql java.sql.rowset java.xml.crypto java.se java.smartcardio jdk.accessibility jdk.internal.jvmstat jdk.attach jdk.charsets jdk.internal.opt jdk.zipfs jdk.compiler jdk.crypto.ec jdk.crypto.cryptoki jdk.crypto.mscapi jdk.dynalink jdk.internal.ed jdk.editpad jdk.hotspot.agent jdk.httpserver jdk.incubator.vector jdk.internal.le jdk.internal.vm.ci jdk.internal.vm.compiler jdk.internal.vm.compiler.management jdk.jartool jdk.javadoc jdk.jcmd jdk.management jdk.management.agent jdk.jconsole jdk.jdeps jdk.jdwp.agent jdk.jdi jdk.jfr jdk.jlink jdk.jpackage jdk.jshell jdk.jsobject jdk.jstatd jdk.localedata jdk.management.jfr jdk.naming.dns jdk.naming.rmi jdk.net jdk.nio.mapmode jdk.random jdk.sctp jdk.security.auth jdk.security.jgss jdk.unsupported jdk.unsupported.desktop jdk.xml.dom" 
IMPLEMENTOR="JetBrains s.r.o." 
IMPLEMENTOR_VERSION="JBRSDK-21.0.11+1-1163.116-nomod" 
JAVA_RUNTIME_VERSION="21.0.11+1-b1163.116" 
LIBC="default" 
OS_ARCH="x86_64" 
OS_NAME="Windows" 
SOURCE=".:git:cf1f197170a0+" 

Environment Variables:
JAVA_HOME=C:\Program Files\Java\jdk-26.0.1
PATH=C:\Program Files\Common Files\Oracle\Java\javapath;C:\Windows\system32;C:\Windows;C:\Windows\System32\Wbem;C:\Windows\System32\WindowsPowerShell\v1.0\;C:\Windows\System32\OpenSSH\;C:\Users\lab03pc01\miniconda3\python.exe;C:\Users\lab03pc01\miniconda3\Scripts;C:\Users\lab03pc01\miniconda3\;C:\Users\lab03pc01\miniconda3\condabin;C:\Program Files\Git\cmd;C:\Users\lab03pc01\Downloads;C:\Users\lab03pc01;C:\ProgramData\UNIVALI\Portugol Studio;C:\Program Files\Java\jdk-26.0.1\bin;C:\Program Files\nodejs\;C:\Program Files\MySQL\MySQL Server 8.0\bin;C:\Program Files\MongoDB\Server\8.3\bin;C:\Program Files\MySQL\MySQL Shell 8.0\bin\;C:\Users\lab03pc01\AppData\Local\Microsoft\WindowsApps;C:\Users\lab03pc01\AppData\Local\Programs\Microsoft VS Code\bin;C:\Program Files\JetBrains\PyCharm 2026.1.2\bin;C:\Users\lab03pc01\AppData\Local\GitHubDesktop\bin;C:\Users\lab03pc01\AppData\Local\Programs\IntelliJ IDEA 2026.1.3\bin;C:\Users\lab03pc01\AppData\Roaming\npm
USERNAME=lab02pc03
OS=Windows_NT
PROCESSOR_IDENTIFIER=AMD64 Family 23 Model 96 Stepping 1, AuthenticAMD
TMP=C:\TMP
TEMP=C:\TEMP




Periodic native trim disabled

JNI global refs:
JNI global refs: 32, weak refs: 100

JNI global refs memory usage: 835, weak refs: 2097

Process memory usage:
Resident Set Size: 1174172K (7% of 16118980K total physical memory with 1370724K free physical memory)

OOME stack traces (most recent first):
Classloader memory used:
Loader org.gradle.internal.classloader.VisitableURLClassLoader                         : 120M
Loader org.gradle.internal.classloader.VisitableURLClassLoader$InstrumentingVisitableURLClassLoader: 67528K
Loader bootstrap                                                                       : 16507K
Loader org.gradle.initialization.MixInLegacyTypesClassLoader                           : 15316K
Loader org.gradle.internal.classloader.VisitableURLClassLoader                         : 8722K
Loader jdk.internal.loader.ClassLoaders$PlatformClassLoader                            : 934K
Loader jdk.internal.reflect.DelegatingClassLoader                                      : 489K
Loader jdk.internal.jrtfs.JrtFileSystemProvider$JrtFsLoader                            : 341K
Loader jdk.internal.loader.ClassLoaders$AppClassLoader                                 : 236K
Loader org.gradle.groovy.scripts.internal.DefaultScriptCompilationHandler$ScriptClassLoader: 213K
Loader org.codehaus.groovy.runtime.callsite.CallSiteClassLoader                        : 23800B
Loader sun.reflect.misc.MethodUtil                                                     : 3080B

Classes loaded by more than one classloader:
Class Program                                                                         : loaded 5 times (x 72B)
Class com.google.common.collect.UnmodifiableIterator                                  : loaded 4 times (x 80B)
Class com.google.common.collect.Iterators                                             : loaded 4 times (x 71B)
Class com.google.common.collect.Lists$StringAsImmutableList                           : loaded 4 times (x 207B)
Class com.google.common.collect.ImmutableList                                         : loaded 4 times (x 206B)
Class com.google.common.collect.UnmodifiableListIterator                              : loaded 4 times (x 95B)
Class com.google.common.collect.AbstractIterator                                      : loaded 4 times (x 82B)
Class com.google.common.collect.AbstractIndexedListIterator                           : loaded 4 times (x 96B)
Class com.google.common.collect.Iterators$MergingIterator                             : loaded 4 times (x 81B)
Class com.google.common.collect.Iterators$1                                           : loaded 4 times (x 81B)
Class com.google.common.collect.Iterators$4                                           : loaded 4 times (x 82B)
Class com.google.common.collect.Iterators$5                                           : loaded 4 times (x 82B)
Class com.google.common.collect.PeekingIterator                                       : loaded 4 times (x 70B)
Class com.google.common.collect.ImmutableCollection                                   : loaded 4 times (x 125B)
Class com.google.common.base.Preconditions                                            : loaded 4 times (x 71B)
Class com.google.common.collect.Lists                                                 : loaded 4 times (x 71B)
Class com.google.common.collect.Iterators$9                                           : loaded 4 times (x 81B)
Class com.google.common.collect.Iterators$ArrayItr                                    : loaded 4 times (x 97B)
Class com.google.common.base.CharMatcher$IsEither                                     : loaded 3 times (x 111B)
Class com.google.common.collect.ImmutableRangeSet$ComplementRanges                    : loaded 3 times (x 207B)
Class org.gradle.internal.IoActions                                                   : loaded 3 times (x 71B)
Class gnu.trove.TObjectHashingStrategy                                                : loaded 3 times (x 70B)
Class gnu.trove.Equality                                                              : loaded 3 times (x 70B)
Class org.gradle.api.GradleException                                                  : loaded 3 times (x 82B)
Class com.google.common.base.CharMatcher$NegatedFastMatcher                           : loaded 3 times (x 113B)
Class com.google.common.collect.AbstractRangeSet                                      : loaded 3 times (x 114B)
Class com.google.common.base.Predicate                                                : loaded 3 times (x 70B)
Class com.google.common.base.CharMatcher$FastMatcher                                  : loaded 3 times (x 111B)
Class org.gradle.api.Action                                                           : loaded 3 times (x 70B)
Class org.gradle.internal.Cast                                                        : loaded 3 times (x 71B)
Class com.google.common.base.CharMatcher$Or                                           : loaded 3 times (x 112B)
Class com.google.common.base.CharMatcher$BitSetMatcher                                : loaded 3 times (x 112B)
Class com.google.common.collect.ImmutableList$1                                       : loaded 3 times (x 97B)
Class com.google.common.collect.ImmutableSet                                          : loaded 3 times (x 145B)
Class com.google.common.collect.ImmutableRangeSet$Builder                             : loaded 3 times (x 77B)
Class Build_gradle$1                                                                  : loaded 3 times (x 74B)
Class com.google.common.collect.RegularImmutableList                                  : loaded 3 times (x 212B)
Class com.google.common.base.Function                                                 : loaded 3 times (x 70B)
Class com.google.common.collect.ImmutableSet$RegularSetBuilderImpl                    : loaded 3 times (x 77B)
Class com.google.common.base.CharMatcher$IsNot                                        : loaded 3 times (x 111B)
Class com.google.common.collect.ImmutableSortedSet                                    : loaded 3 times (x 299B)
Class com.google.common.collect.RegularImmutableSet                                   : loaded 3 times (x 148B)
Class com.google.common.collect.ImmutableAsList                                       : loaded 3 times (x 209B)
Class com.google.common.base.CharMatcher$Negated                                      : loaded 3 times (x 113B)
Class com.google.common.base.CharMatcher$Is                                           : loaded 3 times (x 111B)
Class com.google.common.collect.ImmutableSet$CachingAsList                            : loaded 3 times (x 147B)
Class com.google.common.base.CharMatcher$AnyOf                                        : loaded 3 times (x 112B)
Class com.google.common.base.Joiner$1                                                 : loaded 3 times (x 80B)
Class com.google.common.base.CharMatcher$ForPredicate                                 : loaded 3 times (x 112B)
Class com.google.common.base.CharMatcher                                              : loaded 3 times (x 111B)
Class com.google.common.base.Joiner$2                                                 : loaded 3 times (x 79B)
Class com.google.common.collect.SortedIterable                                        : loaded 3 times (x 70B)
Class com.google.common.collect.SingletonImmutableSet                                 : loaded 3 times (x 146B)
Class com.google.common.base.CharMatcher$1                                            : loaded 3 times (x 113B)
Class com.google.common.collect.ImmutableList$ReverseImmutableList                    : loaded 3 times (x 208B)
Class com.google.common.collect.SingletonImmutableList                                : loaded 3 times (x 207B)
Class com.google.common.base.CharMatcher$NamedFastMatcher                             : loaded 3 times (x 112B)
Class com.google.common.base.ExtraObjectsMethodsForWeb                                : loaded 3 times (x 71B)
Class com.google.common.collect.Multimap                                              : loaded 3 times (x 70B)
Class com.google.common.collect.RangeSet                                              : loaded 3 times (x 70B)
Class com.google.common.base.CharMatcher$InRange                                      : loaded 3 times (x 111B)
Class Build_gradle                                                                    : loaded 3 times (x 130B)
Class com.google.common.base.Objects                                                  : loaded 3 times (x 71B)
Class com.google.common.base.CharMatcher$And                                          : loaded 3 times (x 112B)
Class com.google.common.collect.ImmutableSet$SetBuilderImpl                           : loaded 3 times (x 76B)
Class com.google.common.collect.ForwardingObject                                      : loaded 3 times (x 72B)
Class com.google.common.collect.Range                                                 : loaded 3 times (x 87B)
Class com.google.common.collect.RegularImmutableAsList                                : loaded 3 times (x 216B)
Class com.google.common.collect.ImmutableRangeSet$1                                   : loaded 3 times (x 209B)
Class com.google.common.collect.ImmutableList$Builder                                 : loaded 3 times (x 77B)
Class com.google.common.collect.Iterators$SingletonIterator                           : loaded 3 times (x 81B)
Class com.intellij.gradle.toolingExtension.util.GradleVersionUtil                     : loaded 3 times (x 71B)
Class com.google.common.collect.ImmutableList$SubList                                 : loaded 3 times (x 208B)
Class com.google.common.base.Joiner                                                   : loaded 3 times (x 79B)
Class com.google.common.collect.ImmutableCollection$Builder                           : loaded 3 times (x 76B)
Class com.google.common.collect.RegularImmutableSortedSet                             : loaded 3 times (x 299B)
Class com.google.common.collect.ImmutableRangeSet$AsSet                               : loaded 3 times (x 299B)
Class com.google.common.collect.ImmutableRangeSet                                     : loaded 3 times (x 115B)
Class com.intellij.util.containers.IntObjectHashMap$ArrayProducer                     : loaded 2 times (x 70B)
Class org.gradle.internal.classloader.DefaultClassLoaderFactory                       : loaded 2 times (x 82B)
Class org.jetbrains.kotlin.config.LanguageVersionSettings                             : loaded 2 times (x 70B)
Class com.google.common.base.CharMatcher$None                                         : loaded 2 times (x 112B)
Class com.amazon.ion.impl.bin.IonManagedBinaryWriter$ImportedSymbolResolverMode$2     : loaded 2 times (x 80B)
Class io.opentelemetry.context.Scope                                                  : loaded 2 times (x 70B)
Class com.google.common.collect.ReverseNaturalOrdering                                : loaded 2 times (x 114B)
Class kotlin.text.MatcherMatchResult$groupValues$1                                    : loaded 2 times (x 198B)
Class kotlin.sequences.SequencesKt___SequencesKt                                      : loaded 2 times (x 71B)
Class kotlin.collections.AbstractList$Companion                                       : loaded 2 times (x 71B)
Class org.gradle.internal.classloader.ClassLoaderVisitor                              : loaded 2 times (x 76B)
Class [Lcom.android.ide.common.repository.AgpVersion$PreviewKind;                     : loaded 2 times (x 69B)
Class [Lcom.google.common.collect.ImmutableMapEntry;                                  : loaded 2 times (x 69B)
Class org.jetbrains.kotlin.idea.projectModel.KotlinTaskProperties                     : loaded 2 times (x 70B)
Class org.jetbrains.plugins.gradle.tooling.serialization.internal.IdeaProjectSerializationService: loaded 2 times (x 77B)
Class com.google.common.collect.Ordering                                              : loaded 2 times (x 114B)
Class kotlin.sequences.SequencesKt___SequencesKt$flatMap$2                            : loaded 2 times (x 129B)
Class org.gradle.api.internal.classpath.EffectiveClassPath                            : loaded 2 times (x 90B)
Class org.objectweb.asm.tree.ClassNode                                                : loaded 2 times (x 91B)
Class com.android.builder.model.v2.models.AndroidDsl                                  : loaded 2 times (x 70B)
Class io.opentelemetry.api.GlobalOpenTelemetry                                        : loaded 2 times (x 71B)
Class com.google.common.collect.ImmutableEnumMap                                      : loaded 2 times (x 125B)
Class com.google.common.collect.ListMultimap                                          : loaded 2 times (x 70B)
Class com.amazon.ion.impl.lite.IonSystemLite                                          : loaded 2 times (x 275B)
Class com.amazon.ion.util.InputStreamInterceptor                                      : loaded 2 times (x 70B)
Class com.amazon.ion.impl.bin.IonRawBinaryWriter$PreallocationMode                    : loaded 2 times (x 82B)
Class com.amazon.ion.impl.bin._Private_IonRawWriter                                   : loaded 2 times (x 70B)
Class com.amazon.ion.IonWriter                                                        : loaded 2 times (x 70B)
Class kotlin.text.StringsKt__AppendableKt                                             : loaded 2 times (x 71B)
Class org.gradle.tooling.internal.gradle.DefaultProjectIdentifier                     : loaded 2 times (x 86B)
Class com.google.common.collect.Iterators$EmptyModifiableIterator                     : loaded 2 times (x 86B)
Class com.android.ide.common.gradle.Numeric                                           : loaded 2 times (x 77B)
Class com.google.common.collect.Sets$1                                                : loaded 2 times (x 139B)
Class org.objectweb.asm.AnnotationVisitor                                             : loaded 2 times (x 78B)
Class com.google.common.base.Splitter                                                 : loaded 2 times (x 72B)
Class com.amazon.ion.impl._Private_IonContainer                                       : loaded 2 times (x 70B)
Class com.intellij.gradle.toolingExtension.impl.model.buildScriptClasspathModel.GradleBuildScriptClasspathSerializationService$ReadContext: loaded 2 times (x 72B)
Class kotlin.jvm.internal.ArrayIteratorKt                                             : loaded 2 times (x 71B)
Class com.google.common.collect.ComparatorOrdering                                    : loaded 2 times (x 115B)
Class org.gradle.api.internal.DefaultClassPathProvider                                : loaded 2 times (x 76B)
Class com.google.common.collect.MapMakerInternalMap$Strength$1                        : loaded 2 times (x 80B)
Class com.google.common.collect.Maps$ViewCachingAbstractMap                           : loaded 2 times (x 125B)
Class com.android.builder.model.v2.models.BasicAndroidProject                         : loaded 2 times (x 70B)
Class com.google.common.collect.Sets$2                                                : loaded 2 times (x 139B)
Class com.amazon.ion.impl.SharedSymbolTable                                           : loaded 2 times (x 93B)
Class com.amazon.ion.impl.bin.IonRawBinaryWriter                                      : loaded 2 times (x 168B)
Class com.amazon.ion.SymbolToken                                                      : loaded 2 times (x 70B)
Class kotlin.text.StringsKt__StringNumberConversionsJVMKt                             : loaded 2 times (x 71B)
Class com.google.common.collect.NaturalOrdering                                       : loaded 2 times (x 115B)
Class kotlin.text.MatchResult                                                         : loaded 2 times (x 70B)
Class kotlin.sequences.SequenceScope                                                  : loaded 2 times (x 73B)
Class kotlin.sequences.Sequence                                                       : loaded 2 times (x 70B)
Class org.gradle.tooling.ToolingModelContract                                         : loaded 2 times (x 70B)
Class [Lorg.gradle.api.internal.ClassPathProvider;                                    : loaded 2 times (x 69B)
Class org.gradle.api.internal.ClassPathProvider                                       : loaded 2 times (x 70B)
Class jdk.internal.jrtfs.SystemImage                                                  : loaded 2 times (x 74B)
Class com.google.common.collect.MapMakerInternalMap$Strength$2                        : loaded 2 times (x 80B)
Class [Lorg.objectweb.asm.AnnotationVisitor;                                          : loaded 2 times (x 69B)
Class com.google.common.collect.Sets$3                                                : loaded 2 times (x 139B)
Class com.google.common.cache.LocalCache$LocalLoadingCache                            : loaded 2 times (x 134B)
Class com.google.common.base.AbstractIterator$State                                   : loaded 2 times (x 79B)
Class com.amazon.ion.impl.lite.IonBoolLite                                            : loaded 2 times (x 179B)
Class sync_studio_tooling3_6c128tgung7pjqasesvylwpx7                                  : loaded 2 times (x 179B)
Class kotlin.collections.CollectionsKt___CollectionsKt$asSequence$$inlined$Sequence$1 : loaded 2 times (x 75B)
Class org.gradle.internal.service.UnknownServiceException                             : loaded 2 times (x 83B)
Class com.google.common.collect.MapMakerInternalMap$StrongValueEntry                  : loaded 2 times (x 70B)
Class org.jetbrains.kotlin.config.JvmDefaultMode                                      : loaded 2 times (x 79B)
Class com.google.common.io.ByteArrayDataInput                                         : loaded 2 times (x 70B)
Class com.google.common.collect.Sets$4                                                : loaded 2 times (x 139B)
Class org.objectweb.asm.ModuleVisitor                                                 : loaded 2 times (x 81B)
Class com.google.common.cache.LocalCache$Strength$1                                   : loaded 2 times (x 81B)
Class org.jetbrains.kotlin.idea.gradleTooling.model.kapt.KaptGradleModel              : loaded 2 times (x 70B)
Class org.jetbrains.kotlin.idea.gradleTooling.KotlinDslScriptAdditionalTask           : loaded 2 times (x 70B)
Class org.jetbrains.plugins.gradle.model.ClasspathEntryModel                          : loaded 2 times (x 70B)
Class com.google.common.util.concurrent.SettableFuture                                : loaded 2 times (x 114B)
Class com.google.common.cache.LocalCache$Strength$2                                   : loaded 2 times (x 81B)
Class com.amazon.ion.IonTimestamp                                                     : loaded 2 times (x 70B)
Class com.amazon.ion.impl.bin.PooledBlockAllocatorProvider$PooledBlockAllocator       : loaded 2 times (x 81B)
Class com.intellij.platform.diagnostic.telemetry.rt.context.TelemetryContextGetter    : loaded 2 times (x 75B)
Class org.jetbrains.plugins.gradle.tooling.serialization.GradleExtensionsSerializationService: loaded 2 times (x 77B)
Class com.android.ide.gradle.model.AdditionalClassifierArtifactsModelParameter        : loaded 2 times (x 70B)
Class org.gradle.api.JavaVersion                                                      : loaded 2 times (x 79B)
Class org.gradle.tooling.model.Dependency                                             : loaded 2 times (x 70B)
Class com.google.common.collect.Interners$InternerImpl                                : loaded 2 times (x 75B)
Class com.google.common.collect.Interner                                              : loaded 2 times (x 70B)
Class com.google.common.collect.TransformedIterator                                   : loaded 2 times (x 80B)
Class com.google.common.io.ByteStreams                                                : loaded 2 times (x 71B)
Class com.android.builder.model.v2.ide.AbstractArtifact                               : loaded 2 times (x 70B)
Class com.google.common.cache.LocalCache$Strength$3                                   : loaded 2 times (x 81B)
Class com.google.common.collect.MapDifference                                         : loaded 2 times (x 70B)
Class com.google.common.base.Splitter$1                                               : loaded 2 times (x 77B)
Class com.amazon.ion.IonDatagram                                                      : loaded 2 times (x 70B)
Class com.amazon.ion.impl.bin.IonManagedBinaryWriter$ImportedSymbolResolverMode$1$1   : loaded 2 times (x 78B)
Class com.amazon.ion.impl._Private_ByteTransferSink                                   : loaded 2 times (x 70B)
Class com.intellij.openapi.externalSystem.model.project.dependencies.ResolutionState  : loaded 2 times (x 79B)
Class kotlin.text.StringsKt__RegexExtensionsJVMKt                                     : loaded 2 times (x 71B)
Class com.google.common.collect.ComparisonChain$1                                     : loaded 2 times (x 81B)
Class com.google.common.collect.AllEqualOrdering                                      : loaded 2 times (x 114B)
Class kotlin.collections.ArraysKt___ArraysJvmKt                                       : loaded 2 times (x 71B)
Class kotlin.collections.CollectionsKt__CollectionsKt                                 : loaded 2 times (x 71B)
Class ijKotlinCoroutineJvmDebugInit1_9joz0kzf8hzzjdqcazxqlq5o8$_run_closure1          : loaded 2 times (x 139B)
Class com.google.common.collect.MapMaker$Dummy                                        : loaded 2 times (x 79B)
Class org.objectweb.asm.FieldWriter                                                   : loaded 2 times (x 78B)
Class com.google.common.cache.CacheBuilder$NullListener                               : loaded 2 times (x 82B)
Class org.jetbrains.plugins.gradle.model.ExternalLibraryDependency                    : loaded 2 times (x 70B)
Class kotlin.text.Regex$Companion                                                     : loaded 2 times (x 71B)
Class org.gradle.internal.classpath.TransformedClassPath                              : loaded 2 times (x 96B)
Class org.gradle.internal.classloader.InstrumentingClassLoader                        : loaded 2 times (x 70B)
Class jdk.internal.jrtfs.SystemImage$1                                                : loaded 2 times (x 78B)
Class com.google.common.collect.ImmutableListMultimap                                 : loaded 2 times (x 176B)
Class com.amazon.ion.impl.bin.IonManagedBinaryWriter$ImportedSymbolResolverMode$1     : loaded 2 times (x 80B)
Class com.google.common.cache.CacheLoader$FunctionToCacheLoader                       : loaded 2 times (x 75B)
Class com.amazon.ion.impl.lite.IonSymbolLite                                          : loaded 2 times (x 247B)
Class [Lcom.amazon.ion.impl.bin.IonRawBinaryWriter$StreamCloseMode;                   : loaded 2 times (x 69B)
Class com.amazon.ion.IonValue                                                         : loaded 2 times (x 70B)
Class kotlin.jvm.internal.FunctionReference                                           : loaded 2 times (x 126B)
Class [Lkotlin.coroutines.intrinsics.CoroutineSingletons;                             : loaded 2 times (x 69B)
Class kotlin.jvm.internal.FunctionBase                                                : loaded 2 times (x 70B)
Class kotlin.enums.EnumEntriesList                                                    : loaded 2 times (x 223B)
Class jdk.internal.jrtfs.SystemImage$2                                                : loaded 2 times (x 76B)
Class org.jetbrains.kotlin.config.LanguageFeature                                     : loaded 2 times (x 80B)
Class com.google.common.collect.EmptyImmutableListMultimap                            : loaded 2 times (x 176B)
Class com.google.common.collect.BaseImmutableMultimap                                 : loaded 2 times (x 123B)
Class org.jetbrains.kotlin.idea.gradleTooling.AndroidAwareGradleModelProvider$Companion: loaded 2 times (x 71B)
Class com.google.common.base.MoreObjects                                              : loaded 2 times (x 71B)
Class com.amazon.ion.impl.bin.IonRawBinaryWriter$ContainerType                        : loaded 2 times (x 79B)
Class com.amazon.ion.impl._Private_IonTextWriterBuilder$Mutable                       : loaded 2 times (x 102B)
Class kotlin.comparisons.ComparisonsKt___ComparisonsJvmKt                             : loaded 2 times (x 71B)
Class kotlin.collections.CollectionsKt__IteratorsJVMKt                                : loaded 2 times (x 71B)
Class org.jetbrains.kotlin.config.LanguageOrApiVersion                                : loaded 2 times (x 70B)
Class [Lorg.objectweb.asm.Attribute;                                                  : loaded 2 times (x 69B)
Class com.android.builder.model.v2.ide.TestInfo$Execution                             : loaded 2 times (x 79B)
Class [Lorg.objectweb.asm.Type;                                                       : loaded 2 times (x 69B)
Class com.google.common.collect.Platform                                              : loaded 2 times (x 71B)
Class com.google.common.base.Platform$JdkPatternCompiler                              : loaded 2 times (x 75B)
Class org.jetbrains.kotlin.idea.gradleTooling.KotlinSourceSetContainer                : loaded 2 times (x 70B)
Class io.opentelemetry.context.ContextStorageWrappers                                 : loaded 2 times (x 71B)
Class io.opentelemetry.context.propagation.DefaultContextPropagators                  : loaded 2 times (x 75B)
Class org.jetbrains.plugins.gradle.model.IntelliJSettings                             : loaded 2 times (x 70B)
Class kotlin.Result                                                                   : loaded 2 times (x 72B)
Class org.gradle.internal.service.ServiceLocator                                      : loaded 2 times (x 70B)
Class com.google.common.base.Suppliers                                                : loaded 2 times (x 71B)
Class jdk.internal.jrtfs.JrtFileSystemProvider                                        : loaded 2 times (x 101B)
Class com.google.common.collect.HashBiMap$BiEntry                                     : loaded 2 times (x 83B)
Class com.google.common.base.Ascii                                                    : loaded 2 times (x 71B)
Class com.google.common.collect.SingletonImmutableBiMap                               : loaded 2 times (x 143B)
Class com.google.common.cache.LocalCache$1                                            : loaded 2 times (x 89B)
Class com.google.common.collect.AbstractMapEntry                                      : loaded 2 times (x 81B)
Class com.amazon.ion.impl.IonWriterSystem                                             : loaded 2 times (x 171B)
Class com.amazon.ion.impl.bin.Symbols$2                                               : loaded 2 times (x 107B)
Class com.amazon.ion.impl.bin._Private_IonManagedWriter                               : loaded 2 times (x 70B)
Class [Lcom.google.common.cache.CacheBuilder$OneWeigher;                              : loaded 2 times (x 69B)
Class com.android.ide.gradle.model.GradlePropertiesModel                              : loaded 2 times (x 70B)
Class kotlin.sequences.TransformingSequence$iterator$1                                : loaded 2 times (x 79B)
Class kotlin.Pair                                                                     : loaded 2 times (x 72B)
Class org.gradle.tooling.internal.adapter.ProtocolToModelAdapter$SupportedPropertyInvoker: loaded 2 times (x 76B)
Class org.gradle.tooling.model.UnsupportedMethodException                             : loaded 2 times (x 82B)
Class com.google.common.collect.MapMakerInternalMap$AbstractStrongKeyEntry            : loaded 2 times (x 80B)
Class com.google.common.collect.Sets$ImprovedAbstractSet                              : loaded 2 times (x 135B)
Class com.android.builder.model.v2.ide.BytecodeTransformation                         : loaded 2 times (x 79B)
Class org.objectweb.asm.MethodTooLargeException                                       : loaded 2 times (x 83B)
Class com.google.common.cache.LocalCache$2                                            : loaded 2 times (x 142B)
Class com.google.common.collect.AbstractMultimap                                      : loaded 2 times (x 123B)
Class com.amazon.ion.impl.lite.IonContainerLite                                       : loaded 2 times (x 249B)
Class com.amazon.ion.IonBufferConfiguration$OversizedSymbolTableHandler               : loaded 2 times (x 70B)
Class com.amazon.ion.system.IonWriterBuilder                                          : loaded 2 times (x 74B)
Class org.jetbrains.plugins.gradle.tooling.serialization.ToolingStreamApiUtils        : loaded 2 times (x 71B)
Class com.amazon.ion.facet.Faceted                                                    : loaded 2 times (x 70B)
Class kotlin.collections.CollectionsKt__MutableCollectionsKt                          : loaded 2 times (x 71B)
Class com.android.builder.model.v2.ide.CodeShrinker                                   : loaded 2 times (x 79B)
Class com.google.common.collect.MapMakerInternalMap$Strength                          : loaded 2 times (x 80B)
Class com.google.common.collect.MapMakerInternalMap$StrongKeyDummyValueEntry$LinkedStrongKeyDummyValueEntry: loaded 2 times (x 82B)
Class com.amazon.ion.impl.bin.utf8.Poolable                                           : loaded 2 times (x 79B)
Class com.amazon.ion.IonSymbol                                                        : loaded 2 times (x 70B)
Class io.opentelemetry.api.trace.SpanContext                                          : loaded 2 times (x 70B)
Class io.opentelemetry.api.trace.DefaultTracer$NoopSpanBuilder                        : loaded 2 times (x 91B)
Class org.jetbrains.plugins.gradle.tooling.serialization.AnnotationProcessingModelSerializationService$WriteContext: loaded 2 times (x 72B)
Class kotlin.io.TerminateException                                                    : loaded 2 times (x 82B)
Class kotlin.io.FilesKt__FilePathComponentsKt                                         : loaded 2 times (x 71B)
Class kotlin.reflect.KCallable                                                        : loaded 2 times (x 70B)
Class com.google.common.base.Optional                                                 : loaded 2 times (x 80B)
Class org.gradle.internal.operations.MultipleBuildOperationFailures                   : loaded 2 times (x 95B)
Class com.google.common.util.concurrent.AbstractFuture$Trusted                        : loaded 2 times (x 70B)
Class org.gradle.tooling.internal.adapter.MethodInvocation                            : loaded 2 times (x 85B)
Class org.jetbrains.kotlin.idea.gradleTooling.KotlinGradlePluginVersion               : loaded 2 times (x 70B)
Class com.intellij.compose.ide.plugin.gradleTooling.rt.ComposeResourcesModel          : loaded 2 times (x 70B)
Class com.intellij.gradle.toolingExtension.impl.util.collectionUtil.GradleCollections : loaded 2 times (x 71B)
Class com.amazon.ion.impl.lite.IonStructLite                                          : loaded 2 times (x 299B)
Class com.amazon.ion.impl._Private_ReaderWriter                                       : loaded 2 times (x 70B)
Class com.amazon.ion.impl.bin.AbstractSymbolTable                                     : loaded 2 times (x 107B)
Class com.amazon.ion.Decimal                                                          : loaded 2 times (x 133B)
Class com.amazon.ion.impl.bin._Private_IonManagedBinaryWriterBuilder$AllocatorMode$1  : loaded 2 times (x 80B)
Class org.jetbrains.plugins.gradle.tooling.serialization.ProjectDependenciesSerializationService$WriteContext: loaded 2 times (x 72B)
Class org.jetbrains.plugins.gradle.tooling.serialization.ProjectDependenciesSerializationService: loaded 2 times (x 77B)
Class kotlin.collections.AbstractIterator                                             : loaded 2 times (x 83B)
Class kotlin.text.CharsKt                                                             : loaded 2 times (x 71B)
Class org.gradle.tooling.model.kotlin.dsl.KotlinDslScriptModel                        : loaded 2 times (x 70B)
Class org.gradle.tooling.internal.adapter.CollectionMapper                            : loaded 2 times (x 73B)
Class jdk.internal.jimage.ImageLocation                                               : loaded 2 times (x 90B)
Class jdk.internal.jrtfs.JrtDirectoryStream$1                                         : loaded 2 times (x 83B)
Class org.jetbrains.kotlin.tooling.core.KotlinToolingVersion                          : loaded 2 times (x 75B)
Class [Lcom.android.builder.model.v2.ide.LibraryType;                                 : loaded 2 times (x 69B)
Class com.android.builder.model.v2.ide.LibraryType                                    : loaded 2 times (x 79B)
Class com.google.common.io.ByteSink$AsCharSink                                        : loaded 2 times (x 80B)
Class com.google.common.util.concurrent.UncheckedExecutionException                   : loaded 2 times (x 82B)
Class kotlin.sequences.TransformingSequence                                           : loaded 2 times (x 75B)
Class org.gradle.kotlin.dsl.VersionCatalogAccessorsKt                                 : loaded 2 times (x 71B)
Class com.amazon.ion.impl.lite.IonFloatLite                                           : loaded 2 times (x 187B)
Class com.amazon.ion.impl._Private_IonTextWriterBuilder                               : loaded 2 times (x 102B)
Class com.amazon.ion.impl.bin._Private_IonManagedBinaryWriterBuilder$AllocatorMode$2  : loaded 2 times (x 80B)
Class io.opentelemetry.api.trace.DefaultTracerProvider                                : loaded 2 times (x 79B)
Class com.android.ide.gradle.model.ArtifactIdentifierImpl                             : loaded 2 times (x 77B)
Class com.google.common.collect.ExplicitOrdering                                      : loaded 2 times (x 115B)
Class org.jetbrains.plugins.gradle.ExternalDependencyId                               : loaded 2 times (x 70B)
Class com.amazon.ion.impl._Private_IonReaderBuilder                                   : loaded 2 times (x 97B)
Class com.amazon.ion.IonMutableCatalog                                                : loaded 2 times (x 70B)
Class gnu.trove.THash                                                                 : loaded 2 times (x 81B)
Class com.intellij.gradle.toolingExtension.impl.model.buildScriptClasspathModel.GradleBuildScriptClasspathSerializationService$WriteContext: loaded 2 times (x 72B)
Class org.gradle.tooling.internal.adapter.ProtocolToModelAdapter                      : loaded 2 times (x 80B)
Class org.gradle.internal.InternalTransformer                                         : loaded 2 times (x 70B)
Class jdk.internal.jimage.ImageBufferCache$1                                          : loaded 2 times (x 83B)
Class com.google.common.collect.AbstractMapBasedMultimap$KeySet$1                     : loaded 2 times (x 82B)
Class com.android.builder.model.v2.ide.AndroidGradlePluginProjectFlags$BooleanFlag    : loaded 2 times (x 79B)
Class com.android.ide.common.gradle.Separator                                         : loaded 2 times (x 79B)
Class org.objectweb.asm.ClassWriter                                                   : loaded 2 times (x 106B)
Class com.google.common.cache.CacheLoader$UnsupportedLoadingOperationException        : loaded 2 times (x 82B)
Class io.opentelemetry.api.internal.OtelEncodingUtils                                 : loaded 2 times (x 71B)
Class [Lio.opentelemetry.context.ThreadLocalContextStorage$NoopScope;                 : loaded 2 times (x 69B)
Class io.opentelemetry.context.ThreadLocalContextStorage$NoopScope                    : loaded 2 times (x 85B)
Class kotlin.collections.ArraysKt___ArraysKt$asSequence$$inlined$Sequence$1           : loaded 2 times (x 75B)
Class kotlin.collections.MapsKt__MapsJVMKt                                            : loaded 2 times (x 71B)
Class kotlin.collections.EmptyList                                                    : loaded 2 times (x 174B)
Class org.gradle.internal.time.DefaultTimer                                           : loaded 2 times (x 80B)
Class org.gradle.internal.classloader.ClasspathUtil$1                                 : loaded 2 times (x 76B)
Class jdk.internal.jimage.ImageBufferCache$2                                          : loaded 2 times (x 91B)
Class com.intellij.util.ThrowableConsumer                                             : loaded 2 times (x 70B)
Class org.objectweb.asm.FieldVisitor                                                  : loaded 2 times (x 77B)
Class com.google.common.collect.IndexedImmutableSet                                   : loaded 2 times (x 150B)
Class com.google.common.collect.ImmutableMap$1                                        : loaded 2 times (x 81B)
Class com.google.common.collect.BiMap                                                 : loaded 2 times (x 70B)
Class com.amazon.ion.impl.bin.PooledBlockAllocatorProvider$PooledBlockAllocator$1     : loaded 2 times (x 79B)
Class com.amazon.ion.impl.lite.IonStringLite                                          : loaded 2 times (x 213B)
Class io.opentelemetry.context.ImplicitContextKeyed                                   : loaded 2 times (x 70B)
Class org.gradle.tooling.internal.adapter.ProtocolToModelAdapter$ViewKey              : loaded 2 times (x 72B)
Class org.gradle.api.internal.classpath.DefaultModuleRegistry$DefaultModule           : loaded 2 times (x 86B)
Class com.android.ide.common.repository.AgpVersion                                    : loaded 2 times (x 75B)
Class com.android.builder.model.v2.CustomSourceDirectory                              : loaded 2 times (x 70B)
Class com.google.common.primitives.Ints                                               : loaded 2 times (x 71B)
Class org.objectweb.asm.ClassVisitor                                                  : loaded 2 times (x 88B)
Class com.amazon.ion.impl.bin.Block                                                   : loaded 2 times (x 79B)
Class io.opentelemetry.context.DefaultContextKey                                      : loaded 2 times (x 72B)
Class com.google.common.collect.NullsFirstOrdering                                    : loaded 2 times (x 115B)
Class kotlin.ResultKt                                                                 : loaded 2 times (x 71B)
Class org.gradle.tooling.internal.adapter.ProtocolToModelAdapter$PropertyCachingMethodInvoker: loaded 2 times (x 76B)
Class com.android.builder.model.v2.models.ProjectSyncIssues                           : loaded 2 times (x 70B)
Class com.google.common.math.MathPreconditions                                        : loaded 2 times (x 71B)
Class com.google.common.collect.Multiset                                              : loaded 2 times (x 70B)
Class com.google.common.collect.ArrayListMultimapGwtSerializationDependencies         : loaded 2 times (x 172B)
Class com.google.common.collect.ObjectArrays                                          : loaded 2 times (x 71B)
Class [Lorg.objectweb.asm.Symbol;                                                     : loaded 2 times (x 69B)
Class org.jetbrains.plugins.gradle.model.ExternalTask                                 : loaded 2 times (x 70B)
Class com.amazon.ion.impl.bin.utf8.Utf8StringEncoderPool$1                            : loaded 2 times (x 76B)
Class com.amazon.ion.impl.lite.IonLoaderLite                                          : loaded 2 times (x 82B)
Class com.amazon.ion.impl.lite.IonContext                                             : loaded 2 times (x 70B)
Class com.amazon.ion.impl.IonWriterSystemText                                         : loaded 2 times (x 190B)
Class [Lcom.amazon.ion.impl.bin.IonManagedBinaryWriter$ImportedSymbolResolverMode;    : loaded 2 times (x 69B)
Class com.amazon.ion.ValueFactory                                                     : loaded 2 times (x 70B)
Class io.opentelemetry.api.internal.IncubatingUtil                                    : loaded 2 times (x 71B)
Class io.opentelemetry.api.GlobalOpenTelemetry$ObfuscatedOpenTelemetry                : loaded 2 times (x 92B)
Class kotlin.collections.ArraysKt__ArraysKt                                           : loaded 2 times (x 71B)
Class kotlin.Result$Failure                                                           : loaded 2 times (x 72B)
Class org.gradle.internal.time.DefaultCountdownTimer                                  : loaded 2 times (x 88B)
Class com.google.common.collect.ImmutableMapEntrySet                                  : loaded 2 times (x 151B)
Class com.amazon.ion.impl.bin.IonManagedBinaryWriter$SymbolResolver                   : loaded 2 times (x 70B)
Class com.amazon.ion.impl._Private_SymbolToken                                        : loaded 2 times (x 70B)
Class com.amazon.ion.impl.bin._Private_IonManagedBinaryWriterBuilder$AllocatorMode    : loaded 2 times (x 80B)
Class org.jetbrains.plugins.gradle.model.GradleTaskModel                              : loaded 2 times (x 70B)
Class org.jetbrains.plugins.gradle.tooling.util.ObjectCollector                       : loaded 2 times (x 72B)
Class kotlin.collections.SetsKt__SetsJVMKt                                            : loaded 2 times (x 71B)
Class kotlin.Function                                                                 : loaded 2 times (x 70B)
Class org.gradle.tooling.internal.adapter.ProtocolToModelAdapter$AdaptingMethodInvoker: loaded 2 times (x 76B)
Class org.gradle.tooling.internal.gradle.DefaultBuildIdentifier                       : loaded 2 times (x 79B)
Class org.gradle.api.internal.classpath.Module                                        : loaded 2 times (x 70B)
Class com.google.common.cache.Weigher                                                 : loaded 2 times (x 70B)
Class [Lcom.amazon.ion.util.GzipStreamInterceptor;                                    : loaded 2 times (x 69B)
Class com.amazon.ion.impl._Private_IonReaderBuilder$Mutable                           : loaded 2 times (x 97B)
Class com.intellij.openapi.externalSystem.model.project.IExternalSystemSourceType     : loaded 2 times (x 70B)
Class kotlin.io.FileAlreadyExistsException                                            : loaded 2 times (x 82B)
Class kotlin.internal.ProgressionUtilKt                                               : loaded 2 times (x 71B)
Class org.gradle.api.internal.classpath.UnknownModuleException                        : loaded 2 times (x 82B)
Class jdk.internal.jimage.ImageHeader                                                 : loaded 2 times (x 71B)
Class org.jetbrains.kotlin.config.ApiVersion                                          : loaded 2 times (x 86B)
Class org.jetbrains.kotlin.cli.common.arguments.K2JVMCompilerArguments$Companion      : loaded 2 times (x 71B)
Class com.google.common.base.Stopwatch                                                : loaded 2 times (x 72B)
Class com.google.common.cache.LocalCache$Strength                                     : loaded 2 times (x 81B)
Class com.google.common.cache.Cache                                                   : loaded 2 times (x 70B)
Class com.google.gson.stream.JsonReader$1                                             : loaded 2 times (x 72B)
Class io.opentelemetry.api.trace.TraceStateBuilder                                    : loaded 2 times (x 70B)
Class com.intellij.openapi.externalSystem.model.project.dependencies.ProjectDependencies: loaded 2 times (x 70B)
Class org.jetbrains.plugins.gradle.tooling.serialization.ProjectDependenciesSerializationService$ReadContext: loaded 2 times (x 72B)
Class kotlin.sequences.DistinctIterator                                               : loaded 2 times (x 83B)
Class com.google.common.io.AppendableWriter                                           : loaded 2 times (x 100B)
Class com.google.common.util.concurrent.AbstractFuture$Cancellation                   : loaded 2 times (x 72B)
Class com.google.common.collect.ImmutableMap$Builder                                  : loaded 2 times (x 82B)
Class com.google.common.base.NullnessCasts                                            : loaded 2 times (x 71B)
Class com.google.common.base.Present                                                  : loaded 2 times (x 81B)
Class com.google.common.collect.AbstractMapBasedMultimap$WrappedCollection$WrappedIterator: loaded 2 times (x 84B)
Class org.jetbrains.kotlin.cli.common.arguments.CommonToolArguments$Companion         : loaded 2 times (x 71B)
Class com.google.common.cache.RemovalListener                                         : loaded 2 times (x 70B)
Class com.amazon.ion.IonBufferConfiguration                                           : loaded 2 times (x 72B)
Class com.amazon.ion.impl.bin.Symbols                                                 : loaded 2 times (x 71B)
Class org.jetbrains.plugins.gradle.tooling.serialization.RepositoriesModelSerializationService: loaded 2 times (x 82B)
Class com.android.ide.gradle.model.artifacts.AdditionalClassifierArtifactsModel       : loaded 2 times (x 70B)
Class org.gradle.tooling.internal.gradle.GradleProjectIdentity                        : loaded 2 times (x 70B)
Class org.gradle.api.internal.DefaultClassPathRegistry                                : loaded 2 times (x 76B)
Class org.jetbrains.kotlin.cli.common.messages.MessageCollector                       : loaded 2 times (x 70B)
Class [Lorg.jetbrains.kotlin.config.JvmDefaultMode;                                   : loaded 2 times (x 69B)
Class com.google.common.collect.ImmutableMultimap$Keys                                : loaded 2 times (x 166B)
Class com.android.builder.model.v2.ide.JavaArtifact                                   : loaded 2 times (x 70B)
Class com.google.common.primitives.IntsMethodsForWeb                                  : loaded 2 times (x 71B)
Class com.android.utils.FileUtils                                                     : loaded 2 times (x 71B)
Class [Lcom.amazon.ion.impl.bin.AbstractIonWriter$WriteValueOptimization;             : loaded 2 times (x 69B)
Class io.opentelemetry.api.internal.AutoValue_ImmutableSpanContext                    : loaded 2 times (x 92B)
Class org.jetbrains.plugins.gradle.tooling.serialization.RepositoriesModelSerializationService$ReadContext: loaded 2 times (x 72B)
Class kotlin.ranges.ClosedRange                                                       : loaded 2 times (x 70B)
Class org.gradle.api.internal.ClassPathRegistry                                       : loaded 2 times (x 70B)
Class org.gradle.internal.classpath.DefaultClassPath$ImmutableUniqueList              : loaded 2 times (x 199B)
Class jdk.internal.jimage.decompressor.ResourceDecompressor                           : loaded 2 times (x 70B)
Class com.google.common.collect.MapMakerInternalMap$Segment                           : loaded 2 times (x 142B)
Class com.android.builder.model.v2.ide.AaptOptions$Namespacing                        : loaded 2 times (x 79B)
Class com.amazon.ion.impl.bin.IonManagedBinaryWriter$UserState                        : loaded 2 times (x 85B)
Class com.amazon.ion.impl._Private_IonWriter                                          : loaded 2 times (x 70B)
Class com.amazon.ion.impl.bin._Private_IonManagedBinaryWriterBuilder                  : loaded 2 times (x 72B)
Class com.intellij.gradle.toolingExtension.impl.model.projectModel.GradleExternalProjectSerializationService$WriteContext: loaded 2 times (x 73B)
Class kotlin.text.StringsKt__StringsJVMKt                                             : loaded 2 times (x 71B)
Class kotlin.collections.IntIterator                                                  : loaded 2 times (x 82B)
Class com.google.common.collect.NullnessCasts                                         : loaded 2 times (x 71B)
Class org.jetbrains.kotlin.config.ExplicitApiMode$Companion                           : loaded 2 times (x 71B)
Class org.jetbrains.kotlin.config.JvmDefaultMode$Companion                            : loaded 2 times (x 71B)
Class com.google.common.io.ByteSink                                                   : loaded 2 times (x 76B)
Class com.android.builder.model.v2.dsl.SigningConfig                                  : loaded 2 times (x 70B)
Class com.android.builder.model.v2.models.AndroidProject                              : loaded 2 times (x 70B)
Class com.android.builder.model.v2.AndroidModel                                       : loaded 2 times (x 70B)
Class com.google.common.cache.CacheBuilder                                            : loaded 2 times (x 72B)
Class com.google.common.collect.TransformedListIterator                               : loaded 2 times (x 93B)
Class Settings_gradle$1                                                               : loaded 2 times (x 74B)
Class [Lcom.amazon.ion.SymbolToken;                                                   : loaded 2 times (x 69B)
Class io.opentelemetry.api.trace.ImmutableTraceFlags                                  : loaded 2 times (x 77B)
Class kotlin.text.StringsKt__IndentKt                                                 : loaded 2 times (x 71B)
Class kotlin.collections.SetsKt                                                       : loaded 2 times (x 71B)
Class org.gradle.internal.classpath.ClassPath                                         : loaded 2 times (x 70B)
Class org.gradle.api.UncheckedIOException                                             : loaded 2 times (x 82B)
Class com.google.common.collect.Interners$InternerBuilder                             : loaded 2 times (x 76B)
Class com.google.common.io.Files$FileByteSource                                       : loaded 2 times (x 85B)
Class jdk.internal.jimage.decompressor.StringSharingDecompressorFactory               : loaded 2 times (x 74B)
Class com.google.common.base.JdkPattern                                               : loaded 2 times (x 75B)
Class org.jetbrains.plugins.gradle.model.ExternalProjectDependency                    : loaded 2 times (x 70B)
Class org.jetbrains.plugins.gradle.tooling.serialization.KotlinDslScriptsModelSerializationService: loaded 2 times (x 81B)
Class kotlin.reflect.KFunction                                                        : loaded 2 times (x 70B)
Class kotlin.collections.ArrayDeque                                                   : loaded 2 times (x 207B)
Class com.google.common.io.CharStreams$NullWriter                                     : loaded 2 times (x 99B)
Class org.jetbrains.kotlin.cli.common.arguments.Freezable                             : loaded 2 times (x 72B)
Class org.objectweb.asm.SymbolTable$Entry                                             : loaded 2 times (x 74B)
Class com.google.gson.internal.JsonReaderInternalAccess                               : loaded 2 times (x 72B)
Class com.amazon.ion.system.IonSystemBuilder$Mutable                                  : loaded 2 times (x 75B)
Class com.amazon.ion.impl.bin.IonManagedBinaryWriter$SymbolResolverBuilder            : loaded 2 times (x 70B)
Class org.jetbrains.kotlin.idea.gradleTooling.KotlinGradleModel                       : loaded 2 times (x 70B)
Class [Lio.opentelemetry.api.trace.TraceFlags;                                        : loaded 2 times (x 69B)
Class [Lio.opentelemetry.context.ContextStorage;                                      : loaded 2 times (x 69B)
Class com.intellij.platform.diagnostic.telemetry.rt.context.TelemetryContext          : loaded 2 times (x 134B)
Class org.jetbrains.plugins.gradle.tooling.serialization.ExternalTestsSerializationService$WriteContext: loaded 2 times (x 72B)
Class kotlin.collections.MapsKt__MapsKt                                               : loaded 2 times (x 71B)
Class jdk.internal.jimage.ImageStringsReader                                          : loaded 2 times (x 80B)
Class com.android.builder.model.v2.ide.Variant                                        : loaded 2 times (x 70B)
Class org.objectweb.asm.Edge                                                          : loaded 2 times (x 72B)
Class com.google.common.base.Suppliers$SupplierOfInstance                             : loaded 2 times (x 79B)
Class org.gradle.tooling.internal.adapter.TargetTypeProvider                          : loaded 2 times (x 70B)
Class com.amazon.ion.impl.bin.IonManagedBinaryWriter$LocalSymbolTableView             : loaded 2 times (x 119B)
Class com.amazon.ion.impl.bin.IonRawBinaryWriter$ThrowingRunnable                     : loaded 2 times (x 70B)
Class io.opentelemetry.context.ThreadLocalContextStorage                              : loaded 2 times (x 85B)
Class com.android.ide.gradle.model.ArtifactIdentifier                                 : loaded 2 times (x 70B)
Class org.gradle.tooling.model.Model                                                  : loaded 2 times (x 70B)
Class com.google.common.cache.LocalCache$ComputingValueReference                      : loaded 2 times (x 96B)
Class kotlin.ranges.IntProgression$Companion                                          : loaded 2 times (x 71B)
Class com.google.common.collect.ImmutableMap$IteratorBasedImmutableMap                : loaded 2 times (x 125B)
Class com.amazon.ion.UnknownSymbolException                                           : loaded 2 times (x 86B)
Class com.android.ide.gradle.model.composites.BuildMap                                : loaded 2 times (x 70B)
Class kotlin.text.MatchResult$Destructured                                            : loaded 2 times (x 72B)
Class kotlin.Metadata                                                                 : loaded 2 times (x 70B)
Class kotlin.UninitializedPropertyAccessException                                     : loaded 2 times (x 82B)
Class jdk.internal.jimage.ImageReader                                                 : loaded 2 times (x 75B)
Class com.google.common.collect.AbstractMapBasedMultimap$AsMap$AsMapEntries           : loaded 2 times (x 138B)
Class com.android.builder.model.v2.ide.Library                                        : loaded 2 times (x 70B)
Class com.android.builder.model.v2.ide.ArtifactDependenciesAdjacencyList              : loaded 2 times (x 70B)
Class com.android.builder.model.v2.models.Versions                                    : loaded 2 times (x 70B)
Class com.google.common.cache.LocalCache$Segment                                      : loaded 2 times (x 154B)
Class io.opentelemetry.context.Context                                                : loaded 2 times (x 70B)
Class org.jetbrains.plugins.gradle.model.IntelliJProjectSettings                      : loaded 2 times (x 70B)
Class org.gradle.tooling.internal.adapter.ProtocolToModelAdapter$MethodInvocationCache: loaded 2 times (x 73B)
Class ijKotlinCoroutineJvmDebugInit1_9joz0kzf8hzzjdqcazxqlq5o8                        : loaded 2 times (x 179B)
Class jdk.internal.jimage.ImageReader$SharedImageReader                               : loaded 2 times (x 95B)
Class org.jetbrains.kotlin.utils.DescriptionAware                                     : loaded 2 times (x 70B)
Class com.android.builder.model.v2.models.ndk.NativeModule                            : loaded 2 times (x 70B)
Class org.jetbrains.plugins.gradle.model.GradleExtensions                             : loaded 2 times (x 70B)
Class [Lorg.objectweb.asm.SymbolTable$Entry;                                          : loaded 2 times (x 69B)
Class com.google.common.cache.CacheLoader                                             : loaded 2 times (x 74B)
Class org.jetbrains.plugins.gradle.model.AnnotationProcessingModel                    : loaded 2 times (x 70B)
Class com.google.common.collect.ImmutableBiMap                                        : loaded 2 times (x 143B)
Class com.google.common.collect.AbstractListMultimap                                  : loaded 2 times (x 172B)
Class org.jetbrains.plugins.gradle.model.ExternalDependency                           : loaded 2 times (x 70B)
Class com.intellij.util.containers.IntObjectHashMap                                   : loaded 2 times (x 72B)
Class org.gradle.internal.installation.GradleInstallation$1                           : loaded 2 times (x 75B)
Class org.gradle.api.internal.classpath.ModuleRegistry                                : loaded 2 times (x 70B)
Class jdk.internal.jimage.decompressor.ResourceDecompressorFactory                    : loaded 2 times (x 74B)
Class com.android.ide.common.repository.AgpVersion$PreviewKind$Companion              : loaded 2 times (x 71B)
Class com.google.common.util.concurrent.internal.InternalFutureFailureAccess          : loaded 2 times (x 72B)
Class io.opentelemetry.context.ContextStorageProvider                                 : loaded 2 times (x 70B)
Class com.google.common.collect.ImmutableSet$JdkBackedSetBuilderImpl                  : loaded 2 times (x 76B)
Class com.google.common.base.Splitter$SplittingIterator                               : loaded 2 times (x 84B)
Class com.amazon.ion.impl.bin.IonManagedBinaryWriter$SymbolState$1                    : loaded 2 times (x 80B)
Class com.amazon.ion.impl.LocalSymbolTableAsStruct$Factory                            : loaded 2 times (x 79B)
Class [Lcom.amazon.ion.IonType;                                                       : loaded 2 times (x 69B)
Class org.jetbrains.plugins.gradle.model.VersionCatalogsModel                         : loaded 2 times (x 70B)
Class com.intellij.gradle.toolingExtension.impl.model.sourceSetDependencyModel.GradleSourceSetDependencySerialisationService$SourceSetDependencyModelReadContext: loaded 2 times (x 72B)
Class com.intellij.gradle.toolingExtension.impl.model.dependencyModel.DependencyReadContext: loaded 2 times (x 72B)
Class org.gradle.tooling.internal.adapter.ObjectGraphAdapter                          : loaded 2 times (x 70B)
Class com.google.common.collect.ImmutableMultimap$Values                              : loaded 2 times (x 126B)
Class com.android.builder.model.v2.ide.Installation                                   : loaded 2 times (x 70B)
Class com.google.common.collect.HashBiMap$Inverse                                     : loaded 2 times (x 142B)
Class com.google.common.cache.LocalCache$LocalManualCache$1                           : loaded 2 times (x 75B)
Class com.amazon.ion.system.IonBinaryWriterBuilder                                    : loaded 2 times (x 99B)
Class org.jetbrains.plugins.gradle.model.ProjectImportModelProvider                   : loaded 2 times (x 70B)
Class org.jetbrains.plugins.gradle.model.ExternalSourceSet                            : loaded 2 times (x 70B)
Class com.amazon.ion.impl.bin.IonManagedBinaryWriter$SymbolState$2                    : loaded 2 times (x 80B)
Class com.amazon.ion.IonNull                                                          : loaded 2 times (x 70B)
Class com.intellij.gradle.toolingExtension.impl.model.warmUp.GradleTaskWarmUpRequest  : loaded 2 times (x 70B)
Class com.android.ide.gradle.model.LegacyAndroidGradlePluginPropertiesModelParameters : loaded 2 times (x 70B)
Class com.google.common.collect.ImmutableSortedAsList                                 : loaded 2 times (x 221B)
Class kotlin.text.RegexKt                                                             : loaded 2 times (x 71B)
Class kotlin.coroutines.intrinsics.IntrinsicsKt__IntrinsicsKt                         : loaded 2 times (x 71B)
Class jdk.internal.jimage.ImageReader$Node                                            : loaded 2 times (x 84B)
Class org.jetbrains.kotlin.config.AnalysisFlag                                        : loaded 2 times (x 72B)
Class com.android.builder.model.v2.models.ModelBuilderParameter                       : loaded 2 times (x 70B)
Class com.amazon.ion.impl.bin.IonManagedBinaryWriter$UserState$4                      : loaded 2 times (x 85B)
Class org.jetbrains.plugins.gradle.model.UnresolvedExternalDependency                 : loaded 2 times (x 70B)
Class com.amazon.ion.impl.bin.IonRawBinaryWriter$ContainerInfo                        : loaded 2 times (x 74B)
Class com.amazon.ion.impl.bin.IonManagedBinaryWriter$SymbolState$3                    : loaded 2 times (x 80B)
Class com.amazon.ion.impl.bin.IonRawBinaryWriter$StreamFlushMode                      : loaded 2 times (x 79B)
Class com.amazon.ion.IonBinaryWriter                                                  : loaded 2 times (x 70B)
Class com.intellij.gradle.toolingExtension.impl.model.sourceSetArtifactIndex.GradleSourceSetArtifactBuildRequest: loaded 2 times (x 70B)
Class kotlin.io.FilesKt__UtilsKt                                                      : loaded 2 times (x 71B)
Class com.google.common.collect.Lists$TransformingRandomAccessList                    : loaded 2 times (x 199B)
Class kotlin.collections.CollectionsKt__CollectionsJVMKt                              : loaded 2 times (x 71B)
Class org.gradle.api.internal.classpath.DefaultModuleRegistry                         : loaded 2 times (x 86B)
Class jdk.internal.jimage.BasicImageReader$1                                          : loaded 2 times (x 77B)
Class com.google.common.util.concurrent.ListenableFuture                              : loaded 2 times (x 70B)
Class com.google.common.cache.ReferenceEntry                                          : loaded 2 times (x 70B)
Class com.google.common.collect.ImmutableMap$MapViewOfValuesAsSingletonSets           : loaded 2 times (x 125B)
Class com.google.common.base.Converter                                                : loaded 2 times (x 90B)
Class com.google.common.collect.RegularImmutableMap                                   : loaded 2 times (x 121B)
Class com.amazon.ion.impl.bin.IonManagedBinaryWriter$SymbolState$4                    : loaded 2 times (x 80B)
Class [Lcom.amazon.ion.util.InputStreamInterceptor;                                   : loaded 2 times (x 69B)
Class org.jetbrains.plugins.gradle.tooling.serialization.internal.IdeaProjectSerializationService$WriteContext$1: loaded 2 times (x 83B)
Class org.jetbrains.plugins.gradle.model.ExternalProject                              : loaded 2 times (x 70B)
Class kotlin.sequences.SequencesKt                                                    : loaded 2 times (x 71B)
Class kotlin.collections.CollectionsKt__IteratorsKt                                   : loaded 2 times (x 71B)
Class [Lcom.android.builder.model.v2.ide.CodeShrinker;                                : loaded 2 times (x 69B)
Class com.google.common.util.concurrent.AbstractFuture                                : loaded 2 times (x 106B)
Class com.google.common.base.FunctionalEquivalence                                    : loaded 2 times (x 83B)
Class com.google.gson.stream.MalformedJsonException                                   : loaded 2 times (x 82B)
Class com.google.common.collect.AbstractMapBasedMultimap                              : loaded 2 times (x 139B)
Class com.android.builder.model.v2.ide.AndroidArtifact                                : loaded 2 times (x 70B)
Class com.amazon.ion.impl.bin.utf8.Pool                                               : loaded 2 times (x 74B)
Class org.jetbrains.plugins.gradle.tooling.serialization.internal.IdeaProjectSerializationService$WriteContext$2: loaded 2 times (x 83B)
Class kotlin.text.StringsKt                                                           : loaded 2 times (x 71B)
Class com.google.common.io.CharStreams                                                : loaded 2 times (x 71B)
Class org.jetbrains.kotlin.config.ExplicitApiMode                                     : loaded 2 times (x 79B)
Class com.google.common.collect.ImmutableMultiset                                     : loaded 2 times (x 163B)
Class org.objectweb.asm.RecordComponentVisitor                                        : loaded 2 times (x 77B)
Class com.google.common.cache.CacheLoader$SupplierToCacheLoader                       : loaded 2 times (x 75B)
Class com.amazon.ion.impl._Private_IonSymbol                                          : loaded 2 times (x 70B)
Class com.amazon.ion.impl.lite.IonValueLite                                           : loaded 2 times (x 148B)
Class com.amazon.ion.IonContainer                                                     : loaded 2 times (x 70B)
Class com.amazon.ion.impl.bin.PooledBlockAllocatorProvider                            : loaded 2 times (x 73B)
Class [Lio.opentelemetry.context.Scope;                                               : loaded 2 times (x 69B)
Class org.jetbrains.plugins.gradle.tooling.serialization.AnnotationProcessingModelSerializationService$ReadContext: loaded 2 times (x 72B)
Class org.jetbrains.plugins.gradle.tooling.serialization.internal.IdeaProjectSerializationService$WriteContext$3: loaded 2 times (x 83B)
Class gnu.trove.TObjectHash$NULL                                                      : loaded 2 times (x 71B)
Class com.android.ide.gradle.model.artifacts.AdditionalClassifierArtifacts            : loaded 2 times (x 70B)
Class org.gradle.util.internal.DefaultGradleVersion$Stage                             : loaded 2 times (x 75B)
Class kotlin.coroutines.jvm.internal.RestrictedContinuationImpl                       : loaded 2 times (x 87B)
Class ijKotlinCoroutineJvmDebugInit1_9joz0kzf8hzzjdqcazxqlq5o8$_run_closure1$_closure2: loaded 2 times (x 139B)
Class jdk.internal.jimage.decompressor.Decompressor                                   : loaded 2 times (x 72B)
Class jdk.internal.jimage.ImageReader$Resource                                        : loaded 2 times (x 84B)
Class com.google.common.collect.Maps$EntryTransformer                                 : loaded 2 times (x 70B)
Class org.jetbrains.kotlin.idea.gradleTooling.AndroidAwareGradleModelProvider         : loaded 2 times (x 79B)
Class com.intellij.gradle.toolingExtension.impl.telemetry.GradleOpenTelemetry         : loaded 2 times (x 72B)
Class org.jetbrains.plugins.gradle.tooling.serialization.internal.IdeaProjectSerializationService$WriteContext$4: loaded 2 times (x 83B)
Class com.intellij.gradle.toolingExtension.impl.model.sourceSetDependencyModel.GradleSourceSetDependencySerialisationService$Companion: loaded 2 times (x 71B)
Class [Lkotlin.Pair;                                                                  : loaded 2 times (x 69B)
Class kotlin.text.StringsKt__StringNumberConversionsKt                                : loaded 2 times (x 71B)
Class kotlin.io.FilesKt__FileReadWriteKt                                              : loaded 2 times (x 71B)
Class com.google.common.collect.UsingToStringOrdering                                 : loaded 2 times (x 114B)
Class kotlin.text.MatchNamedGroupCollection                                           : loaded 2 times (x 70B)
Class kotlin.jvm.internal.markers.KMutableList                                        : loaded 2 times (x 70B)
Class org.gradle.internal.time.MonotonicClock                                         : loaded 2 times (x 77B)
Class org.gradle.internal.service.ServiceLookupException                              : loaded 2 times (x 82B)
Class jdk.internal.jrtfs.JrtFileAttributes                                            : loaded 2 times (x 83B)
Class com.google.common.io.ByteArrayDataOutput                                        : loaded 2 times (x 70B)
Class org.gradle.api.internal.classpath.ManifestUtil                                  : loaded 2 times (x 71B)
Class [Lcom.google.common.cache.LocalCache$EntryFactory;                              : loaded 2 times (x 69B)
Class com.amazon.ion.BufferConfiguration$Builder                                      : loaded 2 times (x 78B)
Class com.intellij.gradle.toolingExtension.util.GradleVersionSpecificsUtil            : loaded 2 times (x 71B)
Class io.opentelemetry.context.ContextStorage                                         : loaded 2 times (x 70B)
Class org.jetbrains.plugins.gradle.tooling.serialization.internal.IdeaProjectSerializationService$WriteContext$5: loaded 2 times (x 83B)
Class com.intellij.gradle.toolingExtension.impl.model.sourceSetDependencyModel.GradleSourceSetDependencySerialisationService$SourceSetDependencyModelWriteContext: loaded 2 times (x 72B)
Class [Lkotlin.sequences.Sequence;                                                    : loaded 2 times (x 69B)
Class kotlin.sequences.SequencesKt___SequencesKt$sortedWith$1                         : loaded 2 times (x 75B)
Class org.gradle.internal.classloader.ClassLoaderFactory                              : loaded 2 times (x 70B)
Class com.google.common.collect.ImmutableMap$SerializedForm                           : loaded 2 times (x 73B)
Class com.android.builder.model.v2.ide.LibraryInfo                                    : loaded 2 times (x 70B)
Class com.google.common.cache.LocalCache$LocalManualCache                             : loaded 2 times (x 99B)
Class org.gradle.tooling.internal.adapter.ProtocolToModelAdapter$InvocationHandlerImpl: loaded 2 times (x 77B)
Class com.google.common.base.CommonPattern                                            : loaded 2 times (x 74B)
Class com.amazon.ion.impl.bin.IntList                                                 : loaded 2 times (x 77B)
Class com.amazon.ion.impl.lite._Private_LiteDomTrampoline                             : loaded 2 times (x 71B)
Class com.amazon.ion.IonType                                                          : loaded 2 times (x 79B)
Class org.jetbrains.plugins.gradle.tooling.serialization.internal.IdeaProjectSerializationService$WriteContext$6: loaded 2 times (x 83B)
Class org.jetbrains.plugins.gradle.tooling.util.IntObjectMap                          : loaded 2 times (x 73B)
Class org.gradle.internal.service.CachingServiceLocator                               : loaded 2 times (x 82B)
Class com.google.common.collect.AbstractMapBasedMultimap$KeySet                       : loaded 2 times (x 137B)
Class com.google.common.collect.Streams                                               : loaded 2 times (x 71B)
Class org.gradle.tooling.model.build.GradleEnvironment                                : loaded 2 times (x 70B)
Class com.google.common.math.IntMath                                                  : loaded 2 times (x 71B)
Class com.amazon.ion.impl.lite.ValueFactoryLite                                       : loaded 2 times (x 218B)
Class org.jetbrains.plugins.gradle.model.RepositoryModels                             : loaded 2 times (x 70B)
Class org.jetbrains.plugins.gradle.tooling.serialization.internal.IdeaProjectSerializationService$WriteContext$7: loaded 2 times (x 83B)
Class kotlin.jvm.internal.Intrinsics$Kotlin                                           : loaded 2 times (x 71B)
Class kotlin.collections.AbstractList$SubList                                         : loaded 2 times (x 198B)
Class kotlin.jvm.internal.CallableReference                                           : loaded 2 times (x 110B)
Class com.google.common.collect.MapMakerInternalMap$InternalEntry                     : loaded 2 times (x 70B)
Class [Lcom.google.common.collect.HashBiMap$BiEntry;                                  : loaded 2 times (x 69B)
Class org.objectweb.asm.commons.InstructionAdapter                                    : loaded 2 times (x 188B)
Class com.google.common.collect.ImmutableMapEntry                                     : loaded 2 times (x 85B)
Class com.amazon.ion.impl.bin.WriteBuffer                                             : loaded 2 times (x 78B)
Class com.amazon.ion.impl.bin.IonManagedBinaryWriter                                  : loaded 2 times (x 165B)
Class org.jetbrains.plugins.gradle.tooling.serialization.internal.IdeaProjectSerializationService$WriteContext$8: loaded 2 times (x 83B)
Class gnu.trove.TObjectIntProcedure                                                   : loaded 2 times (x 70B)
Class [Lorg.gradle.api.JavaVersion;                                                   : loaded 2 times (x 69B)
Class kotlin.ranges.IntRange                                                          : loaded 2 times (x 93B)
Class org.gradle.tooling.model.idea.IdeaDependencyScope                               : loaded 2 times (x 70B)
Class org.gradle.internal.time.TimeSource                                             : loaded 2 times (x 70B)
Class org.gradle.tooling.model.kotlin.dsl.KotlinDslScriptsModel                       : loaded 2 times (x 70B)
Class org.jetbrains.kotlin.cli.common.arguments.CommonCompilerArguments$Companion     : loaded 2 times (x 71B)
Class com.google.common.collect.ImmutableMultimap                                     : loaded 2 times (x 147B)
Class com.android.builder.model.v2.ide.TestInfo                                       : loaded 2 times (x 70B)
Class com.google.common.base.Equivalence                                              : loaded 2 times (x 82B)
Class com.google.common.collect.ImmutableMapEntry$NonTerminalImmutableMapEntry        : loaded 2 times (x 85B)
Class org.jetbrains.plugins.gradle.tooling.util.IntObjectMap$ObjectFactory            : loaded 2 times (x 70B)
Class com.amazon.ion.impl.lite.IonBlobLite                                            : loaded 2 times (x 220B)
Class com.amazon.ion.impl.LocalSymbolTable                                            : loaded 2 times (x 127B)
Class org.jetbrains.plugins.gradle.tooling.serialization.SerializationService         : loaded 2 times (x 70B)
Class org.gradle.tooling.internal.gradle.GradleBuildIdentity                          : loaded 2 times (x 70B)
Class kotlin.enums.EnumEntries                                                        : loaded 2 times (x 70B)
Class com.android.builder.model.v2.ide.JavaCompileOptions                             : loaded 2 times (x 70B)
Class com.google.common.collect.IndexedImmutableSet$1                                 : loaded 2 times (x 212B)
Class com.google.common.cache.CacheBuilder$OneWeigher                                 : loaded 2 times (x 82B)
Class [Lio.opentelemetry.api.trace.ImmutableTraceFlags;                               : loaded 2 times (x 69B)
Class com.amazon.ion.IonList                                                          : loaded 2 times (x 70B)
Class org.jetbrains.plugins.gradle.tooling.serialization.internal.adapter.Supplier    : loaded 2 times (x 70B)
Class ijInit1_f13cgdkedgxe2j997q3r4rlg6                                               : loaded 2 times (x 179B)
Class org.gradle.tooling.internal.adapter.ProtocolToModelAdapter$MixInMappingAction   : loaded 2 times (x 80B)
Class org.gradle.internal.exceptions.ResolutionProvider                               : loaded 2 times (x 70B)
Class jdk.internal.jimage.ImageBufferCache                                            : loaded 2 times (x 71B)
Class jdk.internal.jrtfs.JrtPath                                                      : loaded 2 times (x 118B)
Class com.amazon.ion.IonSystem                                                        : loaded 2 times (x 70B)
Class com.amazon.ion.impl.bin.IonManagedBinaryWriter$ImportedSymbolContext            : loaded 2 times (x 72B)
Class kotlin.text.MatchResult$DefaultImpls                                            : loaded 2 times (x 71B)
Class org.gradle.tooling.model.idea.IdeaCompilerOutput                                : loaded 2 times (x 70B)
Class org.gradle.tooling.model.ProjectIdentifier                                      : loaded 2 times (x 70B)
Class org.gradle.internal.classloader.ClasspathUtil                                   : loaded 2 times (x 71B)
Class com.android.builder.model.v2.ide.ComponentInfo                                  : loaded 2 times (x 70B)
Class org.objectweb.asm.tree.MethodNode                                               : loaded 2 times (x 110B)
Class org.jetbrains.kotlin.tooling.core.HasExtras                                     : loaded 2 times (x 70B)
Class com.google.common.util.concurrent.Uninterruptibles                              : loaded 2 times (x 71B)
Class com.android.builder.model.v2.ide.ProjectType                                    : loaded 2 times (x 79B)
Class com.intellij.gradle.toolingExtension.impl.model.sourceSetModel.GradleSourceSetSerialisationService: loaded 2 times (x 77B)
Class kotlin.io.FileSystemException                                                   : loaded 2 times (x 82B)
Class com.google.common.collect.ComparisonChain                                       : loaded 2 times (x 80B)
Class com.android.builder.model.v2.dsl.BaseConfig                                     : loaded 2 times (x 70B)
Class com.google.common.collect.Maps                                                  : loaded 2 times (x 71B)
Class com.amazon.ion.impl.lite.IonIntLite                                             : loaded 2 times (x 190B)
Class com.amazon.ion.impl._Private_IonReaderBuilder$TwoElementInputStream             : loaded 2 times (x 92B)
Class com.amazon.ion.util._Private_FastAppendable                                     : loaded 2 times (x 70B)
Class [Lcom.amazon.ion.impl.bin.IonRawBinaryWriter$PreallocationMode;                 : loaded 2 times (x 69B)
Class io.opentelemetry.context.propagation.TextMapGetter                              : loaded 2 times (x 70B)
Class kotlin.sequences.DistinctSequence                                               : loaded 2 times (x 75B)
Class org.gradle.internal.time.TimeSource$1                                           : loaded 2 times (x 77B)
Class kotlin.jvm.internal.DefaultConstructorMarker                                    : loaded 2 times (x 71B)
Class org.gradle.api.specs.Spec                                                       : loaded 2 times (x 70B)
Class jdk.internal.jimage.ImageReader$SharedImageReader$LocationVisitor               : loaded 2 times (x 70B)
Class com.google.common.collect.MapMaker                                              : loaded 2 times (x 72B)
Class [Lcom.google.common.collect.ImmutableEntry;                                     : loaded 2 times (x 69B)
Class com.amazon.ion.impl.lite.IonSexpLite                                            : loaded 2 times (x 491B)
Class com.amazon.ion.impl.lite.IonListLite                                            : loaded 2 times (x 491B)
Class com.amazon.ion.IonFloat                                                         : loaded 2 times (x 70B)
Class io.opentelemetry.context.ThreadLocalContextStorage$ScopeImpl                    : loaded 2 times (x 79B)
Class com.google.common.cache.LocalCache$LoadingValueReference                        : loaded 2 times (x 96B)
Class com.amazon.ion.impl.LocalSymbolTable$Factory                                    : loaded 2 times (x 77B)
Class com.amazon.ion.impl.bin.IonManagedBinaryWriter$ImportedSymbolResolverMode       : loaded 2 times (x 80B)
Class com.intellij.gradle.toolingExtension.impl.model.buildScriptClasspathModel.GradleBuildScriptClasspathSerializationService: loaded 2 times (x 77B)
Class kotlin.jvm.internal.ArrayIterator                                               : loaded 2 times (x 79B)
Class com.amazon.ion.IonException                                                     : loaded 2 times (x 84B)
Class jdk.internal.jimage.decompressor.ResourceDecompressorRepository                 : loaded 2 times (x 71B)
Class com.google.common.io.LineReader$1                                               : loaded 2 times (x 75B)
Class com.google.common.collect.CollectSpliterators                                   : loaded 2 times (x 71B)
Class com.google.common.collect.AbstractMapBasedMultimap$AsMap                        : loaded 2 times (x 128B)
Class com.google.common.collect.MapMakerInternalMap$StrongKeyDummyValueEntry          : loaded 2 times (x 82B)
Class com.google.common.base.Platform                                                 : loaded 2 times (x 71B)
Class com.amazon.ion.impl.LocalSymbolTableAsStruct                                    : loaded 2 times (x 132B)
Class com.amazon.ion.impl.lite.IonTimestampLite                                       : loaded 2 times (x 193B)
Class org.jetbrains.plugins.gradle.model.FileCollectionDependency                     : loaded 2 times (x 70B)
Class io.opentelemetry.api.trace.SpanBuilder                                          : loaded 2 times (x 70B)
Class io.opentelemetry.api.DefaultOpenTelemetry                                       : loaded 2 times (x 89B)
Class com.intellij.gradle.toolingExtension.impl.model.utilDummyModel.DummyModel       : loaded 2 times (x 70B)
Class kotlin.text.StringsKt__RegexExtensionsKt                                        : loaded 2 times (x 71B)
Class kotlin.collections.EmptyIterator                                                : loaded 2 times (x 89B)
Class org.gradle.internal.time.Clock                                                  : loaded 2 times (x 70B)
Class jdk.internal.jimage.ImageReader$Directory                                       : loaded 2 times (x 84B)
Class com.google.common.collect.AbstractMapBasedMultimap$WrappedList                  : loaded 2 times (x 205B)
Class com.android.builder.model.v2.dsl.ProductFlavor                                  : loaded 2 times (x 70B)
Class [Lcom.android.builder.model.v2.ide.TestInfo$Execution;                          : loaded 2 times (x 69B)
Class [Lorg.objectweb.asm.AnnotationWriter;                                           : loaded 2 times (x 69B)
Class com.google.common.collect.Maps$8                                                : loaded 2 times (x 82B)
Class com.amazon.ion.IonString                                                        : loaded 2 times (x 70B)
Class io.opentelemetry.context.propagation.TextMapPropagator                          : loaded 2 times (x 70B)
Class org.jetbrains.plugins.gradle.model.GradleSourceSetDependencyModel               : loaded 2 times (x 70B)
Class kotlin.io.FilePathComponents                                                    : loaded 2 times (x 72B)
Class com.google.common.collect.CompoundOrdering                                      : loaded 2 times (x 115B)
Class kotlin.sequences.SequencesKt__SequencesJVMKt                                    : loaded 2 times (x 71B)
Class kotlin.coroutines.jvm.internal.RestrictedSuspendLambda                          : loaded 2 times (x 91B)
Class org.gradle.tooling.internal.adapter.TypeInspector                               : loaded 2 times (x 73B)
Class org.gradle.tooling.internal.adapter.ProtocolToModelAdapter$NoOpDecoration       : loaded 2 times (x 79B)
Class org.gradle.tooling.model.Element                                                : loaded 2 times (x 70B)
Class kotlin.collections.AbstractList                                                 : loaded 2 times (x 197B)
Class kotlin.collections.AbstractCollection                                           : loaded 2 times (x 117B)
Class [Lcom.google.common.collect.Iterators$EmptyModifiableIterator;                  : loaded 2 times (x 69B)
Class com.google.common.collect.Lists$ReverseList$1                                   : loaded 2 times (x 99B)
Class com.amazon.ion.util.GzipStreamInterceptor                                       : loaded 2 times (x 85B)
Class org.jetbrains.kotlin.tooling.core.Extras                                        : loaded 2 times (x 70B)
Class com.google.common.collect.Sets$SetView                                          : loaded 2 times (x 138B)
Class com.google.common.cache.LocalCache$StrongValueReference                         : loaded 2 times (x 90B)
Class com.amazon.ion.BufferConfiguration                                              : loaded 2 times (x 72B)
Class com.amazon.ion.system.SimpleCatalog                                             : loaded 2 times (x 91B)
Class io.opentelemetry.context.ArrayBasedContext                                      : loaded 2 times (x 100B)
Class com.intellij.gradle.toolingExtension.impl.model.taskModel.GradleTaskSerialisationService: loaded 2 times (x 76B)
Class com.android.ide.gradle.model.LegacyV1AgpVersionModel                            : loaded 2 times (x 70B)
Class kotlin.text.StringsKt__StringBuilderJVMKt                                       : loaded 2 times (x 71B)
Class kotlin.text.Regex                                                               : loaded 2 times (x 72B)
Class kotlin.sequences.SequencesKt__SequenceBuilderKt$sequence$$inlined$Sequence$1    : loaded 2 times (x 75B)
Class kotlin.Triple                                                                   : loaded 2 times (x 72B)
Class [Lorg.jetbrains.kotlin.config.JVMAssertionsMode;                                : loaded 2 times (x 69B)
Class org.jetbrains.kotlin.config.JVMAssertionsMode                                   : loaded 2 times (x 79B)
Class com.google.common.graph.SuccessorsFunction                                      : loaded 2 times (x 70B)
Class [Lcom.google.gson.stream.JsonToken;                                             : loaded 2 times (x 69B)
Class org.objectweb.asm.Type                                                          : loaded 2 times (x 72B)
Class org.jetbrains.plugins.gradle.tooling.util.IntObjectMap$1                        : loaded 2 times (x 77B)
Class org.gradle.tooling.model.internal.ImmutableDomainObjectSet                      : loaded 2 times (x 155B)
Class org.gradle.internal.classloader.VisitableURLClassLoader$InstrumentingVisitableURLClassLoader: loaded 2 times (x 123B)
Class com.google.common.collect.MapMakerInternalMap$StrongKeyDummyValueEntry$Helper   : loaded 2 times (x 79B)
Class com.google.common.io.Files$FileByteSink                                         : loaded 2 times (x 77B)
Class com.android.builder.model.v2.ide.AndroidGradlePluginProjectFlags                : loaded 2 times (x 70B)
Class [Lcom.android.builder.model.v2.ide.AndroidGradlePluginProjectFlags$BooleanFlag; : loaded 2 times (x 69B)
Class com.android.builder.model.v2.ide.BasicVariant                                   : loaded 2 times (x 70B)
Class org.objectweb.asm.ByteVector                                                    : loaded 2 times (x 79B)
Class [Lcom.google.common.cache.CacheBuilder$NullListener;                            : loaded 2 times (x 69B)
Class com.google.common.math.IntMath$1                                                : loaded 2 times (x 71B)
Class [Lcom.amazon.ion.impl.bin.IonRawBinaryWriter$StreamFlushMode;                   : loaded 2 times (x 69B)
Class com.amazon.ion.UnsupportedIonVersionException                                   : loaded 2 times (x 85B)
Class io.opentelemetry.api.trace.SpanId                                               : loaded 2 times (x 71B)
Class kotlin.comparisons.ComparisonsKt__ComparisonsKt                                 : loaded 2 times (x 71B)
Class kotlin.ranges.RangesKt__RangesKt                                                : loaded 2 times (x 71B)
Class kotlin.collections.SetsKt___SetsKt                                              : loaded 2 times (x 71B)
Class kotlin.sequences.SequencesKt__SequencesKt                                       : loaded 2 times (x 71B)
Class kotlin.coroutines.Continuation                                                  : loaded 2 times (x 70B)
Class org.gradle.internal.classloader.VisitableURLClassLoader$Spec                    : loaded 2 times (x 74B)
Class org.gradle.internal.classpath.DefaultClassPath                                  : loaded 2 times (x 90B)
Class jdk.internal.jimage.decompressor.ZipDecompressorFactory                         : loaded 2 times (x 74B)
Class com.android.builder.model.v2.ide.BundleInfo                                     : loaded 2 times (x 70B)
Class com.android.builder.model.v2.ide.SourceProvider                                 : loaded 2 times (x 70B)
Class org.objectweb.asm.Symbol                                                        : loaded 2 times (x 73B)
Class com.google.common.base.AbstractIterator                                         : loaded 2 times (x 80B)
Class com.amazon.ion.impl.bin.IonManagedBinaryWriter$SymbolState                      : loaded 2 times (x 80B)
Class com.amazon.ion.IonStruct                                                        : loaded 2 times (x 70B)
Class org.jetbrains.plugins.gradle.model.GradleBuildScriptClasspathModel              : loaded 2 times (x 70B)
Class kotlin.sequences.FilteringSequence                                              : loaded 2 times (x 75B)
Class kotlin.text.CharsKt__CharJVMKt                                                  : loaded 2 times (x 71B)
Class kotlin.comparisons.ComparisonsKt                                                : loaded 2 times (x 71B)
Class kotlin.comparisons.ComparisonsKt___ComparisonsKt                                : loaded 2 times (x 71B)
Class kotlin.coroutines.jvm.internal.BaseContinuationImpl                             : loaded 2 times (x 87B)
Class kotlin.Result$Companion                                                         : loaded 2 times (x 71B)
Class org.gradle.util.internal.DefaultGradleVersion                                   : loaded 2 times (x 82B)
Class com.google.common.io.Java8Compatibility                                         : loaded 2 times (x 71B)
Class com.google.common.io.Closer                                                     : loaded 2 times (x 78B)
Class com.google.common.collect.RegularImmutableMap$Values                            : loaded 2 times (x 207B)
Class com.amazon.ion.impl.bin.IonManagedBinaryWriter$UserState$3                      : loaded 2 times (x 85B)
Class com.google.common.util.concurrent.ExecutionError                                : loaded 2 times (x 82B)
Class [Lio.opentelemetry.context.ThreadLocalContextStorage;                           : loaded 2 times (x 69B)
Class org.gradle.internal.classloader.ClassLoaderSpec                                 : loaded 2 times (x 71B)
Class org.objectweb.asm.AnnotationWriter                                              : loaded 2 times (x 79B)
Class com.google.common.cache.CacheStats                                              : loaded 2 times (x 71B)
Class com.amazon.ion.impl.IonWriterSystemTextMarkup                                   : loaded 2 times (x 192B)
Class com.amazon.ion.impl.bin.BlockAllocator                                          : loaded 2 times (x 80B)
Class kotlin.jvm.internal.FunctionReferenceImpl                                       : loaded 2 times (x 126B)
Class kotlin.collections.CollectionsKt___CollectionsJvmKt                             : loaded 2 times (x 71B)
Class com.google.common.collect.Interners                                             : loaded 2 times (x 71B)
Class com.google.common.collect.ImmutableMultisetGwtSerializationDependencies         : loaded 2 times (x 125B)
Class com.google.common.io.Closer$Suppressor                                          : loaded 2 times (x 70B)
Class com.google.common.io.LineProcessor                                              : loaded 2 times (x 70B)
Class org.objectweb.asm.RecordComponentWriter                                         : loaded 2 times (x 78B)
Class [Lcom.android.builder.model.v2.ide.ProjectType;                                 : loaded 2 times (x 69B)
Class com.google.common.util.concurrent.AbstractFuture$Listener                       : loaded 2 times (x 72B)
Class com.google.common.collect.ImmutableEnumSet                                      : loaded 2 times (x 146B)
Class Settings_gradle$1$1                                                             : loaded 2 times (x 74B)
Class com.amazon.ion.system.IonWriterBuilderBase                                      : loaded 2 times (x 83B)
Class io.opentelemetry.api.trace.Tracer                                               : loaded 2 times (x 70B)
Class kotlin.TuplesKt                                                                 : loaded 2 times (x 71B)
Class kotlin.jvm.internal.markers.KMutableIterable                                    : loaded 2 times (x 70B)
Class kotlin.Unit                                                                     : loaded 2 times (x 71B)
Class kotlin.sequences.SequencesKt___SequencesJvmKt                                   : loaded 2 times (x 71B)
Class org.gradle.tooling.internal.adapter.ProtocolToModelAdapter$DefaultViewBuilder   : loaded 2 times (x 80B)
Class [Lcom.android.builder.model.v2.ide.AaptOptions$Namespacing;                     : loaded 2 times (x 69B)
Class [Lorg.objectweb.asm.Label;                                                      : loaded 2 times (x 69B)
Class com.android.ide.common.gradle.Version$Companion$ParseState                      : loaded 2 times (x 70B)
Class org.objectweb.asm.Attribute                                                     : loaded 2 times (x 77B)
Class com.google.common.base.Supplier                                                 : loaded 2 times (x 70B)
Class io.opentelemetry.api.trace.ArrayBasedTraceState                                 : loaded 2 times (x 86B)
Class io.opentelemetry.context.ContextKey                                             : loaded 2 times (x 70B)
Class io.opentelemetry.context.propagation.TextMapSetter                              : loaded 2 times (x 70B)
Class kotlin.ranges.RangesKt                                                          : loaded 2 times (x 71B)
Class org.gradle.tooling.internal.adapter.ProtocolToModelAdapter$ViewGraphDetails$1   : loaded 2 times (x 77B)
Class org.gradle.internal.classloader.VisitableURLClassLoader                         : loaded 2 times (x 117B)
Class com.android.ide.common.repository.AgpVersion$Companion                          : loaded 2 times (x 71B)
Class Settings_gradle                                                                 : loaded 2 times (x 128B)
Class [Lcom.amazon.ion.SymbolTable;                                                   : loaded 2 times (x 69B)
Class com.amazon.ion.impl.bin.IonBinaryWriterAdapter$Factory                          : loaded 2 times (x 70B)
Class com.amazon.ion.impl.BlockedBuffer$BufferedOutputStream                          : loaded 2 times (x 90B)
Class org.jetbrains.plugins.gradle.tooling.serialization.ExternalTestsSerializationService$ReadContext: loaded 2 times (x 72B)
Class kotlin.sequences.FlatteningSequence$iterator$1                                  : loaded 2 times (x 79B)
Class kotlin.jvm.functions.Function0                                                  : loaded 2 times (x 70B)
Class kotlin.collections.ArraysUtilJVM                                                : loaded 2 times (x 71B)
Class com.android.builder.model.v2.models.VariantDependenciesAdjacencyList            : loaded 2 times (x 70B)
Class com.google.common.collect.AbstractMapBasedMultimap$WrappedCollection            : loaded 2 times (x 124B)
Class org.gradle.tooling.model.idea.IdeaDependency                                    : loaded 2 times (x 70B)
Class jdk.internal.jimage.decompressor.ZipDecompressor                                : loaded 2 times (x 75B)
Class com.google.common.collect.MapMakerInternalMap                                   : loaded 2 times (x 161B)
Class com.android.builder.model.v2.ide.AaptOptions                                    : loaded 2 times (x 70B)
Class [Lcom.android.builder.model.v2.ide.BytecodeTransformation;                      : loaded 2 times (x 69B)
Class com.google.common.collect.HashBiMap                                             : loaded 2 times (x 143B)
Class com.android.ide.common.gradle.Version$Companion                                 : loaded 2 times (x 71B)
Class com.google.common.collect.Sets                                                  : loaded 2 times (x 71B)
Class org.objectweb.asm.Handler                                                       : loaded 2 times (x 72B)
Class com.google.common.base.Ticker                                                   : loaded 2 times (x 72B)
Class com.google.common.base.Strings                                                  : loaded 2 times (x 71B)
Class org.gradle.internal.classloader.ClassLoaderHierarchy                            : loaded 2 times (x 70B)
Class com.amazon.ion.impl.bin.AbstractIonWriter$WriteValueOptimization                : loaded 2 times (x 79B)
Class kotlin.collections.AbstractMutableList                                          : loaded 2 times (x 206B)
Class kotlin.jvm.functions.Function1                                                  : loaded 2 times (x 70B)
Class com.android.builder.model.v2.models.ndk.NativeModelBuilderParameter             : loaded 2 times (x 70B)
Class [Lcom.google.common.cache.LocalCache$Segment;                                   : loaded 2 times (x 69B)
Class [Lcom.google.common.cache.LocalCache$Strength;                                  : loaded 2 times (x 69B)
Class com.google.common.cache.CacheBuilder$1                                          : loaded 2 times (x 85B)
Class com.google.common.collect.ImmutableMap                                          : loaded 2 times (x 120B)
Class kotlin.collections.CollectionsKt__ReversedViewsKt                               : loaded 2 times (x 71B)
Class com.amazon.ion.impl.bin.BlockAllocatorProvider                                  : loaded 2 times (x 72B)
Class io.opentelemetry.api.trace.ArrayBasedTraceStateBuilder                          : loaded 2 times (x 77B)
Class org.jetbrains.plugins.gradle.tooling.serialization.internal.IdeaProjectSerializationService$WriteContext: loaded 2 times (x 72B)
Class com.intellij.gradle.toolingExtension.impl.model.sourceSetDependencyModel.GradleSourceSetDependencySerialisationService: loaded 2 times (x 77B)
Class org.jetbrains.plugins.gradle.model.GradleSourceSetModel                         : loaded 2 times (x 70B)
Class kotlin.KotlinNothingValueException                                              : loaded 2 times (x 82B)
Class kotlin.jvm.functions.Function2                                                  : loaded 2 times (x 70B)
Class org.gradle.internal.classpath.DefaultClassPath$ImmutableUniqueList$Builder      : loaded 2 times (x 75B)
Class ijJvmDebugger1_8l4f9d1vbj0ie2sz3gtj4fedp$_run_closure1$_closure2                : loaded 2 times (x 140B)
Class com.google.common.collect.MapMakerInternalMap$WeakValueReference                : loaded 2 times (x 70B)
Class com.google.gson.stream.JsonToken                                                : loaded 2 times (x 79B)
Class kotlin.sequences.SequencesKt__SequenceBuilderKt                                 : loaded 2 times (x 71B)
Class com.google.common.cache.LocalCache                                              : loaded 2 times (x 187B)
Class com.google.common.cache.CacheBuilder$2                                          : loaded 2 times (x 72B)
Class kotlin.io.FilesKt__FileTreeWalkKt                                               : loaded 2 times (x 71B)
Class com.amazon.ion.impl.lite.IonSequenceLite                                        : loaded 2 times (x 433B)
Class com.amazon.ion.impl._Private_Utils$1                                            : loaded 2 times (x 98B)
Class com.amazon.ion.impl.SymbolTableAsStruct                                         : loaded 2 times (x 70B)
Class io.opentelemetry.api.trace.TracerProvider                                       : loaded 2 times (x 70B)
Class com.android.ide.gradle.model.dependencies.Coordinates                           : loaded 2 times (x 70B)
Class kotlin.collections.MapsKt___MapsJvmKt                                           : loaded 2 times (x 71B)
Class org.gradle.tooling.internal.adapter.WeakIdentityHashMap$AbsentValueProvider     : loaded 2 times (x 70B)
Class org.jetbrains.kotlin.config.LanguageVersion                                     : loaded 2 times (x 91B)
Class org.jetbrains.kotlin.cli.common.arguments.K2JVMCompilerArguments                : loaded 2 times (x 81B)
Class [Lcom.google.common.collect.AbstractMapEntry;                                   : loaded 2 times (x 69B)
Class com.google.common.collect.ImmutableEntry                                        : loaded 2 times (x 82B)
Class com.google.common.collect.ArrayListMultimap                                     : loaded 2 times (x 172B)
Class com.amazon.ion.impl.bin.AbstractIonWriter                                       : loaded 2 times (x 160B)
Class io.opentelemetry.api.trace.AutoValue_ArrayBasedTraceState                       : loaded 2 times (x 87B)
Class gnu.trove.TObjectHash                                                           : loaded 2 times (x 94B)
Class org.jetbrains.plugins.gradle.tooling.util.ObjectCollector$Processor             : loaded 2 times (x 70B)
Class kotlin.jvm.functions.Function4                                                  : loaded 2 times (x 70B)
Class kotlin.collections.EmptySet                                                     : loaded 2 times (x 122B)
Class kotlin.annotation.Target                                                        : loaded 2 times (x 70B)
Class kotlin.collections.CollectionsKt___CollectionsKt                                : loaded 2 times (x 71B)
Class kotlin.jvm.internal.CollectionToArray                                           : loaded 2 times (x 71B)
Class org.gradle.internal.exceptions.NonGradleCauseExceptionsHolder                   : loaded 2 times (x 70B)
Class org.gradle.tooling.model.idea.IdeaModuleDependency                              : loaded 2 times (x 70B)
Class org.gradle.tooling.internal.adapter.ViewBuilder                                 : loaded 2 times (x 70B)
Class jdk.internal.jimage.ImageStrings                                                : loaded 2 times (x 70B)
Class com.google.common.base.Suppliers$MemoizingSupplier                              : loaded 2 times (x 79B)
Class com.android.builder.model.v2.ide.AndroidLibraryData                             : loaded 2 times (x 70B)
Class com.android.builder.model.v2.ide.ApiVersion                                     : loaded 2 times (x 70B)
Class com.android.ide.common.gradle.Version                                           : loaded 2 times (x 75B)
Class com.google.common.collect.CollectPreconditions                                  : loaded 2 times (x 71B)
Class com.amazon.ion.system.IonReaderBuilder                                          : loaded 2 times (x 95B)
Class io.opentelemetry.api.trace.TraceState                                           : loaded 2 times (x 70B)
Class org.jetbrains.plugins.gradle.model.AnnotationProcessingConfig                   : loaded 2 times (x 70B)
Class com.amazon.ion.IonReader                                                        : loaded 2 times (x 70B)
Class kotlin.sequences.FilteringSequence$iterator$1                                   : loaded 2 times (x 79B)
Class kotlin.text.StringsKt___StringsJvmKt                                            : loaded 2 times (x 71B)
Class kotlin.reflect.KDeclarationContainer                                            : loaded 2 times (x 70B)
Class kotlin.annotation.Retention                                                     : loaded 2 times (x 70B)
Class [Lcom.google.common.collect.MapMakerInternalMap$Strength;                       : loaded 2 times (x 69B)
Class [Lcom.google.common.io.FileWriteMode;                                           : loaded 2 times (x 69B)
Class com.android.builder.model.v2.models.Versions$Version                            : loaded 2 times (x 70B)
Class com.google.common.collect.SortedMapDifference                                   : loaded 2 times (x 70B)
Class com.amazon.ion.IonClob                                                          : loaded 2 times (x 70B)
Class io.opentelemetry.context.LazyStorage                                            : loaded 2 times (x 71B)
Class org.jetbrains.plugins.gradle.tooling.ModelBuilderService$Parameter              : loaded 2 times (x 70B)
Class kotlin.io.FilesKt                                                               : loaded 2 times (x 71B)
Class kotlin.collections.MapsKt___MapsKt                                              : loaded 2 times (x 71B)
Class kotlin.collections.ArraysKt___ArraysKt                                          : loaded 2 times (x 71B)
Class com.google.common.collect.MapMakerInternalMap$StrongKeyDummyValueSegment        : loaded 2 times (x 142B)
Class com.google.common.io.Files                                                      : loaded 2 times (x 71B)
Class org.jetbrains.kotlin.cli.common.arguments.CommonCompilerArguments               : loaded 2 times (x 80B)
Class com.google.common.cache.LocalCache$WriteThroughEntry                            : loaded 2 times (x 79B)
Class com.google.common.cache.LocalCache$HashIterator                                 : loaded 2 times (x 86B)
Class com.google.common.cache.LocalCache$EntryFactory                                 : loaded 2 times (x 83B)
Class com.amazon.ion.impl.lite.IonLobLite                                             : loaded 2 times (x 185B)
Class com.amazon.ion.impl.lite.IonTextLite                                            : loaded 2 times (x 182B)
Class com.amazon.ion.IonNumber                                                        : loaded 2 times (x 70B)
Class com.intellij.gradle.toolingExtension.impl.model.sourceSetModel.GradleSourceSetSerialisationService$Companion: loaded 2 times (x 71B)
Class kotlin.collections.MapsKt__MapWithDefaultKt                                     : loaded 2 times (x 71B)
Class org.gradle.tooling.internal.adapter.ProtocolToModelAdapter$ReflectionMethodInvoker: loaded 2 times (x 76B)
Class [Lcom.google.common.collect.MapMaker$Dummy;                                     : loaded 2 times (x 69B)
Class [Lcom.android.ide.common.gradle.Separator;                                      : loaded 2 times (x 69B)
Class org.jetbrains.kotlin.tooling.core.HasMutableExtras                              : loaded 2 times (x 70B)
Class com.google.common.cache.LocalCache$AbstractReferenceEntry                       : loaded 2 times (x 107B)
Class com.google.common.base.CharMatcher$Whitespace                                   : loaded 2 times (x 112B)
Class [Lcom.amazon.ion.impl.bin.IonManagedBinaryWriter$UserState;                     : loaded 2 times (x 69B)
Class com.amazon.ion.impl.bin.utf8.Utf8StringEncoder                                  : loaded 2 times (x 80B)
Class com.amazon.ion.IonBool                                                          : loaded 2 times (x 70B)
Class kotlin.text.StringsKt___StringsKt                                               : loaded 2 times (x 71B)
Class com.google.common.collect.NullsLastOrdering                                     : loaded 2 times (x 115B)
Class kotlin.collections.CollectionsKt__MutableCollectionsJVMKt                       : loaded 2 times (x 71B)
Class com.amazon.ion.impl._Private_IonValue                                           : loaded 2 times (x 70B)
Class kotlin.enums.EnumEntriesKt                                                      : loaded 2 times (x 71B)
Class com.google.common.collect.ImmutableMapKeySet                                    : loaded 2 times (x 150B)
Class com.android.builder.model.v2.models.VariantDependencies                         : loaded 2 times (x 70B)
Class com.amazon.ion.impl.bin.IonManagedBinaryWriter$UserState$2                      : loaded 2 times (x 85B)
Class org.objectweb.asm.SymbolTable                                                   : loaded 2 times (x 72B)
Class com.google.common.cache.CacheLoader$InvalidCacheLoadException                   : loaded 2 times (x 82B)
Class [Lcom.google.common.base.AbstractIterator$State;                                : loaded 2 times (x 69B)
Class com.amazon.ion.IonLoader                                                        : loaded 2 times (x 70B)
Class io.opentelemetry.context.propagation.NoopTextMapPropagator                      : loaded 2 times (x 76B)
Class com.intellij.gradle.toolingExtension.model.repositoryModel.ProjectRepositoriesModel: loaded 2 times (x 70B)
Class org.jetbrains.plugins.gradle.model.GradleProperty                               : loaded 2 times (x 70B)
Class gnu.trove.TObjectCanonicalHashingStrategy                                       : loaded 2 times (x 78B)
Class org.gradle.internal.classloader.SystemClassLoaderSpec                           : loaded 2 times (x 71B)
Class com.android.builder.model.v2.ide.TestedTargetVariant                            : loaded 2 times (x 70B)
Class com.google.common.cache.LocalCache$StrongEntry                                  : loaded 2 times (x 108B)
Class com.google.common.util.concurrent.AbstractFuture$TrustedFuture                  : loaded 2 times (x 114B)
Class com.google.common.cache.LoadingCache                                            : loaded 2 times (x 70B)
Class com.amazon.ion.impl._Private_Utils                                              : loaded 2 times (x 71B)
Class kotlin.ranges.IntRange$Companion                                                : loaded 2 times (x 71B)
Class kotlin.text.MatcherMatchResult$groups$1                                         : loaded 2 times (x 151B)
Class kotlin.collections.EmptyMap                                                     : loaded 2 times (x 108B)
Class kotlin.reflect.KAnnotatedElement                                                : loaded 2 times (x 70B)
Class kotlin.jvm.internal.markers.KMutableCollection                                  : loaded 2 times (x 70B)
Class kotlin.coroutines.intrinsics.IntrinsicsKt                                       : loaded 2 times (x 71B)
Class org.gradle.internal.exceptions.MultiCauseException                              : loaded 2 times (x 70B)
Class org.gradle.internal.time.CountdownTimer                                         : loaded 2 times (x 70B)
Class kotlin.jvm.internal.Intrinsics                                                  : loaded 2 times (x 71B)
Class jdk.internal.jrtfs.JrtFileSystem                                                : loaded 2 times (x 102B)
Class com.google.common.base.Suppliers$NonSerializableMemoizingSupplier               : loaded 2 times (x 79B)
Class com.google.common.io.ByteStreams$LimitedInputStream                             : loaded 2 times (x 92B)
Class org.objectweb.asm.MethodWriter                                                  : loaded 2 times (x 106B)
Class [Lcom.google.common.cache.Weigher;                                              : loaded 2 times (x 69B)
Class com.google.common.collect.RegularImmutableMap$BucketOverflowException           : loaded 2 times (x 82B)
Class io.opentelemetry.api.trace.Span                                                 : loaded 2 times (x 70B)
Class com.intellij.gradle.toolingExtension.impl.model.projectModel.GradleExternalProjectSerializationService$ReadContext: loaded 2 times (x 73B)
Class com.intellij.gradle.toolingExtension.impl.model.dependencyModel.DependencyWriteContext: loaded 2 times (x 72B)
Class kotlin.collections.MapsKt                                                       : loaded 2 times (x 71B)
Class kotlin.coroutines.intrinsics.CoroutineSingletons                                : loaded 2 times (x 79B)
Class kotlin.collections.CollectionsKt__IterablesKt                                   : loaded 2 times (x 71B)
Class org.gradle.tooling.model.ProjectModel                                           : loaded 2 times (x 70B)
Class jdk.internal.jimage.decompressor.CompressedResourceHeader                       : loaded 2 times (x 71B)
Class com.google.common.collect.AbstractMapBasedMultimap$RandomAccessWrappedList      : loaded 2 times (x 205B)
Class com.google.common.collect.ImmutableMultimap$1                                   : loaded 2 times (x 82B)
Class com.android.ide.common.gradle.Version$Companion$ParseState$EMPTY                : loaded 2 times (x 74B)
Class org.jetbrains.plugins.gradle.model.GradleConfiguration                          : loaded 2 times (x 70B)
Class com.amazon.ion.impl.bin.utf8.Utf8StringEncoderPool                              : loaded 2 times (x 74B)
Class com.amazon.ion.impl._Private_IonSystem                                          : loaded 2 times (x 70B)
Class com.amazon.ion.BufferConfiguration$OversizedValueHandler                        : loaded 2 times (x 70B)
Class kotlin.ranges.OpenEndRange                                                      : loaded 2 times (x 70B)
Class kotlin.sequences.SequenceBuilderIterator                                        : loaded 2 times (x 85B)
Class kotlin.KotlinNullPointerException                                               : loaded 2 times (x 83B)
Class com.android.ide.common.repository.AgpVersion$Companion$WhenMappings             : loaded 2 times (x 71B)
Class [Lorg.jetbrains.kotlin.config.ExplicitApiMode;                                  : loaded 2 times (x 69B)
Class com.google.common.collect.ImmutableMultimap$2                                   : loaded 2 times (x 81B)
Class com.google.common.collect.RegularImmutableBiMap                                 : loaded 2 times (x 148B)
Class com.google.common.cache.LocalCache$ValueReference                               : loaded 2 times (x 70B)
Class com.google.common.io.FileWriteMode                                              : loaded 2 times (x 79B)
Class [Lcom.google.common.collect.MapMakerInternalMap$Segment;                        : loaded 2 times (x 69B)
Class com.amazon.ion.IonDecimal                                                       : loaded 2 times (x 70B)
Class io.opentelemetry.api.OpenTelemetry                                              : loaded 2 times (x 70B)
Class org.jetbrains.plugins.gradle.model.tests.ExternalTestsModel                     : loaded 2 times (x 70B)
Class kotlin.ranges.RangesKt___RangesKt                                               : loaded 2 times (x 71B)
Class org.gradle.tooling.model.idea.IdeaLanguageLevel                                 : loaded 2 times (x 70B)
Class org.gradle.tooling.internal.adapter.ProtocolToModelAdapter$SafeMethodInvoker    : loaded 2 times (x 76B)
Class org.gradle.tooling.internal.adapter.WeakIdentityHashMap$WeakKey                 : loaded 2 times (x 79B)
Class org.gradle.internal.exceptions.DefaultMultiCauseException                       : loaded 2 times (x 95B)
Class com.google.common.hash.PrimitiveSink                                            : loaded 2 times (x 70B)
Class com.android.builder.model.v2.ide.ProjectInfo                                    : loaded 2 times (x 70B)
Class org.jetbrains.kotlin.cli.common.arguments.CommonToolArguments                   : loaded 2 times (x 73B)
Class com.google.common.util.concurrent.AbstractFuture$Failure                        : loaded 2 times (x 72B)
Class com.google.common.base.Equivalence$Equals                                       : loaded 2 times (x 82B)
Class com.google.common.collect.Hashing                                               : loaded 2 times (x 71B)
Class com.google.common.base.PatternCompiler                                          : loaded 2 times (x 70B)
Class jdk.internal.jimage.BasicImageReader                                            : loaded 2 times (x 95B)
Class com.amazon.ion.impl.bin.IonRawBinaryWriter$StreamCloseMode                      : loaded 2 times (x 79B)
Class com.amazon.ion.impl._Private_IonBinaryWriterBuilder$Mutable                     : loaded 2 times (x 115B)
Class io.opentelemetry.api.trace.PropagatedSpan                                       : loaded 2 times (x 112B)
Class com.intellij.gradle.toolingExtension.impl.model.projectModel.GradleExternalProjectSerializationService: loaded 2 times (x 77B)
Class kotlin.text.CharsKt__CharKt                                                     : loaded 2 times (x 71B)
Class kotlin.collections.ArrayDeque$Companion                                         : loaded 2 times (x 71B)
Class kotlin.collections.ArraysKt                                                     : loaded 2 times (x 71B)
Class org.gradle.tooling.model.HierarchicalElement                                    : loaded 2 times (x 70B)
Class com.google.common.collect.ImmutableSetMultimap                                  : loaded 2 times (x 180B)
Class com.google.common.io.CharSink                                                   : loaded 2 times (x 79B)
Class com.android.builder.model.v2.dsl.DependenciesInfo                               : loaded 2 times (x 70B)
Class org.gradle.internal.classloader.FilteringClassLoader                            : loaded 2 times (x 105B)
Class org.objectweb.asm.Label                                                         : loaded 2 times (x 73B)
Class org.objectweb.asm.CurrentFrame                                                  : loaded 2 times (x 73B)
Class org.objectweb.asm.ClassTooLargeException                                        : loaded 2 times (x 83B)
Class com.google.gson.stream.JsonReader                                               : loaded 2 times (x 97B)
Class kotlin.NotImplementedError                                                      : loaded 2 times (x 82B)
Class kotlin.sequences.FlatteningSequence                                             : loaded 2 times (x 75B)
Class com.amazon.ion.impl.bin.IonRawBinaryWriter$PatchPoint                           : loaded 2 times (x 72B)
Class com.amazon.ion.IonBlob                                                          : loaded 2 times (x 70B)
Class com.amazon.ion.IonLob                                                           : loaded 2 times (x 70B)
Class com.amazon.ion.IonSequence                                                      : loaded 2 times (x 70B)
Class io.opentelemetry.api.trace.TraceFlags                                           : loaded 2 times (x 70B)
Class org.jetbrains.plugins.gradle.tooling.serialization.ExternalTestsSerializationService: loaded 2 times (x 77B)
Class com.google.common.collect.ByFunctionOrdering                                    : loaded 2 times (x 115B)
Class kotlin.collections.SetsKt__SetsKt                                               : loaded 2 times (x 71B)
Class kotlin.coroutines.EmptyCoroutineContext                                         : loaded 2 times (x 77B)
Class org.gradle.internal.time.Time                                                   : loaded 2 times (x 71B)
Class com.google.common.collect.MapMakerInternalMap$InternalEntryHelper               : loaded 2 times (x 70B)
Class com.google.common.collect.Table                                                 : loaded 2 times (x 70B)
Class com.android.ide.common.repository.AgpVersion$PreviewKind                        : loaded 2 times (x 79B)
Class com.android.builder.model.v2.models.ProjectGraph                                : loaded 2 times (x 70B)
Class com.google.common.collect.Maps$IteratorBasedAbstractMap                         : loaded 2 times (x 125B)
Class com.android.ide.common.gradle.Version$Companion$ParseState$NUMERIC              : loaded 2 times (x 74B)
Class com.google.common.collect.RangeGwtSerializationDependencies                     : loaded 2 times (x 71B)
Class kotlin.text.MatcherMatchResult                                                  : loaded 2 times (x 80B)
Class org.objectweb.asm.Frame                                                         : loaded 2 times (x 73B)
Class org.objectweb.asm.MethodVisitor                                                 : loaded 2 times (x 105B)
Class com.google.common.cache.LocalCache$EntryFactory$1                               : loaded 2 times (x 83B)
Class [Lcom.google.common.cache.RemovalListener;                                      : loaded 2 times (x 69B)
Class kotlin.text.MatchGroupCollection                                                : loaded 2 times (x 70B)
Class kotlin.text.StringsKt__StringsKt                                                : loaded 2 times (x 71B)
Class com.amazon.ion.system.IonTextWriterBuilder                                      : loaded 2 times (x 98B)
Class com.amazon.ion.impl.bin.IonManagedBinaryWriter$ImportedSymbolResolverMode$1$1$1 : loaded 2 times (x 76B)
Class com.amazon.ion.impl._Private_LocalSymbolTableFactory                            : loaded 2 times (x 70B)
Class org.jetbrains.plugins.gradle.tooling.serialization.AnnotationProcessingModelSerializationService: loaded 2 times (x 77B)
Class kotlin.collections.ArraysKt__ArraysJVMKt                                        : loaded 2 times (x 71B)
Class ijJvmDebugger1_8l4f9d1vbj0ie2sz3gtj4fedp$_run_closure1                          : loaded 2 times (x 139B)
Class com.android.ide.gradle.model.dependencies.DeclaredDependencies                  : loaded 2 times (x 70B)
Class com.google.common.cache.LocalCache$EntryFactory$2                               : loaded 2 times (x 83B)
Class com.amazon.ion.impl.lite.IonNullLite                                            : loaded 2 times (x 176B)
Class org.jetbrains.plugins.gradle.model.DependencyAccessorsModel                     : loaded 2 times (x 70B)
Class [Lcom.intellij.openapi.externalSystem.model.project.dependencies.ResolutionState;: loaded 2 times (x 69B)
Class gnu.trove.TObjectIntHashMap                                                     : loaded 2 times (x 109B)
Class kotlin.text.StringsKt__StringBuilderKt                                          : loaded 2 times (x 71B)
Class kotlin.jvm.internal.CallableReference$NoReceiver                                : loaded 2 times (x 71B)
Class org.gradle.api.internal.classpath.GlobalCacheRootsProvider                      : loaded 2 times (x 70B)
Class com.google.common.collect.CollectCollectors                                     : loaded 2 times (x 71B)
Class org.objectweb.asm.ModuleWriter                                                  : loaded 2 times (x 82B)
Class com.google.common.cache.LocalCache$EntryFactory$3                               : loaded 2 times (x 83B)
Class com.google.common.base.Ticker$1                                                 : loaded 2 times (x 72B)
Class com.google.common.collect.ImmutableMapEntrySet$RegularEntrySet                  : loaded 2 times (x 151B)
Class com.google.common.collect.Maps$BiMapConverter                                   : loaded 2 times (x 90B)
Class com.amazon.ion.impl.lite.IonClobLite                                            : loaded 2 times (x 221B)
Class com.amazon.ion.impl._Private_ValueFactory                                       : loaded 2 times (x 70B)
Class com.amazon.ion.impl.bin.IonRawBinaryWriter$PreallocationMode$1                  : loaded 2 times (x 82B)
Class [Lcom.amazon.ion.impl.bin._Private_IonManagedBinaryWriterBuilder$AllocatorMode; : loaded 2 times (x 69B)
Class org.jetbrains.kotlin.idea.gradleTooling.KotlinMPPGradleModel                    : loaded 2 times (x 70B)
Class io.opentelemetry.context.propagation.ContextPropagators                         : loaded 2 times (x 70B)
Class com.intellij.gradle.toolingExtension.impl.model.dependencyDownloadPolicyModel.GradleDependencyDownloadPolicy: loaded 2 times (x 70B)
Class org.gradle.tooling.model.BuildIdentifier                                        : loaded 2 times (x 70B)
Class kotlin.NoWhenBranchMatchedException                                             : loaded 2 times (x 82B)
Class com.google.common.collect.SetMultimap                                           : loaded 2 times (x 70B)
Class com.android.builder.model.v2.ide.VectorDrawablesOptions                         : loaded 2 times (x 70B)
Class com.google.common.cache.LocalCache$EntryFactory$4                               : loaded 2 times (x 83B)
Class com.google.common.collect.ImmutableSet$Builder                                  : loaded 2 times (x 85B)
Class org.jetbrains.plugins.gradle.tooling.serialization.internal.IdeaProjectSerializationService$ReadContext: loaded 2 times (x 72B)
Class com.amazon.ion.IonInt                                                           : loaded 2 times (x 70B)
Class com.amazon.ion.impl.bin.IonRawBinaryWriter$PreallocationMode$2                  : loaded 2 times (x 82B)
Class org.jetbrains.kotlin.idea.gradleTooling.PrepareKotlinIdeImportTaskModel         : loaded 2 times (x 70B)
Class ijJvmDebugger1_8l4f9d1vbj0ie2sz3gtj4fedp                                        : loaded 2 times (x 179B)
Class com.android.builder.model.v2.ide.Edge                                           : loaded 2 times (x 70B)
Class com.google.common.io.ByteStreams$1                                              : loaded 2 times (x 85B)
Class com.android.builder.model.v2.models.VariantDependenciesFlatList                 : loaded 2 times (x 70B)
Class com.google.common.cache.LocalCache$EntryFactory$5                               : loaded 2 times (x 83B)
Class com.amazon.ion.impl.bin.IonRawBinaryWriter$PreallocationMode$3                  : loaded 2 times (x 82B)
Class com.android.ide.gradle.model.GradlePluginModel                                  : loaded 2 times (x 70B)
Class com.google.common.collect.ReverseOrdering                                       : loaded 2 times (x 115B)
Class org.gradle.tooling.model.build.JavaEnvironment                                  : loaded 2 times (x 70B)
Class com.amazon.ion.impl.bin.IonManagedBinaryWriter$UserState$1                      : loaded 2 times (x 85B)
Class org.jetbrains.kotlin.config.JVMAssertionsMode$Companion                         : loaded 2 times (x 71B)
Class com.android.builder.model.v2.ide.SourceSetContainer                             : loaded 2 times (x 70B)
Class com.google.common.cache.LocalCache$EntryFactory$6                               : loaded 2 times (x 83B)
Class org.jetbrains.plugins.gradle.model.GradleExtension                              : loaded 2 times (x 70B)
Class com.amazon.ion.impl.lite.IonDecimalLite                                         : loaded 2 times (x 189B)
Class com.amazon.ion.IonBufferConfiguration$Builder                                   : loaded 2 times (x 78B)
Class org.gradle.internal.time.Timer                                                  : loaded 2 times (x 70B)
Class kotlin.jvm.internal.markers.KMappedMarker                                       : loaded 2 times (x 70B)
Class org.gradle.internal.installation.CurrentGradleInstallationLocator               : loaded 2 times (x 71B)
Class com.google.common.collect.Maps$KeySet                                           : loaded 2 times (x 137B)
Class com.google.common.collect.ImmutableMultimap$Builder                             : loaded 2 times (x 83B)
Class com.android.builder.model.v2.ide.LintOptions                                    : loaded 2 times (x 70B)
Class org.objectweb.asm.ClassReader                                                   : loaded 2 times (x 93B)
Class com.google.common.cache.LocalCache$EntryFactory$7                               : loaded 2 times (x 83B)
Class com.google.common.collect.ImmutableSet$EmptySetBuilderImpl                      : loaded 2 times (x 76B)
Class com.google.common.collect.RegularImmutableMap$KeySet                            : loaded 2 times (x 150B)
Class [Lcom.amazon.ion.impl.bin.IonRawBinaryWriter$ContainerType;                     : loaded 2 times (x 69B)
Class org.gradle.tooling.internal.adapter.ProtocolToModelAdapter$ViewGraphDetails     : loaded 2 times (x 72B)
Class org.gradle.tooling.model.idea.IdeaProject                                       : loaded 2 times (x 70B)
Class org.gradle.tooling.model.DomainObjectSet                                        : loaded 2 times (x 70B)
Class org.gradle.internal.service.DefaultServiceLocator                               : loaded 2 times (x 83B)
Class jdk.internal.jrtfs.JrtDirectoryStream                                           : loaded 2 times (x 89B)
Class com.google.common.collect.Maps$EntrySet                                         : loaded 2 times (x 136B)
Class com.google.common.collect.ImmutableMultimap$EntryCollection                     : loaded 2 times (x 127B)
Class com.android.builder.model.v2.ide.BasicArtifact                                  : loaded 2 times (x 70B)
Class org.jetbrains.kotlin.util.capitalizeDecapitalize.CapitalizeDecapitalizeKt       : loaded 2 times (x 71B)
Class com.google.common.cache.LocalCache$EntryFactory$8                               : loaded 2 times (x 83B)
Class com.google.common.base.Equivalence$Identity                                     : loaded 2 times (x 82B)
Class com.amazon.ion.impl.bin.utf8.Utf8StringEncoder$Result                           : loaded 2 times (x 74B)
Class com.amazon.ion.impl.bin.utf8.Pool$Allocator                                     : loaded 2 times (x 70B)
Class com.amazon.ion.IonText                                                          : loaded 2 times (x 70B)
Class com.amazon.ion.impl.SymbolTokenImpl                                             : loaded 2 times (x 81B)
Class com.amazon.ion.SubstituteSymbolTableException                                   : loaded 2 times (x 84B)
Class io.opentelemetry.api.trace.SpanContextKey                                       : loaded 2 times (x 71B)
Class com.google.common.collect.ComparisonChain$InactiveComparisonChain               : loaded 2 times (x 80B)
Class kotlin.coroutines.jvm.internal.SuspendFunction                                  : loaded 2 times (x 70B)
Class org.gradle.util.GradleVersion                                                   : loaded 2 times (x 81B)
Class org.gradle.internal.installation.CurrentGradleInstallation                      : loaded 2 times (x 73B)
Class com.google.common.cache.CacheLoader$1                                           : loaded 2 times (x 75B)
Class com.google.common.base.PairwiseEquivalence                                      : loaded 2 times (x 83B)
Class com.android.builder.model.v2.ide.ViewBindingOptions                             : loaded 2 times (x 70B)
Class com.amazon.ion.impl.bin.IonManagedBinaryWriter$ImportDescriptor                 : loaded 2 times (x 76B)
Class com.amazon.ion.SymbolTable                                                      : loaded 2 times (x 70B)
Class org.jetbrains.plugins.gradle.javaModel.JavaGradleManifestModel                  : loaded 2 times (x 70B)
Class org.jetbrains.plugins.gradle.tooling.serialization.GradleExtensionsSerializationService$WriteContext: loaded 2 times (x 72B)
Class com.intellij.gradle.toolingExtension.impl.model.taskModel.GradleTaskSerialisationService$Companion: loaded 2 times (x 71B)
Class kotlin.jvm.internal.Ref$BooleanRef                                              : loaded 2 times (x 71B)
Class kotlin.jvm.internal.StringCompanionObject                                       : loaded 2 times (x 71B)
Class kotlin.coroutines.intrinsics.IntrinsicsKt__IntrinsicsJvmKt                      : loaded 2 times (x 71B)
Class kotlin.coroutines.jvm.internal.CoroutineStackFrame                              : loaded 2 times (x 70B)
Class org.gradle.tooling.internal.adapter.ProtocolToModelAdapter$MethodInvocationCache$MethodInvocationKey: loaded 2 times (x 73B)
Class org.gradle.util.internal.GUtil                                                  : loaded 2 times (x 71B)
Class com.google.common.io.ByteSource                                                 : loaded 2 times (x 84B)
Class com.android.utils.StringHelper                                                  : loaded 2 times (x 71B)
Class com.google.common.cache.AbstractCache$StatsCounter                              : loaded 2 times (x 70B)
Class [Lcom.amazon.ion.impl.bin.IonManagedBinaryWriter$SymbolState;                   : loaded 2 times (x 69B)
Class com.amazon.ion.impl._Private_IonWriterBase                                      : loaded 2 times (x 162B)
Class com.amazon.ion.system.IonSystemBuilder                                          : loaded 2 times (x 75B)
Class com.amazon.ion.IonCatalog                                                       : loaded 2 times (x 70B)
Class io.opentelemetry.api.trace.TraceId                                              : loaded 2 times (x 71B)
Class com.intellij.gradle.toolingExtension.impl.model.utilTurnOffDefaultTasksModel.TurnOffDefaultTasks: loaded 2 times (x 70B)
Class com.intellij.gradle.toolingExtension.impl.model.sourceSetModel.GradleSourceSetSerialisationService$SourceSetModelReadContext: loaded 2 times (x 72B)
Class kotlin.io.NoSuchFileException                                                   : loaded 2 times (x 82B)
Class kotlin.collections.CollectionsKt                                                : loaded 2 times (x 71B)
Class com.google.common.io.LineBuffer                                                 : loaded 2 times (x 75B)
Class com.google.common.collect.MapMakerInternalMap$1                                 : loaded 2 times (x 83B)
Class com.android.builder.model.v2.dsl.BuildType                                      : loaded 2 times (x 70B)
Class org.objectweb.asm.Context                                                       : loaded 2 times (x 72B)
Class com.google.common.collect.Lists$ReverseList                                     : loaded 2 times (x 200B)
Class com.google.common.io.LineReader                                                 : loaded 2 times (x 72B)
Class io.opentelemetry.api.internal.ImmutableSpanContext                              : loaded 2 times (x 91B)
Class com.intellij.gradle.toolingExtension.impl.model.sourceSetModel.GradleSourceSetSerialisationService$SourceSetModelWriteContext: loaded 2 times (x 72B)
Class kotlin.ranges.IntProgressionIterator                                            : loaded 2 times (x 82B)
Class kotlin.coroutines.CoroutineContext                                              : loaded 2 times (x 70B)
Class kotlin.coroutines.jvm.internal.DebugProbesKt                                    : loaded 2 times (x 71B)
Class org.gradle.tooling.internal.adapter.WeakIdentityHashMap                         : loaded 2 times (x 76B)
Class org.gradle.tooling.GradleConnectionException                                    : loaded 2 times (x 83B)
Class org.gradle.tooling.internal.adapter.ProtocolToModelAdapter$1                    : loaded 2 times (x 75B)
Class org.gradle.tooling.internal.adapter.ProtocolToModelAdapter$ViewDecoration       : loaded 2 times (x 70B)
Class org.gradle.internal.installation.GradleInstallation                             : loaded 2 times (x 75B)
Class jdk.internal.jimage.decompressor.ResourceDecompressor$StringsProvider           : loaded 2 times (x 70B)
Class org.jetbrains.kotlin.config.LanguageFeature$State                               : loaded 2 times (x 82B)
Class com.google.common.collect.Iterables                                             : loaded 2 times (x 71B)
Class com.google.common.base.Splitter$Strategy                                        : loaded 2 times (x 70B)
Class com.amazon.ion.impl.lite.ContainerlessContext                                   : loaded 2 times (x 80B)
Class io.opentelemetry.api.trace.DefaultTracer                                        : loaded 2 times (x 74B)
Class org.jetbrains.plugins.gradle.tooling.serialization.GradleExtensionsSerializationService$ReadContext: loaded 2 times (x 72B)
Class com.google.common.collect.ForwardingCollection                                  : loaded 2 times (x 130B)
Class com.google.common.collect.LexicographicalOrdering                               : loaded 2 times (x 115B)
Class org.gradle.tooling.internal.adapter.MethodInvoker                               : loaded 2 times (x 70B)
Class com.android.ide.common.gradle.Part                                              : loaded 2 times (x 77B)
Class com.google.common.collect.Lists$RandomAccessReverseList                         : loaded 2 times (x 200B)
Class gnu.trove.PrimeFinder                                                           : loaded 2 times (x 71B)
Class com.amazon.ion.UnexpectedEofException                                           : loaded 2 times (x 84B)
Class com.amazon.ion.IonSexp                                                          : loaded 2 times (x 70B)
Class com.amazon.ion.ReadOnlyValueException                                           : loaded 2 times (x 84B)
Class com.amazon.ion.impl._Private_LocalSymbolTable                                   : loaded 2 times (x 70B)
Class com.amazon.ion.BufferConfiguration$DataHandler                                  : loaded 2 times (x 70B)
Class com.amazon.ion.impl._Private_IonBinaryWriterBuilder                             : loaded 2 times (x 115B)
Class org.jetbrains.plugins.gradle.tooling.serialization.RepositoriesModelSerializationService$WriteContext: loaded 2 times (x 72B)
Class com.android.ide.gradle.model.LegacyAndroidGradlePluginProperties                : loaded 2 times (x 70B)
Class kotlin.ranges.IntProgression                                                    : loaded 2 times (x 81B)
Class kotlin.jvm.KotlinReflectionNotSupportedError                                    : loaded 2 times (x 82B)
Class org.gradle.tooling.model.gradle.GradleScript                                    : loaded 2 times (x 70B)

---------------  S Y S T E M  ---------------

OS:
 Windows 11 , 64 bit Build 26100 (10.0.26100.9444)
OS uptime: 0 days 2:54 hours
Hyper-V role detected

CPU: total 12 (initial active 12) (12 cores per cpu, 2 threads per core) family 23 model 96 stepping 1 microcode 0x8600103, cx8, cmov, fxsr, ht, mmx, 3dnowpref, sse, sse2, sse3, ssse3, sse4a, sse4.1, sse4.2, popcnt, lzcnt, tsc, tscinvbit, avx, avx2, aes, clmul, bmi1, bmi2, adx, sha, fma, vzeroupper, clflush, clflushopt, hv, rdtscp, rdpid, f16c
Processor Information for the first 12 processors :
  Max Mhz: 3701, Current Mhz: 3701, Mhz Limit: 3701

Memory: 4k page, system-wide physical 15741M (1373M free)
TotalPageFile size 15741M (AvailPageFile size 232M)
current process WorkingSet (physical memory assigned to process): 1147M, peak: 1147M
current process commit charge ("private bytes"): 1191M, peak: 1312M

vm_info: OpenJDK 64-Bit Server VM (21.0.11+1-b1163.116) for windows-amd64 JRE (21.0.11+1-b1163.116), built on 2026-04-30 by "builduser" with MS VC++ 17.14 (VS2022)

END.
